symbol,name,market,current_price,sar,confidence_factors,rsi,macd,volume_ratio,long_signal_price,long_signal_confidence,entry_opportunity,entry_advice,confidence_score,confidence_level,long_days,status,distance_to_signal,latest_signal_date,latest_signal_price,signal_conditions,current_date,price_change_since_signal,trend_reversal_confirmation,reversal_strength,reversal_reliability,short_term_momentum_turn,price_structure_reversal,composite_score
CLF,Cleveland-Cliffs Inc.,US,13.359999656677246,13.615462310118748,"['RSI從超賣區反轉', 'MACD為正', 'OBV突破均線且斜率為正', '成交量放大', '價格在20日均線之上', '價格在5日均線之上', 'ADX趨勢不明', '成交量配合良好', '動量加速', '相對強度為正', '上漲動能強勁', '支撐位良好', '趨勢反轉確認', '反轉可信度高', '價格結構完美反轉', '高波動風險', '絕佳進場時機', '上升底部結構', '放量上漲', '測試關鍵支撐位', '錘子線形態', '接近關鍵支撐位', '上升底部結構', '明顯放量', '價漲量增完美配合', '成交量多頭排列', '多時間框架強烈看多，建議積極進場', '月線趨勢良好，適合中長期持有', '週線支持上漲，中期看好', '多時間框架較為一致', '單一多頭訊號', '成交量確認', 'RSI+MACD同步', '接近抄底價位']",45.497631295687924,0.06813932591732907,1.6840121903413043,13.03233331044515,55,強烈推薦進場,強烈推薦進場,87.0,極高,1.0,,2.5142569517423117,2026-01-12,12.90999984741211,"['動量加速', '相對強度為正', '上漲動能延續', '趨勢反轉確認', '反轉可信度高', '價格結構反轉']",2026-01-13,3.485668587016614,70.0,40.0,75.0,50.0,85.0,95.99354900143383
IBM,International Business Machines Corporation,US,303.1600036621094,289.4665997314453,"['MACD為正', 'MACD柱狀圖為正', 'SAR翻多且趨勢向上', 'OBV突破均線', '價格在20日均線之上', 'ADX趨勢不明', '成交量配合良好', '動量加速', '所有指標斜率向上', '上漲動能良好', '波動率低', '支撐位可靠', '趨勢反轉初步確認', '反轉可信度極高', '價格結構反轉', '良好進場時機', '上升底部結構', '測試關鍵支撐位', 'MACD強勢多頭', '均線黃金交叉', '強勢長紅K', '強勢長紅K', '接近關鍵支撐位', '上升底部結構', '成交量短期放大', '多時間框架強烈看多，建議積極進場', '月線趨勢良好，適合中長期持有', '週線支持上漲，中期看好', '日線短期強勢，進場時機良好', '多時間框架高度一致', '多重多頭訊號確認', '接近抄底價位']",50.31693981071447,0.15175964746890713,1.1806390598270446,292.8875370674442,70,強烈推薦進場,強烈推薦進場,81.0,極高,0.0,,3.5073075138392404,2026-01-13,303.1600036621094,"['SAR翻多', '動量加速', '指標斜率向上', '上漲動能延續', '反轉可信度高', '價格結構反轉']",2026-01-13,0.0,60.0,35.0,90.0,45.0,55.0,95.14780774584823
TLT,iShares 20+ Year Treasury Bond ETF,US,87.81999969482422,86.9811876642704,"['MACD柱狀圖為正', 'SAR翻多且趨勢向上', 'OBV突破均線且斜率為正', '價格在20日均線之上', '價格在5日均線之上', 'ADX趨勢不明', '成交量配合不佳', '動量加速', '所有指標斜率向上', '相對強度為正', '上漲動能強勁', '波動率低', '支撐位可靠', '趨勢反轉初步確認', '反轉可信度高', '短期動能未轉折', '價格結構完美反轉', '低波動風險', '良好進場時機', '接近近期低點', '測試關鍵支撐位', '錘子線形態', 'RSI健康上升', 'MACD強勢多頭', '短期多頭排列', '錘子線形態', '錘子線形態', '強勢長紅K', '錘子線形態', '接近關鍵支撐位', '上升底部結構', '接近突破阻力', '多時間框架看多，建議進場', '月線趨勢良好，適合中長期持有', '日線短期強勢，進場時機良好', '多時間框架較為一致', '多重多頭訊號確認', '接近抄底價位']",54.713093289433154,-0.16150834491482158,0.9009875776314799,87.70648905436198,100,強烈推薦進場,強烈推薦進場,78.0,高,1.0,,0.12942102880424486,2026-01-12,87.66999816894531,"['動量加速', '相對強度為正', '上漲動能延續', '反轉可信度高', '價格結構反轉']",2026-01-13,0.17109790009330714,50.0,30.0,80.0,20.0,85.0,94.90899977831523
XLU,State Street Utilities Select Sector SPDR ETF,US,42.849998474121094,43.056852834289664,"['MACD柱狀圖為正', 'OBV突破均線且斜率為正', '成交量適中', '價格在20日均線之上', '價格在5日均線之上', '短期和中期動量均為負', 'ADX趨勢不明', '均線排列不佳', '成交量配合不佳', '所有指標斜率向上', '上漲動能極強', '波動率低', '支撐位可靠', '趨勢反轉初步確認', '反轉可信度高', '短期動能轉折', '價格結構完美反轉', '低波動風險', '適當進場時機', '放量上漲', '測試關鍵支撐位', 'RSI健康上升', 'MACD強勢多頭', '十字星形態', '接近關鍵支撐位', '上升底部結構', '接近突破阻力', '溫和放量', '價漲量增良好配合', '成交量多頭排列', '多時間框架中性偏多，謹慎進場', '月線趨勢良好，適合中長期持有', '日線短期強勢，進場時機良好', '多重多頭訊號確認', '成交量確認', '接近抄底價位']",54.72632897458769,-0.2235528157838047,1.2236362148304893,42.7622371673584,100,強烈推薦進場,強烈推薦進場,76.5,高,1.0,,0.2052308592256827,2026-01-12,42.58000183105469,"['指標斜率向上', '上漲動能延續', '反轉可信度高', '短期動能轉折', '價格結構反轉']",2026-01-13,0.634092605579671,50.0,30.0,75.0,75.0,85.0,94.58625682918881
PG,The Procter & Gamble Company,US,144.24000549316406,145.06745295243658,"['MACD柱狀圖為正', 'OBV突破均線且斜率為正', '成交量放大', '價格在20日均線之上', '價格在5日均線之上', 'ADX趨勢不明', '成交量配合良好', '動量強勁加速', '所有指標斜率向上', '上漲動能極強', '波動率低', '支撐位可靠', '趨勢反轉初步確認', '反轉可信度高', '短期動能強勁轉折', '良好進場時機', '放量上漲', '測試關鍵支撐位', '錘子線形態', 'RSI健康上升', 'MACD強勢多頭', '強勢長紅K', '錘子線形態', '錘子線形態', '接近關鍵支撐位', '上升底部結構', '接近突破阻力', '明顯放量', '價漲量增良好配合', '成交量多頭排列', '多時間框架偏空，建議觀望', '月線趨勢不佳，避免長期持有', '日線短期強勢，進場時機良好', '多重多頭訊號確認', '成交量確認', '接近抄底價位']",55.183947171005286,-0.8320068956988962,1.502343062635797,143.94000244140625,85,建議進場,建議進場,88.5,極高,1.0,,0.20842229169749732,2026-01-12,143.4600067138672,"['MACD柱狀圖轉正+RSI未超買', 'OBV突破均線', '動量加速', '指標斜率向上', '上漲動能延續', '反轉可信度高', '短期動能轉折']",2026-01-13,0.5437046861796072,60.0,55.0,75.0,100.0,45.0,92.98529939944727
PFE,Pfizer Inc.,US,25.149999618530273,26.010000228881836,"['RSI從超賣區反轉', 'MACD為正', 'MACD柱狀圖為正', 'ADX趨勢不明', '波動率低', '支撐位可靠', '趨勢反轉初步確認', '反轉強度不足', '反轉可信度高', '短期動能未轉折', '價格結構反轉', '低波動風險', '良好進場時機', '接近近期低點', '動量加速向上', '測試關鍵支撐位', 'MACD強勢多頭', '均線黃金交叉', '布林通道理想位置', '接近關鍵支撐位', '成交量短期放大', '多時間框架強烈看多，建議積極進場', '月線趨勢良好，適合中長期持有', '週線支持上漲，中期看好', '日線短期強勢，進場時機良好', '多時間框架高度一致', '單一多頭訊號', 'RSI+MACD同步', '接近抄底價位']",48.46940215355122,0.00468590890518783,1.0041453151908948,24.55961221643377,70,建議進場,建議進場,63.0,高,4.0,,2.4038954560587595,2026-01-09,25.479999542236328,"['MACD柱狀圖轉正+RSI未超買', 'OBV突破均線', '指標斜率向上', '反轉可信度高', '價格結構反轉']",2026-01-13,-1.2951331618316475,45.0,25.0,75.0,25.0,55.0,85.27013571100846
PEP,"PepsiCo, Inc.",US,143.47999572753906,136.14749450683593,"['RSI從超賣區反轉', 'SAR翻多且趨勢向上', 'OBV突破均線且斜率為正', '價格在5日均線之上', 'ADX趨勢不明', '均線排列不佳', '成交量配合不佳', '動量強勁加速', '所有指標斜率向上', '相對強度為負', '上漲動能極強', '反轉可信度高', '價格結構完美反轉', '絕佳進場時機', '上升底部結構', 'RSI超賣反彈', '測試關鍵支撐位', 'RSI健康上升', '價格低於關鍵均線', '布林通道理想位置', '強勢長紅K', '強勢長紅K', '接近關鍵支撐位', '上升底部結構', '接近突破阻力', '價漲量縮警告', '多時間框架偏空，建議觀望', '週線壓力較大，中期謹慎', '多時間框架較為一致', '多重多頭訊號確認']",39.875212263783524,-1.667894883371332,1.1339402212474397,136.00999450683594,85,不建議進場,不建議進場,69.0,高,1.0,,5.492244336740767,2026-01-12,141.36000061035156,"['OBV突破均線', '動量轉正', '動量加速', '指標斜率向上', '上漲動能延續', '反轉可信度高', '價格結構反轉']",2026-01-13,1.499713573878024,40.0,45.0,75.0,50.0,85.0,75.50015278593429
XYZ,"Block, Inc.",US,67.26000213623047,65.44769067862173,"['MACD為正', 'MACD柱狀圖為正', 'SAR翻多且趨勢向上', '成交量適中', '價格在20日均線之上', 'ADX趨勢不明', '均線多頭排列', '價格通道向上', '成交量配合不佳', '動量減速', '指標斜率向下', '相對強度強勁', '支撐位良好', '趨勢反轉初步確認', '反轉可信度高', '短期動能未轉折', '價格結構反轉', '高波動風險', '良好進場時機', '接近近期低點', '測試關鍵支撐位', 'MACD強勢多頭', '均線黃金交叉', '錘子線形態', '錘子線形態', '靠近支撐位', '溫和放量', '成交量多頭排列', '多時間框架偏空，建議觀望', '月線趨勢不佳，避免長期持有', '日線短期強勢，進場時機良好', '單一多頭訊號', '接近抄底價位']",57.16225805282049,1.1974590071430526,1.385413721717084,65.21500040690104,70,不建議進場,不建議進場,61.5,高,0.0,,3.135784277497338,2026-01-13,67.26000213623047,"['均線多頭排列', '價格通道向上', '相對強度為正', '反轉可信度高', '價格結構反轉']",2026-01-13,0.0,55.0,45.0,80.0,0.0,55.0,75.3592647167508
UNH,UnitedHealth Group Incorporated,US,333.92999267578125,332.1359888587625,"['MACD為正', 'MACD柱狀圖為正', 'SAR翻多且趨勢向上', 'ADX趨勢不明', '均線多頭排列', '價格通道向上', '動量減速', '指標斜率向下', '支撐位可靠', '反轉可信度高', '短期動能未轉折', '價格結構反轉', '良好進場時機', '接近近期低點', '動量加速向上', '測試關鍵支撐位', 'MACD強勢多頭', '均線黃金交叉', '布林通道理想位置', '強勢長紅K', '錘子線形態', '接近關鍵支撐位', '多時間框架中性偏多，謹慎進場', '日線短期強勢，進場時機良好', '多重多頭訊號確認', '接近抄底價位']",57.33889919193581,2.9514763345760002,0.9276600259967637,333.0805979410807,55,不建議進場,不建議進場,55.5,中等,1.0,,0.25501177191076607,2026-01-12,340.510009765625,"['均線多頭排列', '價格通道向上', '指標斜率向上', '反轉可信度高', '價格結構反轉']",2026-01-13,-1.9324004878367051,40.0,30.0,80.0,0.0,55.0,74.37132255538329
SOFI,"SoFi Technologies, Inc.",US,27.139999389648438,25.90077969191065,"['RSI從超賣區反轉', 'MACD柱狀圖為正', 'SAR翻多且趨勢向上', 'OBV突破均線且斜率為正', '價格在20日均線之上', '短期和中期動量均為正', 'ADX趨勢不明', '均線排列不佳', '成交量配合不佳', '指標斜率向下', '相對強度強勁', '支撐位良好', '趨勢反轉初步確認', '反轉強度不足', '反轉可信度高', '短期動能未轉折', '價格結構反轉', '高波動風險', '適當進場時機', '短期動量轉正', '測試關鍵支撐位', 'RSI健康上升', 'MACD強勢多頭', '均線黃金交叉', '錘子線形態', '接近關鍵支撐位', '底部抬升', '多時間框架中性偏多，謹慎進場', '月線趨勢良好，適合中長期持有', '週線壓力較大，中期謹慎', '日線短期強勢，進場時機良好', '多重多頭訊號確認']",48.90051806000021,-0.09756564303930304,1.003053047740061,25.338430268915552,55,不建議進場,不建議進場,61.5,高,0.0,,7.110026554971712,2026-01-13,27.139999389648438,"['OBV突破均線', '動量轉正', '相對強度為正', '反轉可信度高', '價格結構反轉']",2026-01-13,0.0,45.0,25.0,80.0,0.0,55.0,74.16699203350848
CRCL,Circle Internet Group,US,83.45999908447266,86.02315519626343,"['RSI從超賣區反轉', 'MACD柱狀圖為正', 'OBV突破均線且斜率為正', '價格在20日均線之上', '價格在5日均線之上', 'ADX趨勢不明', '均線排列不佳', '成交量配合不佳', '動量減速', '相對強度強勁', '上漲動能良好', '支撐位良好', '反轉強度不足', '反轉可信度高', '價格結構完美反轉', '高波動風險', '適當進場時機', '測試關鍵支撐位', '錘子線形態', 'MACD強勢多頭', '短期多頭排列', '錘子線形態', '錘子線形態', '底部抬升', '價漲量增良好配合', '成交量短期放大', '多時間框架偏空，建議觀望', '月線趨勢不佳，避免長期持有', '週線壓力較大，中期謹慎', '日線短期強勢，進場時機良好', '單一多頭訊號', '接近抄底價位']",41.31501130370947,-1.064622151507976,0.9322431333481627,82.964000193278,70,不建議進場,不建議進場,63.0,高,7.0,,0.5978483318537562,2026-01-06,84.8499984741211,"['OBV突破均線', '指標斜率向上', '相對強度為正', '反轉可信度高', '價格結構反轉']",2026-01-13,-1.638184342539949,40.0,25.0,75.0,50.0,85.0,71.85542810913952
GLD,SPDR Gold Shares,US,421.6300048828125,397.3245372772217,"['MACD為正', 'MACD柱狀圖為正', 'SAR翻多且趨勢向上', 'OBV突破均線', '成交量適中', '價格在20日均線之上', '價格在5日均線之上', '接近布林通道上軌風險', '短期和中期動量均為正', 'ADX趨勢不明', '均線完美多頭排列', '價格通道強勢向上', '成交量配合良好', '動量減速', '所有指標斜率向上', '相對強度強勁', '上漲動能良好', '趨勢反轉確認', '反轉強度極強', '短期動能未轉折', '價格結構反轉', '進場時機不佳', 'MACD強勢多頭', '完美多頭排列', '布林通道超買區', '錘子線形態', '強勢長紅K', '靠近支撐位', '上升底部結構', '接近突破阻力', '溫和放量', '成交量多頭排列', '多時間框架強烈看多，建議積極進場', '月線趨勢良好，適合中長期持有', '週線支持上漲，中期看好', '日線短期強勢，進場時機良好', '多時間框架高度一致', '單一多頭訊號']",59.94654894568045,7.354416168962018,1.3600087308435442,400.6723347981771,70,不建議進場,不建議進場,56.699999999999996,中等,5.0,,5.230625691986452,2026-01-08,411.489990234375,"['均線多頭排列', '價格通道向上', '相對強度為正', '上漲動能延續', '趨勢反轉確認', '反轉強度強勁', '價格結構反轉']",2026-01-13,2.464219030616513,70.0,90.0,60.0,20.0,70.0,70.50994272718667
SIRI,Sirius XM Holdings Inc.,US,20.809999465942383,20.456638787457617,"['MACD柱狀圖為正', 'SAR翻多且趨勢向上', 'ADX趨勢不明', '均線排列不佳', '動量減速', '主要指標斜率向上', '支撐位可靠', '反轉可信度高', '短期動能未轉折', '價格結構反轉', '良好進場時機', '接近近期低點', '動量加速向上', '測試關鍵支撐位', 'MACD強勢多頭', '均線黃金交叉', '布林通道理想位置', '接近關鍵支撐位', '成交量短期放大', '多時間框架偏空，建議觀望', '月線趨勢不佳，避免長期持有', '週線壓力較大，中期謹慎', '日線短期強勢，進場時機良好', '接近抄底價位']",51.28204260044896,-0.033103650289376674,1.0160183179836333,20.520000457763672,55,不建議進場,不建議進場,49.5,中等,8.0,,1.4132504956596665,2026-01-05,21.100000381469727,"['OBV突破均線', 'RSI超賣反轉', '動量轉正', '指標斜率向上', '反轉可信度高', '價格結構反轉']",2026-01-13,-1.3744118970823622,30.0,30.0,75.0,0.0,55.0,68.25863354695427
OWL,Blue Owl Capital Inc.,US,15.300000190734863,15.043838244770237,"['RSI從超賣區反轉', 'MACD為正', 'SAR翻多且趨勢向上', 'ADX趨勢不明', '價格通道向下', '動量減速', '指標斜率向下', '支撐位可靠', '反轉強度不足', '反轉可信度高', '短期動能未轉折', '價格結構反轉', '良好進場時機', '接近近期低點', '測試關鍵支撐位', '均線黃金交叉', '布林通道理想位置', '接近關鍵支撐位', '多時間框架偏空，建議觀望', '月線趨勢不佳，避免長期持有', '週線壓力較大，中期謹慎', '日線短期強勢，進場時機良好', 'RSI+MACD同步', '接近抄底價位']",42.20430865592024,0.04886868142659395,0.9417450975463493,14.883660392306838,55,不建議進場,不建議進場,48.0,中等,8.0,,2.7972943983808256,2026-01-05,15.869999885559082,"['OBV突破均線', '動量轉正', '指標斜率向上', '反轉可信度高', '價格結構反轉']",2026-01-13,-3.591680522587088,35.0,20.0,75.0,0.0,55.0,67.54342037613793
CLS,Celestica Inc.,US,328.55999755859375,266.0,"['RSI偏高', 'MACD柱狀圖為正', 'SAR翻多', 'OBV突破均線且斜率為正', '價格在20日均線之上', '價格在5日均線之上', '接近布林通道上軌風險', '短期和中期動量均為正', 'ADX趨勢不明', '價格通道向下', '成交量配合不佳', '所有指標斜率向上', '相對強度強勁', '上漲動能極強', '支撐位薄弱', '短期動能轉折', '價格結構反轉', '高波動風險', '進場時機不佳', 'MACD強勢多頭', '短期多頭排列', '布林通道超買區', '強勢長紅K', '上升底部結構', '接近突破阻力', '價漲量增完美配合', '成交量短期放大', '多時間框架強烈看多，建議積極進場', '月線趨勢良好，適合中長期持有', '週線支持上漲，中期看好', '日線短期強勢，進場時機良好', '多時間框架高度一致', '多重多頭訊號確認', '接近抄底價位']",60.10995654401816,-0.08250226444573627,1.1355609046399,314.55999755859375,70,不建議進場,不建議進場,29.4,低,4.0,,4.450661275641761,2026-01-09,302.29998779296875,"['MACD柱狀圖轉正+RSI未超買', 'OBV突破均線', '指標斜率向上', '相對強度為正', '上漲動能延續', '短期動能轉折', '價格結構反轉']",2026-01-13,8.686738612642374,35.0,60.0,50.0,75.0,70.0,65.93610596513355
IWM,iShares Russell 2000 ETF,US,261.3500061035156,250.55890302485824,"['RSI偏高', 'MACD為正', 'MACD柱狀圖為正', 'SAR翻多且趨勢向上', 'OBV突破均線', '價格在20日均線之上', '價格在5日均線之上', '接近布林通道上軌風險', '短期和中期動量均為正', 'ADX趨勢不明', '均線完美多頭排列', '價格通道向上', '成交量配合不佳', '動量減速', '相對強度為正', '上漲動能良好', '波動率低', '支撐位良好', '趨勢反轉初步確認', '反轉強度強勁', '反轉可信度高', '短期動能未轉折', '進場時機不佳', 'MACD強勢多頭', '完美多頭排列', '布林通道超買區', '強勢長紅K', '錘子線形態', '上升底部結構', '接近突破阻力', '多時間框架強烈看多，建議積極進場', '月線趨勢良好，適合中長期持有', '週線支持上漲，中期看好', '日線短期強勢，進場時機良好', '多時間框架高度一致', '接近抄底價位']",65.31338281667726,3.364490286094451,1.007024308852473,251.97810872395834,55,不建議進場,不建議進場,34.44,低,8.0,,3.719329995378361,2026-01-05,252.72999572753906,"['OBV突破均線', '動量轉正', '均線多頭排列', '價格通道向上', '相對強度為正', '上漲動能延續', '反轉強度強勁', '反轉可信度高']",2026-01-13,3.4107587234202095,50.0,75.0,75.0,20.0,30.0,64.55480969703866
NEM,Newmont Corporation,US,114.62999725341797,99.30635969827385,"['RSI偏高', 'MACD為正', 'MACD柱狀圖為正', 'SAR翻多且趨勢向上', 'OBV突破均線且斜率為正', '價格在20日均線之上', '價格在5日均線之上', '接近布林通道上軌風險', '短期和中期動量均為正', 'ADX趨勢不明', '均線完美多頭排列', '價格通道強勢向上', '成交量配合不佳', '動量減速', '所有指標斜率向上', '相對強度強勁', '上漲動能強勁', '支撐位薄弱', '趨勢反轉初步確認', '反轉強度強勁', '短期動能未轉折', '價格結構反轉', '高波動風險', '進場時機不佳', 'MACD強勢多頭', '完美多頭排列', '布林通道超買區', '錘子線形態', '上升底部結構', '接近突破阻力', '多時間框架強烈看多，建議積極進場', '月線趨勢良好，適合中長期持有', '週線支持上漲，中期看好', '日線短期強勢，進場時機良好', '多時間框架高度一致', '單一多頭訊號']",65.5403275703062,4.682504331833982,0.9314104240173685,100.42933298746745,70,不建議進場,不建議進場,35.28,低,5.0,,14.139956767135573,2026-01-08,106.88999938964844,"['均線多頭排列', '價格通道向上', '指標斜率向上', '相對強度為正', '上漲動能延續', '反轉強度強勁', '價格結構反轉']",2026-01-13,7.2410870127847495,45.0,80.0,60.0,20.0,70.0,63.55314340464193
CVX,Chevron Corporation,US,163.8699951171875,156.5275058746338,"['RSI超買風險', 'MACD為正', 'MACD柱狀圖為正', 'SAR翻多且趨勢向上', 'OBV突破均線且斜率為正', '價格在20日均線之上', '價格在5日均線之上', '接近布林通道上軌風險', '短期和中期動量均為正', 'ADX趨勢不明', '均線完美多頭排列', '價格通道向上', '成交量配合不佳', '動量減速', '所有指標斜率向上', '相對強度強勁', '上漲動能極強', '趨勢反轉初步確認', '反轉強度強勁', '短期動能未轉折', '價格結構反轉', '進場時機不佳', 'RSI超買風險', 'MACD強勢多頭', '完美多頭排列', '布林通道超買區', '強勢長紅K', '錘子線形態', '上升底部結構', '接近突破阻力', '價漲量增良好配合', '多時間框架強烈看多，建議積極進場', '月線趨勢良好，適合中長期持有', '週線支持上漲，中期看好', '日線短期強勢，進場時機良好', '多時間框架高度一致', '單一多頭訊號', '接近抄底價位']",71.74651630190996,3.0082866725015265,1.1257082437423291,159.30999755859375,55,不建議進場,不建議進場,24.57,低,7.0,,2.8623423692644248,2026-01-06,156.5399932861328,"['均線多頭排列', '價格通道向上', '指標斜率向上', '相對強度為正', '上漲動能延續', '反轉強度強勁', '價格結構反轉']",2026-01-13,4.682510633341148,50.0,80.0,50.0,20.0,70.0,63.490079897916324
XLB,State Street Materials Select Sector SPDR ETF,US,48.72999954223633,46.08806591389179,"['RSI超買風險', 'MACD為正', 'MACD柱狀圖為正', 'SAR翻多且趨勢向上', 'OBV突破均線且斜率為正', '價格在20日均線之上', '價格在5日均線之上', '接近布林通道上軌風險', '短期和中期動量均為正', 'ADX趨勢不明', '均線完美多頭排列', '價格通道強勢向上', '成交量配合不佳', '動量減速', '所有指標斜率向上', '相對強度強勁', '上漲動能極強', '支撐位薄弱', '趨勢反轉初步確認', '反轉強度強勁', '短期動能未轉折', '價格結構反轉', '進場時機不佳', 'RSI超買風險', 'MACD強勢多頭', '完美多頭排列', '布林通道超買區', '強勢長紅K', '強勢長紅K', '上升底部結構', '接近突破阻力', '多時間框架強烈看多，建議積極進場', '月線趨勢良好，適合中長期持有', '週線支持上漲，中期看好', '日線短期強勢，進場時機良好', '多時間框架高度一致', '單一多頭訊號']",74.59806186550811,1.0599003722509224,0.9934312549711816,45.51567420959473,55,不建議進場,不建議進場,23.939999999999998,低,6.0,,7.062018499033941,2026-01-07,46.68000030517578,"['均線多頭排列', '價格通道向上', '相對強度為正', '上漲動能延續', '反轉強度強勁', '價格結構反轉']",2026-01-13,4.39160073620061,45.0,80.0,50.0,20.0,70.0,62.75635097202894
B,Barrick Mining Corporation,US,49.709999084472656,43.33722348102125,"['RSI偏高', 'MACD為正', 'MACD柱狀圖為正', 'SAR翻多且趨勢向上', 'OBV突破均線且斜率為正', '價格在20日均線之上', '價格在5日均線之上', '接近布林通道上軌風險', '短期和中期動量均為正', 'ADX趨勢不明', '均線完美多頭排列', '價格通道強勢向上', '成交量配合不佳', '動量減速', '所有指標斜率向上', '相對強度強勁', '上漲動能強勁', '支撐位薄弱', '趨勢反轉初步確認', '反轉強度極強', '短期動能未轉折', '價格結構反轉', '進場時機不佳', 'MACD強勢多頭', '完美多頭排列', '布林通道超買區', '錘子線形態', '強勢長紅K', '錘子線形態', '錘子線形態', '上升底部結構', '接近突破阻力', '多時間框架強烈看多，建議積極進場', '月線趨勢良好，適合中長期持有', '週線支持上漲，中期看好', '日線短期強勢，進場時機良好', '多時間框架高度一致']",68.4257487193643,2.111568479076361,1.0854933566589728,44.22300020853678,55,不建議進場,不建議進場,36.96,低,8.0,,12.407568120800333,2026-01-05,45.7400016784668,"['均線多頭排列', '價格通道向上', '相對強度為正', '上漲動能延續', '反轉強度強勁', '價格結構反轉']",2026-01-13,8.679486795635233,50.0,85.0,60.0,20.0,70.0,62.45233825941207
GDX,VanEck Gold Miners ETF,US,96.47000122070312,84.50228507268277,"['RSI偏高', 'MACD為正', 'MACD柱狀圖為正', 'SAR翻多且趨勢向上', 'OBV突破均線且斜率為正', '價格在20日均線之上', '價格在5日均線之上', '接近布林通道上軌風險', '短期和中期動量均為正', 'ADX趨勢不明', '均線完美多頭排列', '價格通道強勢向上', '成交量配合不佳', '動量減速', '所有指標斜率向上', '相對強度強勁', '上漲動能強勁', '支撐位薄弱', '趨勢反轉初步確認', '反轉強度強勁', '短期動能未轉折', '價格結構反轉', '進場時機不佳', 'MACD強勢多頭', '完美多頭排列', '布林通道超買區', '強勢長紅K', '上升底部結構', '接近突破阻力', '價漲量縮警告', '多時間框架強烈看多，建議積極進場', '月線趨勢良好，適合中長期持有', '週線支持上漲，中期看好', '日線短期強勢，進場時機良好', '多時間框架高度一致']",63.86073678650098,3.369781672121789,0.9152533717265737,86.59179382324218,55,不建議進場,不建議進場,35.28,低,8.0,,11.40778699841361,2026-01-05,88.44999694824219,"['均線多頭排列', '價格通道向上', '相對強度為正', '上漲動能延續', '反轉強度強勁', '價格結構反轉']",2026-01-13,9.067274787079938,45.0,80.0,60.0,20.0,70.0,62.41627259612808
CAT,Caterpillar Inc.,US,636.530029296875,572.713065735084,"['RSI超買風險', 'MACD為正', 'MACD柱狀圖為正', 'SAR翻多且趨勢向上', 'OBV突破均線且斜率為正', '價格在20日均線之上', '價格在5日均線之上', '接近布林通道上軌風險', '短期和中期動量均為正', 'ADX趨勢不明', '均線多頭排列', '價格通道向上', '成交量配合不佳', '動量減速', '所有指標斜率向上', '相對強度強勁', '上漲動能極強', '支撐位薄弱', '趨勢反轉初步確認', '反轉強度強勁', '短期動能未轉折', '價格結構反轉', '進場時機不佳', 'RSI超買風險', 'MACD強勢多頭', '短期多頭排列', '布林通道超買區', '強勢長紅K', '強勢長紅K', '上升底部結構', '接近突破阻力', '多時間框架強烈看多，建議積極進場', '月線趨勢良好，適合中長期持有', '週線支持上漲，中期看好', '日線短期強勢，進場時機良好', '多時間框架高度一致', '單一多頭訊號']",70.97024727638394,12.604641087211917,0.8073066965684416,594.7769978841146,55,不建議進場,不建議進場,22.049999999999997,低,6.0,,7.01994723422298,2026-01-07,596.52001953125,"['均線多頭排列', '價格通道向上', '指標斜率向上', '相對強度為正', '上漲動能延續', '反轉強度強勁', '價格結構反轉']",2026-01-13,6.70723671555318,45.0,80.0,50.0,20.0,70.0,62.39097235147223
GOOG,Alphabet Inc.,US,336.42999267578125,317.2183915749677,"['RSI超買風險', 'MACD為正', 'MACD柱狀圖為正', 'SAR翻多且趨勢向上', 'OBV突破均線且斜率為正', '成交量適中', '價格在20日均線之上', '價格在5日均線之上', '接近布林通道上軌風險', '短期和中期動量均為正', 'ADX趨勢不明', '均線多頭排列', '價格通道強勢向上', '成交量配合良好', '相對強度強勁', '上漲動能極強', '支撐位薄弱', '趨勢反轉初步確認', '反轉強度極強', '短期動能未轉折', '價格結構反轉', '適當進場時機', '放量上漲', 'RSI超買風險', 'MACD強勢多頭', '短期多頭排列', '布林通道超買區', '靠近支撐位', '上升底部結構', '接近突破阻力', '溫和放量', '成交量多頭排列', '多時間框架強烈看多，建議積極進場', '月線趨勢良好，適合中長期持有', '週線支持上漲，中期看好', '日線短期強勢，進場時機良好', '多時間框架高度一致', '成交量確認']",86.14632088282991,6.861551702580584,1.2680799954185737,316.3467274983724,70,不建議進場,不建議進場,26.459999999999994,低,8.0,,6.348497844825086,2026-01-05,317.32000732421875,"['動量轉正', '均線多頭排列', '價格通道向上', '相對強度為正', '上漲動能延續', '反轉強度強勁', '價格結構反轉']",2026-01-13,6.02230710654089,55.0,85.0,50.0,20.0,70.0,62.170059342204645
HD,"The Home Depot, Inc.",US,379.739990234375,343.7753828632812,"['RSI超買風險', 'MACD為正', 'MACD柱狀圖為正', 'SAR翻多且趨勢向上', 'OBV突破均線且斜率為正', '價格在20日均線之上', '價格在5日均線之上', '接近布林通道上軌風險', '短期和中期動量均為正', 'ADX趨勢不明', '均線多頭排列', '價格通道向上', '成交量配合良好', '所有指標斜率向上', '相對強度強勁', '上漲動能極強', '支撐位薄弱', '趨勢反轉初步確認', '反轉強度極強', '短期動能未轉折', '價格結構反轉', '進場時機不佳', 'RSI超買風險', 'MACD強勢多頭', '完美多頭排列', '布林通道超買區', '強勢長紅K', '強勢長紅K', '錘子線形態', '上升底部結構', '接近突破阻力', '多時間框架看多，建議進場', '日線短期強勢，進場時機良好', '多時間框架較為一致']",82.39746942018417,3.955714008464156,1.0753239164391104,353.38428751627606,85,不建議進場,不建議進場,26.459999999999994,低,8.0,,7.458085616465065,2026-01-05,344.0899963378906,"['均線多頭排列', '價格通道向上', '相對強度為正', '上漲動能延續', '反轉強度強勁', '價格結構反轉']",2026-01-13,10.360659791305492,50.0,85.0,50.0,20.0,70.0,61.83718301071265
GOOGL,Alphabet Inc.,US,335.9700012207031,318.9031528661768,"['RSI超買風險', 'MACD為正', 'MACD柱狀圖為正', 'SAR翻多且趨勢向上', 'OBV突破均線且斜率為正', '價格在20日均線之上', '價格在5日均線之上', '接近布林通道上軌風險', '短期和中期動量均為正', 'ADX趨勢不明', '均線多頭排列', '價格通道強勢向上', '相對強度強勁', '上漲動能極強', '支撐位薄弱', '趨勢反轉初步確認', '反轉強度強勁', '短期動能未轉折', '價格結構反轉', '進場時機不佳', 'RSI超買風險', 'MACD強勢多頭', '短期多頭排列', '布林通道超買區', '靠近支撐位', '上升底部結構', '接近突破阻力', '成交量多頭排列', '多時間框架強烈看多，建議積極進場', '月線趨勢良好，適合中長期持有', '週線支持上漲，中期看好', '日線短期強勢，進場時機良好', '多時間框架高度一致']",88.54868703565622,6.938295424993498,1.1593468023823674,317.4423529194355,70,不建議進場,不建議進場,23.939999999999998,低,8.0,,5.836539494769243,2026-01-05,316.5400085449219,"['均線多頭排列', '價格通道向上', '相對強度為正', '上漲動能延續', '反轉強度強勁', '價格結構反轉']",2026-01-13,6.1382422920557405,50.0,80.0,50.0,20.0,70.0,61.81964684722139
AMAT,"Applied Materials, Inc.",US,304.8699951171875,261.66382491909087,"['RSI超買風險', 'MACD為正', 'MACD柱狀圖為正', 'SAR翻多且趨勢向上', 'OBV突破均線', '價格在20日均線之上', '價格在5日均線之上', '接近布林通道上軌風險', '短期和中期動量均為正', 'ADX趨勢不明', '均線完美多頭排列', '價格通道強勢向上', '成交量配合不佳', '動量減速', '所有指標斜率向上', '相對強度強勁', '上漲動能良好', '波動率過高', '支撐位薄弱', '趨勢反轉初步確認', '反轉強度極強', '短期動能未轉折', '價格結構反轉', '高波動風險', '進場時機不佳', 'RSI超買風險', 'MACD強勢多頭', '完美多頭排列', '布林通道超買區', '錘子線形態', '強勢長紅K', '上升底部結構', '接近突破阻力', '成交量多頭排列', '多時間框架強烈看多，建議積極進場', '月線趨勢良好，適合中長期持有', '週線支持上漲，中期看好', '日線短期強勢，進場時機良好', '多時間框架高度一致', '單一多頭訊號']",75.07107201964658,13.007854311620918,1.0702223926265515,270.0823328653971,55,不建議進場,不建議進場,21.419999999999995,低,5.0,,12.880391650470436,2026-01-08,281.6400146484375,"['均線多頭排列', '價格通道向上', '指標斜率向上', '相對強度為正', '上漲動能延續', '反轉強度強勁', '價格結構反轉']",2026-01-13,8.248110801210995,50.0,85.0,50.0,20.0,70.0,61.15901293964147
SLB,SLB N.V.,US,45.900001525878906,39.601224318174324,"['RSI超買風險', 'MACD為正', 'MACD柱狀圖為正', 'SAR翻多且趨勢向上', 'OBV突破均線且斜率為正', '成交量適中', '價格在20日均線之上', '價格在5日均線之上', '接近布林通道上軌風險', '短期和中期動量均為正', 'ADX趨勢不明', '均線完美多頭排列', '價格通道向上', '成交量配合不佳', '動量減速', '所有指標斜率向上', '相對強度強勁', '上漲動能強勁', '波動率過高', '支撐位薄弱', '趨勢反轉初步確認', '反轉強度極強', '短期動能未轉折', '價格結構反轉', '適當進場時機', '放量上漲', 'RSI超買風險', 'MACD強勢多頭', '完美多頭排列', '布林通道超買區', '強勢長紅K', '錘子線形態', '上升底部結構', '接近突破阻力', '溫和放量', '成交量多頭排列', '多時間框架強烈看多，建議積極進場', '月線趨勢良好，適合中長期持有', '週線支持上漲，中期看好', '日線短期強勢，進場時機良好', '多時間框架高度一致', '成交量確認']",81.6736469792059,2.0768585637671677,1.2216445821773496,42.52000045776367,55,不建議進場,不建議進場,22.679999999999996,低,15.0,,7.949202802743819,2025-12-29,37.900001525878906,"['均線多頭排列', '價格通道向上', '相對強度為正', '上漲動能延續', '反轉強度強勁', '價格結構反轉']",2026-01-13,21.108178569695927,55.0,90.0,50.0,20.0,70.0,56.36863046352468
TGT,Target Corporation,US,108.62999725341797,98.91404001480599,"['RSI超買風險', 'MACD為正', 'MACD柱狀圖為正', 'SAR翻多且趨勢向上', 'OBV突破均線且斜率為正', '價格在20日均線之上', '價格在5日均線之上', '接近布林通道上軌風險', '短期和中期動量均為正', 'ADX趨勢不明', '均線完美多頭排列', '價格通道強勢向上', '成交量配合良好', '動量減速', '所有指標斜率向上', '相對強度強勁', '上漲動能強勁', '支撐位薄弱', '趨勢反轉初步確認', '反轉強度極強', '短期動能未轉折', '價格結構反轉', '十字星形態', 'RSI超買風險', 'MACD強勢多頭', '完美多頭排列', '布林通道超買區', '錘子線形態', '錘子線形態', '錘子線形態', '上升底部結構', '接近突破阻力', '價漲量增良好配合', '成交量短期放大', '多時間框架強烈看多，建議積極進場', '週線支持上漲，中期看好', '日線短期強勢，進場時機良好', '多時間框架較為一致']",80.04472495110875,3.5438944398100176,1.0588472679641998,97.96133321126302,55,不建議進場,不建議進場,25.83,低,15.0,,10.890688899820242,2025-12-29,98.0999984741211,"['SAR翻多', '均線多頭排列', '價格通道向上', '指標斜率向上', '相對強度為正', '上漲動能延續', '反轉強度強勁', '價格結構反轉']",2026-01-13,10.733943876741957,50.0,85.0,50.0,20.0,70.0,56.11618463440175
BA,The Boeing Company,US,244.5500030517578,221.390378177876,"['RSI超買風險', 'MACD為正', 'MACD柱狀圖為正', 'SAR翻多且趨勢向上', 'OBV突破均線且斜率為正', '成交量放大', '價格在20日均線之上', '價格在5日均線之上', '接近布林通道上軌風險', '短期和中期動量均為正', 'ADX趨勢不明', '均線完美多頭排列', '價格通道強勢向上', '動量減速', '所有指標斜率向上', '相對強度強勁', '上漲動能極強', '波動率過高', '支撐位薄弱', '趨勢反轉初步確認', '反轉強度極強', '價格結構反轉', '適當進場時機', '放量上漲', 'RSI超買風險', 'MACD強勢多頭', '完美多頭排列', '布林通道超買區', '強勢長紅K', '強勢長紅K', '上升底部結構', '接近突破阻力', '明顯放量', '價漲量增良好配合', '成交量多頭排列', '多時間框架強烈看多，建議積極進場', '月線趨勢良好，適合中長期持有', '週線支持上漲，中期看好', '日線短期強勢，進場時機良好', '多時間框架高度一致', '成交量確認']",85.68118131236582,9.308496256967572,1.5925150374998958,214.35900115966797,55,不建議進場,不建議進場,27.719999999999995,低,15.0,,14.08431730356949,2025-12-29,217.25,"['均線多頭排列', '價格通道向上', '相對強度為正', '上漲動能延續', '反轉強度強勁', '價格結構反轉']",2026-01-13,12.566169413927646,55.0,95.0,50.0,50.0,70.0,55.536096113276976
APP,AppLovin Corporation,US,668.6300048828125,680.7224631959446,"['RSI從超賣區反轉', 'OBV突破均線且斜率為正', '價格在5日均線之上', 'ADX趨勢不明', '均線排列不佳', '成交量配合不佳', '動量強勁加速', '上漲動能良好', '波動率過高', '支撐位良好', '反轉可信度高', '價格結構完美反轉', '高波動風險', '測試關鍵支撐位', '價格低於關鍵均線', '布林通道理想位置', '錘子線形態', '強勢長紅K', '靠近支撐位', '上升底部結構', '成交量多頭排列', '多時間框架強烈看多，建議積極進場', '月線趨勢良好，適合中長期持有', '週線支持上漲，中期看好', '多時間框架較為一致']",35.858252519020525,-1.9484475785951645,1.0995384861764235,607.22998046875,70,不建議進場,不建議進場,60.0,高,46.0,,10.111494226069812,2025-11-28,599.47998046875,"['MACD柱狀圖轉正+RSI未超買', 'OBV突破均線', '動量加速', '指標斜率向上', '反轉可信度高', '價格結構反轉']",2026-01-13,11.53500144575173,40.0,40.0,75.0,50.0,85.0,42.966551732179056
AA,Alcoa Corporation,US,65.37000274658203,59.60700149536133,"['RSI超買風險', 'MACD為正', 'MACD柱狀圖為正', 'SAR翻多且趨勢向上', 'OBV突破均線', '價格在20日均線之上', '價格在5日均線之上', '接近布林通道上軌風險', '短期和中期動量均為正', 'ADX趨勢不明', '均線完美多頭排列', '價格通道強勢向上', '成交量配合不佳', '動量減速', '相對強度強勁', '波動率過高', '支撐位薄弱', '趨勢反轉初步確認', '反轉強度強勁', '短期動能未轉折', '價格結構反轉', '高波動風險', '進場時機不佳', 'RSI超買風險', 'MACD強勢多頭', '完美多頭排列', '布林通道超買區', '強勢長紅K', '上升底部結構', '接近突破阻力', '多時間框架強烈看多，建議積極進場', '月線趨勢良好，適合中長期持有', '週線支持上漲，中期看好', '日線短期強勢，進場時機良好', '多時間框架高度一致']",77.99135726248053,5.462847914680985,1.027260333842856,51.86233367919922,55,不建議進場,不建議進場,18.269999999999996,極低,27.0,,26.04523959707665,2025-12-17,46.84000015258789,"['均線多頭排列', '價格通道向上', '相對強度為正', '反轉強度強勁', '價格結構反轉']",2026-01-13,39.56021036214785,50.0,80.0,50.0,20.0,70.0,42.231732468703086
CRWD,"CrowdStrike Holdings, Inc.",US,468.0199890136719,452.33473977183104,"['RSI從超賣區反轉', 'MACD柱狀圖為正', 'SAR翻多且趨勢向上', 'OBV突破均線且斜率為正', 'ADX趨勢不明', '均線排列不佳', '價格通道向下', '成交量配合良好', '動量強勁加速', '上漲動能良好', '支撐位可靠', '反轉可信度高', '短期動能未轉折', '價格結構未反轉', '良好進場時機', '接近近期低點', '測試關鍵支撐位', '十字星形態', 'MACD強勢多頭', '價格低於關鍵均線', '布林通道理想位置', '錘子線形態', '強勢長紅K', '錘子線形態', '接近關鍵支撐位', '底部抬升', '價漲量增良好配合', '成交量多頭排列', '多時間框架中性偏多，謹慎進場', '月線趨勢良好，適合中長期持有', '週線壓力較大，中期謹慎', '接近抄底價位']",41.55117709832907,-9.988488833731822,1.1990981477273233,458.32000732421875,100,不建議進場,不建議進場,57.0,中等,,無多頭訊號,2.1164211761306095,,,,,,,,,,,0.0
INTU,Intuit Inc.,US,605.280029296875,665.6904094042164,"['RSI嚴重超賣', '成交量放大', '接近布林通道下軌', '短期和中期動量均為負', 'ADX趨勢不明', '均線排列不佳', '成交量配合不佳', '動量強勁加速', '指標斜率向下', '相對強度為負', '上漲動能不足', '反轉強度不足', '短期動能未轉折', '價格結構未反轉', '接近近期低點', '放量下跌', '價格低於關鍵均線', '布林通道超賣區', '錘子線形態', '錘子線形態', '明顯放量', '成交量短期放大', '多時間框架偏空，建議觀望', '月線趨勢不佳，避免長期持有', '週線壓力較大，中期謹慎', '日線短期弱勢，等待更好時機', '多時間框架高度一致', '接近抄底價位']",21.37827304624355,-7.5484930591933335,1.5413998688022106,604.3900146484375,85,不建議進場,不建議進場,33.0,低,,無多頭訊號,0.14725833102242847,,,,,,,,,,,0.0
COF,Capital One Financial Corporation,US,231.41000366210938,259.0212142944336,"['RSI從超賣區反轉', 'MACD為正', '成交量放大', '接近布林通道下軌', '短期和中期動量均為負', 'ADX趨勢不明', '價格通道向上', '成交量配合不佳', '動量減速', '指標斜率向下', '上漲動能不足', '趨勢反轉初步確認', '短期動能未轉折', '價格結構未反轉', '高波動風險', '良好進場時機', '接近近期低點', '動量加速向上', '放量下跌', '測試關鍵支撐位', '價格低於關鍵均線', '布林通道超賣區', '接近關鍵支撐位', '底部抬升', '爆量確認', '成交量多頭排列', '多時間框架中性偏多，謹慎進場', '月線趨勢良好，適合中長期持有', '週線支持上漲，中期看好', '日線短期弱勢，等待更好時機', 'RSI+MACD同步', '接近抄底價位']",36.40226472001821,3.436680658692353,2.2001465882032707,228.6999969482422,70,不建議進場,不建議進場,40.5,中等,,無多頭訊號,1.1849614123433931,,,,,,,,,,,0.0
STUB,"StubHub Holdings, Inc.",US,13.579999923706055,14.386844862282016,"['RSI從超賣區反轉', 'MACD柱狀圖為正', '價格在20日均線之上', '價格在5日均線之上', '短期和中期動量均為正', 'ADX趨勢不明', '均線排列不佳', '成交量配合不佳', '動量強勁加速', '所有指標斜率向上', '上漲動能良好', '趨勢反轉初步確認', '反轉可信度高', '高波動風險', '適當進場時機', 'MACD柱狀圖轉正', '測試關鍵支撐位', 'RSI健康上升', 'MACD強勢多頭', '錘子線形態', '強勢長紅K', '靠近支撐位', '上升底部結構', '價漲量增良好配合', '成交量短期放大', '多時間框架中性偏多，謹慎進場', '日線短期強勢，進場時機良好', '接近抄底價位']",49.40978356908218,-0.22099824477143315,0.974707349313855,13.166000048319498,70,不建議進場,不建議進場,67.5,高,,無多頭訊號,3.1444620527659755,,,,,,,,,,,0.0
COST,Costco Wholesale Corporation,US,941.9299926757812,887.2629517407416,"['RSI超買風險', 'MACD為正', 'MACD柱狀圖為正', 'SAR翻多且趨勢向上', 'OBV突破均線', '成交量萎縮', '價格在20日均線之上', '價格在5日均線之上', '接近布林通道上軌風險', '短期和中期動量均為正', 'ADX趨勢不明', '價格通道強勢向上', '成交量配合不佳', '動量減速', '所有指標斜率向上', '相對強度強勁', '上漲動能良好', '支撐位薄弱', '趨勢反轉初步確認', '反轉強度強勁', '反轉可信度低', '短期動能未轉折', '適當進場時機', '錘子線形態', 'RSI超買風險', 'MACD強勢多頭', '短期多頭排列', '布林通道超買區', '強勢長紅K', '錘子線形態', '上升底部結構', '接近突破阻力', '成交量萎縮', '多時間框架看多，建議進場', '週線支持上漲，中期看好', '日線短期強勢，進場時機良好', '多時間框架高度一致']",81.70657720844716,9.702815499008238,0.7391841121837428,884.5290018717448,70,不建議進場,不建議進場,15.119999999999997,極低,,無多頭訊號,6.4894413504329105,,,,,,,,,,,0.0
LULU,lululemon athletica inc.,US,211.89999389648438,218.1097291028866,"['RSI從超賣區反轉', 'MACD為正', 'OBV突破均線且斜率為正', '成交量萎縮', '價格在20日均線之上', '價格在5日均線之上', '短期和中期動量均為負', 'ADX趨勢不明', '價格通道強勢向上', '指標斜率向下', '相對強度為正', '波動率低', '支撐位可靠', '趨勢反轉初步確認', '反轉強度不足', '短期動能未轉折', '價格結構未反轉', '良好進場時機', '短期動量轉正', '動量加速向上', '測試關鍵支撐位', '接近關鍵支撐位', '底部抬升', '成交量萎縮', '價漲量縮警告', '多時間框架中性偏多，謹慎進場', '週線支持上漲，中期看好', 'RSI+MACD同步', '接近抄底價位']",49.43057748265038,5.624121829376577,0.5339491876008106,204.4949255930319,85,不建議進場,不建議進場,55.5,中等,,無多頭訊號,3.621150149314417,,,,,,,,,,,0.0
PSTG,"Pure Storage, Inc.",US,75.41000366210938,64.2699966430664,"['RSI偏高', 'MACD柱狀圖為正', 'SAR翻多', 'OBV突破均線且斜率為正', '成交量放大', '價格在20日均線之上', '價格在5日均線之上', '接近布林通道上軌風險', '短期和中期動量均為正', 'ADX趨勢不明', '成交量配合良好', '所有指標斜率向上', '相對強度強勁', '上漲動能極強', '支撐位薄弱', '反轉強度強勁', '價格結構未反轉', '高波動風險', '適當進場時機', '放量上漲', 'MACD強勢多頭', '短期多頭排列', '布林通道超買區', '強勢長紅K', '上升底部結構', '明顯放量', '成交量多頭排列', '多時間框架強烈看多，建議積極進場', '月線趨勢良好，適合中長期持有', '日線短期強勢，進場時機良好', '多時間框架高度一致', '成交量確認']",69.07118928907113,-1.632943913137055,1.9468039004750295,70.98300018310547,55,不建議進場,不建議進場,31.92,低,,無多頭訊號,6.236709448155396,,,,,,,,,,,0.0
IONQ,"IonQ, Inc.",US,48.939998626708984,44.06249569339752,"['RSI從超賣區反轉', 'MACD柱狀圖為正', 'SAR翻多且趨勢向上', 'OBV突破均線', '價格在20日均線之上', 'ADX趨勢不明', '動量減速', '相對強度強勁', '波動率過高', '反轉可信度高', '短期動能未轉折', '價格結構未反轉', '高波動風險', '測試關鍵支撐位', 'MACD強勢多頭', '均線黃金交叉', '錘子線形態', '強勢長紅K', '接近關鍵支撐位', '底部抬升', '多時間框架強烈看多，建議積極進場', '月線趨勢良好，適合中長期持有', '日線短期強勢，進場時機良好', '多時間框架較為一致', '接近抄底價位']",38.37429053596658,-0.20654729880399003,0.8191497475349608,46.7599983215332,55,不建議進場,不建議進場,52.5,中等,,無多頭訊號,4.662105182693902,,,,,,,,,,,0.0
ZS,"Zscaler, Inc.",US,216.84500122070312,230.70528452529908,"['RSI從超賣區反轉', 'MACD柱狀圖為正', '接近布林通道下軌', '短期和中期動量均為負', 'ADX趨勢不明', '均線排列不佳', '價格通道向下', '動量強勁加速', '相對強度為負', '反轉強度不足', '短期動能未轉折', '價格結構反轉', '高波動風險', '良好進場時機', '短期動量轉正', '動量加速向上', '測試關鍵支撐位', '十字星形態', 'RSI健康上升', 'MACD強勢多頭', '價格低於關鍵均線', '布林通道超賣區', '強勢長紅K', '錘子線形態', '多時間框架偏空，建議觀望', '週線壓力較大，中期謹慎', '日線短期弱勢，等待更好時機', '接近抄底價位']",31.309143087585696,-10.318190623019603,0.9732970696953919,214.92210436901814,85,不建議進場,不建議進場,42.0,中等,,無多頭訊號,0.8946947813163953,,,,,,,,,,,0.0
RCAT,"Red Cat Holdings, Inc.",US,13.0600004196167,8.986710138206737,"['RSI超買風險', 'MACD為正', 'MACD柱狀圖為正', 'SAR翻多且趨勢向上', 'OBV突破均線且斜率為正', '成交量放大', '價格在20日均線之上', '價格在5日均線之上', '接近布林通道上軌風險', '短期和中期動量均為正', 'ADX趨勢不明', '均線多頭排列', '價格通道強勢向上', '成交量配合良好', '動量減速', '相對強度強勁', '上漲動能強勁', '波動率過高', '支撐位薄弱', '趨勢反轉初步確認', '反轉強度極強', '短期動能未轉折', '高波動風險', '適當進場時機', '放量上漲', 'RSI超買風險', 'MACD強勢多頭', '完美多頭排列', '布林通道超買區', '錘子線形態', '錘子線形態', '上升底部結構', '爆量確認', '價漲量增完美配合', '成交量多頭排列', '多時間框架強烈看多，建議積極進場', '月線趨勢良好，適合中長期持有', '週線支持上漲，中期看好', '日線短期強勢，進場時機良好', '多時間框架高度一致', '成交量確認']",74.42747998982748,1.037415418078055,2.9885968729061014,11.630000114440918,55,不建議進場,不建議進場,22.049999999999997,低,,無多頭訊號,12.2957892614305,,,,,,,,,,,0.0
RDDT,"Reddit, Inc.",US,258.92999267578125,232.56658081382577,"['RSI偏高', 'MACD為正', 'MACD柱狀圖為正', 'SAR翻多且趨勢向上', 'OBV突破均線且斜率為正', '價格在20日均線之上', '價格在5日均線之上', '接近布林通道上軌風險', '短期和中期動量均為正', 'ADX趨勢不明', '均線完美多頭排列', '價格通道向上', '動量減速', '指標斜率向下', '相對強度強勁', '波動率過高', '支撐位薄弱', '趨勢反轉初步確認', '短期動能未轉折', '價格結構反轉', '高波動風險', '進場時機不佳', 'MACD強勢多頭', '完美多頭排列', '布林通道超買區', '錘子線形態', '錘子線形態', '強勢長紅K', '底部抬升', '接近突破阻力', '價漲量增完美配合', '成交量短期放大', '多時間框架強烈看多，建議積極進場', '月線趨勢良好，適合中長期持有', '週線支持上漲，中期看好', '日線短期強勢，進場時機良好', '多時間框架高度一致']",67.62856349867174,9.02713525282877,1.1848080525881162,234.42999877929688,55,不建議進場,不建議進場,27.72,低,,無多頭訊號,10.450878310821382,,,,,,,,,,,0.0
NBIS,Nebius Group N.V.,US,105.43000030517578,83.42875174364615,"['RSI偏高', 'MACD為正', 'MACD柱狀圖為正', 'SAR翻多且趨勢向上', 'OBV突破均線', '價格在20日均線之上', '價格在5日均線之上', '接近布林通道上軌風險', '短期和中期動量均為正', 'ADX趨勢不明', '價格通道強勢向上', '成交量配合不佳', '動量減速', '相對強度強勁', '波動率過高', '支撐位薄弱', '趨勢反轉初步確認', '反轉強度強勁', '短期動能未轉折', '高波動風險', '進場時機不佳', 'MACD強勢多頭', '短期多頭排列', '布林通道超買區', '十字星形態', '強勢長紅K', '上升底部結構', '多時間框架強烈看多，建議積極進場', '月線趨勢良好，適合中長期持有', '週線支持上漲，中期看好', '日線短期強勢，進場時機良好', '多時間框架高度一致']",63.46280909910165,2.2824310565328148,0.9182318127201454,92.59549967447917,70,不建議進場,不建議進場,24.360000000000003,低,,無多頭訊號,13.860825499961106,,,,,,,,,,,0.0
SMR,NuScale Power Corporation,US,19.229999542236328,15.652403215962043,"['RSI偏高', 'MACD柱狀圖為正', 'SAR翻多且趨勢向上', 'OBV突破均線', '成交量萎縮', '價格在20日均線之上', '接近布林通道上軌', 'ADX趨勢不明', '價格通道向上', '動量減速', '相對強度強勁', '上漲動能良好', '波動率過高', '支撐位薄弱', '無趨勢反轉跡象', '反轉可信度低', '短期動能未轉折', '價格結構未反轉', '高波動風險', '進場時機不佳', 'MACD強勢多頭', '均線黃金交叉', '上升底部結構', '成交量萎縮', '多時間框架中性偏多，謹慎進場', '週線壓力較大，中期謹慎', '日線短期強勢，進場時機良好', '接近抄底價位']",63.59222779591816,-0.5005084257901657,0.7006954960938283,18.780000686645508,55,不建議進場,不建議進場,18.360000000000003,極低,,無多頭訊號,2.3961599528098807,,,,,,,,,,,0.0
MRVL,"Marvell Technology, Inc.",US,83.05000305175781,93.59693817525871,"['RSI從超賣區反轉', '成交量萎縮', '接近布林通道下軌', '短期和中期動量均為負', 'ADX趨勢不明', '均線排列不佳', '動量減速', '指標斜率向下', '上漲動能不足', '反轉強度不足', '反轉可信度低', '短期動能未轉折', '價格結構未反轉', '高波動風險', '絕佳進場時機', '接近近期低點', '短期動量轉正', '動量加速向上', '測試關鍵支撐位', '價格低於關鍵均線', '布林通道理想位置', '接近關鍵支撐位', '底部抬升', '成交量萎縮', '多時間框架中性偏多，謹慎進場', '月線趨勢良好，適合中長期持有', '週線支持上漲，中期看好', '日線短期弱勢，等待更好時機', '接近抄底價位']",45.83078466762888,-1.0181338241707891,0.7217049206255066,80.77039904418186,55,不建議進場,不建議進場,21.0,低,,無多頭訊號,2.822326043392455,,,,,,,,,,,0.0
TMUS,"T-Mobile US, Inc.",US,189.6699981689453,202.4968797999501,"['RSI從超賣區反轉', '成交量放大', '接近布林通道下軌', '短期和中期動量均為負', 'ADX趨勢不明', '均線排列不佳', '成交量配合不佳', '動量強勁加速', '指標斜率向下', '上漲動能不足', '波動率低', '反轉強度不足', '短期動能未轉折', '價格結構未反轉', '良好進場時機', '接近近期低點', '動量加速向上', '放量下跌', '測試關鍵支撐位', '價格低於關鍵均線', '布林通道超賣區', '強勢長紅K', '明顯放量', '成交量多頭排列', '多時間框架偏空，建議觀望', '月線趨勢不佳，避免長期持有', '週線壓力較大，中期謹慎', '日線短期弱勢，等待更好時機', '多時間框架高度一致', '接近抄底價位']",40.262244109242516,-2.3146466611677,1.51396788504978,188.1199951171875,70,不建議進場,不建議進場,36.0,低,,無多頭訊號,0.8239438082019157,,,,,,,,,,,0.0
DIA,SPDR Dow Jones Industrial Average ETF Trust,US,491.94000244140625,484.12626379373546,"['RSI偏高', 'MACD為正', 'MACD柱狀圖為正', 'SAR翻多且趨勢向上', 'OBV突破均線', '價格在20日均線之上', '接近布林通道上軌', 'ADX趨勢不明', '均線完美多頭排列', '價格通道向上', '動量減速', '相對強度為正', '波動率低', '支撐位可靠', '反轉可信度高', '短期動能未轉折', '價格結構完美反轉', '低波動風險', '絕佳進場時機', '接近近期低點', '上升底部結構', '測試關鍵支撐位', 'MACD強勢多頭', '均線黃金交叉', '強勢長紅K', '接近關鍵支撐位', '上升底部結構', '接近突破阻力', '多時間框架強烈看多，建議積極進場', '月線趨勢良好，適合中長期持有', '週線支持上漲，中期看好', '日線短期強勢，進場時機良好', '多時間框架高度一致', '接近抄底價位']",60.9787917651456,4.597026966971271,1.1671567252448496,483.8040415445964,70,建議進場,建議進場,46.44,中等,,無多頭訊號,1.6816645166573945,,,,,,,,,,,0.0
CCL,Carnival Corporation & plc,US,30.989999771118164,32.69228135683227,"['RSI從超賣區反轉', 'MACD為正', '價格在20日均線之上', 'ADX趨勢不明', '均線完美多頭排列', '價格通道強勢向上', '動量減速', '指標斜率向下', '相對強度強勁', '上漲動能不足', '短期動能未轉折', '價格結構反轉', '適當進場時機', '動量加速向上', '測試關鍵支撐位', '均線黃金交叉', '強勢長紅K', '錘子線形態', '靠近支撐位', '成交量短期放大', '多時間框架強烈看多，建議積極進場', '月線趨勢良好，適合中長期持有', '週線支持上漲，中期看好', '日線短期強勢，進場時機良好', '多時間框架高度一致', 'RSI+MACD同步']",39.65810511159952,1.0704375887196669,0.9308983334790427,29.27266699473063,55,不建議進場,不建議進場,57.0,中等,,無多頭訊號,5.866676844636909,,,,,,,,,,,0.0
UPS,"United Parcel Service, Inc.",US,106.58000183105469,100.9813574394828,"['RSI超買風險', 'MACD為正', 'MACD柱狀圖為正', 'SAR翻多且趨勢向上', 'OBV突破均線', '價格在20日均線之上', '接近布林通道上軌風險', '短期和中期動量均為正', 'ADX趨勢不明', '均線完美多頭排列', '價格通道強勢向上', '成交量配合不佳', '動量減速', '相對強度強勁', '上漲動能良好', '短期動能未轉折', '價格結構未反轉', '進場時機不佳', 'RSI超買風險', 'MACD強勢多頭', '均線黃金交叉', '布林通道超買區', '錘子線形態', '錘子線形態', '錘子線形態', '上升底部結構', '多時間框架強烈看多，建議積極進場', '週線支持上漲，中期看好', '日線短期強勢，進場時機良好', '多時間框架高度一致']",72.79813374102743,2.7413079976946477,0.8409579843839255,100.7086675008138,55,不建議進場,不建議進場,15.119999999999997,極低,,無多頭訊號,5.830018881138945,,,,,,,,,,,0.0
BIDU,"Baidu, Inc.",US,149.35000610351562,132.07179406901344,"['RSI超買風險', 'MACD為正', 'MACD柱狀圖為正', 'SAR翻多且趨勢向上', 'OBV突破均線', '價格在20日均線之上', '價格在5日均線之上', '接近布林通道上軌風險', '短期和中期動量均為正', 'ADX趨勢不明', '均線完美多頭排列', '價格通道向上', '成交量配合不佳', '動量減速', '相對強度強勁', '波動率過高', '支撐位薄弱', '趨勢反轉初步確認', '反轉強度強勁', '極高波動風險', '進場時機不佳', 'RSI超買風險', 'MACD強勢多頭', '完美多頭排列', '布林通道超買區', '錘子線形態', '上升底部結構', '多時間框架強烈看多，建議積極進場', '月線趨勢良好，適合中長期持有', '週線支持上漲，中期看好', '日線短期強勢，進場時機良好', '多時間框架高度一致', '接近抄底價位']",72.6069622784834,7.138989234613433,1.0476509568547427,143.5,55,不建議進場,不建議進場,17.64,極低,,無多頭訊號,4.076659305585801,,,,,,,,,,,0.0
SBUX,Starbucks Corporation,US,90.55999755859375,83.75212043533983,"['RSI偏高', 'MACD為正', 'MACD柱狀圖為正', 'SAR翻多且趨勢向上', 'OBV突破均線且斜率為正', '成交量萎縮', '價格在20日均線之上', '價格在5日均線之上', '接近布林通道上軌風險', '短期和中期動量均為正', 'ADX趨勢不明', '均線完美多頭排列', '價格通道向上', '成交量配合不佳', '動量減速', '所有指標斜率向上', '相對強度強勁', '上漲動能極強', '趨勢反轉初步確認', '反轉強度強勁', '短期動能未轉折', '價格結構反轉', '進場時機不佳', 'MACD強勢多頭', '完美多頭排列', '布林通道超買區', '錘子線形態', '強勢長紅K', '上升底部結構', '接近突破阻力', '成交量萎縮', '價漲量縮警告', '多時間框架強烈看多，建議積極進場', '週線支持上漲，中期看好', '日線短期強勢，進場時機良好', '多時間框架高度一致']",62.366206094408575,1.1498483086238025,0.6476904105774949,85.9793332417806,70,不建議進場,不建議進場,36.12,低,,無多頭訊號,5.327634146605871,,,,,,,,,,,0.0
USAR,"USA Rare Earth, Inc.",US,16.670000076293945,13.064657226370873,"['RSI偏高', 'MACD為正', 'MACD柱狀圖為正', 'SAR翻多且趨勢向上', 'OBV突破均線', '成交量適中', '價格在20日均線之上', '接近布林通道上軌', 'ADX趨勢不明', '價格通道向上', '動量減速', '相對強度強勁', '上漲動能良好', '波動率過高', '支撐位薄弱', '短期動能未轉折', '高波動風險', '進場時機不佳', 'MACD強勢多頭', '均線黃金交叉', '十字星形態', '錘子線形態', '錘子線形態', '錘子線形態', '靠近支撐位', '溫和放量', '成交量多頭排列', '多時間框架強烈看多，建議積極進場', '月線趨勢良好，適合中長期持有', '日線短期強勢，進場時機良好', '多時間框架高度一致']",61.326441688819806,0.36703769227822747,1.4519949306910152,15.297166760762533,55,不建議進場,不建議進場,30.240000000000006,低,,無多頭訊號,8.974428644216333,,,,,,,,,,,0.0
MRK,"Merck & Co., Inc.",US,108.26000213623047,112.9000015258789,"['RSI偏高', 'MACD為正', '成交量萎縮', '價格在20日均線之上', 'ADX趨勢不明', '均線完美多頭排列', '價格通道向上', '動量減速', '指標斜率向下', '相對強度強勁', '上漲動能不足', '支撐位良好', '短期動能未轉折', '價格結構未反轉', '良好進場時機', '接近近期低點', '測試關鍵支撐位', '均線黃金交叉', '錘子線形態', '靠近支撐位', '成交量萎縮', '多時間框架強烈看多，建議積極進場', '月線趨勢良好，適合中長期持有', '週線支持上漲，中期看好', '日線短期強勢，進場時機良好', '多時間框架高度一致', '接近抄底價位']",64.06996242915667,3.0921689108002397,0.6709336226672008,103.35927378336588,55,不建議進場,不建議進場,28.800000000000004,低,,無多頭訊號,4.741450063916073,,,,,,,,,,,0.0
OSCR,"Oscar Health, Inc.",US,17.3799991607666,14.956806214073312,"['RSI超買風險', 'MACD為正', 'MACD柱狀圖為正', 'SAR翻多且趨勢向上', '價格在20日均線之上', '價格在5日均線之上', '接近布林通道上軌風險', '短期和中期動量均為正', 'ADX趨勢不明', '價格通道強勢向上', '成交量配合良好', '動量減速', '所有指標斜率向上', '相對強度強勁', '上漲動能良好', '波動率過高', '支撐位薄弱', '趨勢反轉初步確認', '反轉強度強勁', '短期動能未轉折', '高波動風險', '進場時機不佳', 'RSI超買風險', 'MACD強勢多頭', '短期多頭排列', '布林通道超買區', '錘子線形態', '錘子線形態', '靠近支撐位', '上升底部結構', '成交量多頭排列', '多時間框架看多，建議進場', '月線趨勢良好，適合中長期持有', '日線短期強勢，進場時機良好', '多時間框架較為一致']",74.84142897899396,0.32487568468040706,1.1838380393662615,16.01999988555908,55,不建議進場,不建議進場,17.64,極低,,無多頭訊號,8.48938380101654,,,,,,,,,,,0.0
AFRM,"Affirm Holdings, Inc.",US,75.97000122070312,84.6500015258789,"['RSI從超賣區反轉', 'MACD為正', '成交量適中', 'ADX趨勢不明', '均線完美多頭排列', '價格通道向上', '成交量配合不佳', '動量減速', '指標斜率向下', '相對強度強勁', '上漲動能不足', '波動率過高', '趨勢反轉初步確認', '短期動能未轉折', '價格結構未反轉', '高波動風險', '良好進場時機', '動量加速向上', '測試關鍵支撐位', '錘子線形態', '均線黃金交叉', '布林通道理想位置', '錘子線形態', '錘子線形態', '錘子線形態', '接近關鍵支撐位', '溫和放量', '成交量多頭排列', '多時間框架看多，建議進場', '月線趨勢良好，適合中長期持有', '日線短期強勢，進場時機良好', '多時間框架高度一致', 'RSI+MACD同步', '接近抄底價位']",44.19643237274494,2.183215728118995,1.3188546322857868,73.91850026448567,55,不建議進場,不建議進場,45.0,中等,,無多頭訊號,2.775355220786455,,,,,,,,,,,0.0
MP,MP Materials Corp.,US,63.81999969482422,53.64941135755937,"['RSI偏高', 'MACD為正', 'MACD柱狀圖為正', 'SAR翻多且趨勢向上', 'OBV突破均線', '成交量適中', '價格在20日均線之上', '價格在5日均線之上', '接近布林通道上軌風險', '短期和中期動量均為正', 'ADX趨勢不明', '價格通道強勢向上', '成交量配合不佳', '動量減速', '相對強度強勁', '波動率過高', '支撐位薄弱', '趨勢反轉初步確認', '反轉強度強勁', '短期動能未轉折', '高波動風險', '進場時機不佳', 'MACD強勢多頭', '短期多頭排列', '布林通道超買區', '錘子線形態', '上升底部結構', '溫和放量', '多時間框架中性偏多，謹慎進場', '月線趨勢良好，適合中長期持有', '日線短期強勢，進場時機良好', '接近抄底價位']",69.71978642797177,1.2450744293287173,1.3743334154312772,62.400001525878906,55,不建議進場,不建議進場,25.199999999999996,低,,無多頭訊號,2.2756380356119097,,,,,,,,,,,0.0
KO,The Coca-Cola Company,US,71.23999786376953,67.53550953865052,"['MACD柱狀圖為正', 'SAR翻多且趨勢向上', '價格在20日均線之上', '價格在5日均線之上', '接近布林通道上軌風險', '短期和中期動量均為正', 'ADX趨勢不明', '成交量配合不佳', '動量強勁加速', '所有指標斜率向上', '相對強度為正', '上漲動能強勁', '波動率低', '趨勢反轉初步確認', '反轉強度強勁', '短期動能轉折', '測試關鍵支撐位', 'RSI健康上升', 'MACD強勢多頭', '布林通道超買區', '強勢長紅K', '強勢長紅K', '強勢長紅K', '靠近支撐位', '上升底部結構', '接近突破阻力', '多時間框架強烈看多，建議積極進場', '月線趨勢良好，適合中長期持有', '週線支持上漲，中期看好', '日線短期強勢，進場時機良好', '多時間框架高度一致', '接近抄底價位']",56.91274631689547,-0.08240026941170697,1.1687770161044615,71.07081210401583,85,不建議進場,不建議進場,47.24999999999999,中等,,無多頭訊號,0.23805238007705634,,,,,,,,,,,0.0
CSCO,"Cisco Systems, Inc.",US,75.47000122070312,76.27150473262657,"['RSI從超賣區反轉', '價格在5日均線之上', 'ADX趨勢不明', '均線排列不佳', '成交量配合良好', '動量強勁加速', '指標斜率向下', '波動率低', '支撐位可靠', '趨勢反轉初步確認', '反轉強度不足', '反轉可信度高', '低波動風險', '測試關鍵支撐位', 'RSI健康上升', '價格低於關鍵均線', '布林通道理想位置', '強勢長紅K', '強勢長紅K', '靠近支撐位', '底部抬升', '多時間框架中性偏多，謹慎進場', '月線趨勢良好，適合中長期持有', '週線支持上漲，中期看好', '日線短期弱勢，等待更好時機', '接近抄底價位']",30.429896905832422,-0.49199012039557033,0.8694660741481488,73.48458731761181,70,不建議進場,不建議進場,58.5,中等,,無多頭訊號,2.7018099652789034,,,,,,,,,,,0.0
QQQ,Invesco QQQ Trust,US,626.239990234375,612.3211335787297,"['MACD為正', 'MACD柱狀圖為正', 'SAR翻多且趨勢向上', 'OBV突破均線', '價格在20日均線之上', '價格在5日均線之上', '接近布林通道上軌', '短期和中期動量均為正', 'ADX趨勢不明', '均線多頭排列', '價格通道向上', '相對強度為正', '波動率低', '支撐位可靠', '趨勢反轉初步確認', '反轉可信度高', '短期動能未轉折', '價格結構完美反轉', '低波動風險', '良好進場時機', '接近近期低點', '測試關鍵支撐位', 'MACD強勢多頭', '短期多頭排列', '強勢長紅K', '錘子線形態', '接近關鍵支撐位', '上升底部結構', '接近突破阻力', '多時間框架強烈看多，建議積極進場', '月線趨勢良好，適合中長期持有', '週線支持上漲，中期看好', '日線短期強勢，進場時機良好', '多時間框架高度一致', '接近抄底價位']",59.34586491789232,2.7290325103074338,0.9553026877317763,619.5668009440104,70,建議進場,建議進場,71.55000000000001,高,,無多頭訊號,1.077073413261797,,,,,,,,,,,0.0
LUNR,"Intuitive Machines, Inc.",US,17.56999969482422,16.575209082464752,"['MACD為正', 'MACD柱狀圖為正', 'SAR翻多且趨勢向上', '成交量適中', '價格在20日均線之上', 'ADX趨勢不明', '均線完美多頭排列', '價格通道向上', '成交量配合不佳', '動量減速', '指標斜率向下', '相對強度強勁', '上漲動能不足', '波動率過高', '支撐位薄弱', '趨勢反轉初步確認', '反轉可信度高', '短期動能未轉折', '高波動風險', '進場時機不佳', 'MACD強勢多頭', '均線黃金交叉', '錘子線形態', '錘子線形態', '溫和放量', '成交量短期放大', '多時間框架強烈看多，建議積極進場', '月線趨勢良好，適合中長期持有', '週線支持上漲，中期看好', '日線短期強勢，進場時機良好', '多時間框架高度一致']",54.41766772177291,1.905556175583765,1.2628409123780628,14.35666659673055,55,不建議進場,不建議進場,51.0,中等,,無多頭訊號,22.38216703329617,,,,,,,,,,,0.0
DJT,Trump Media & Technology Group Corp.,US,13.989999771118164,12.87419337344202,"['RSI從超賣區反轉', 'MACD為正', 'MACD柱狀圖為正', 'SAR翻多且趨勢向上', 'OBV突破均線且斜率為正', '成交量萎縮', '價格在20日均線之上', '價格在5日均線之上', 'ADX趨勢不明', '均線多頭排列', '動量減速', '指標斜率向下', '相對強度強勁', '波動率過高', '趨勢反轉初步確認', '短期動能未轉折', '價格結構未反轉', '高波動風險', '良好進場時機', '短期動量轉正', '動量加速向上', '錘子線形態', 'RSI健康上升', 'MACD強勢多頭', '完美多頭排列', '錘子線形態', '接近關鍵支撐位', '成交量萎縮', '多時間框架偏空，建議觀望', '月線趨勢不佳，避免長期持有', '日線短期強勢，進場時機良好', 'RSI+MACD同步']",46.55737771554751,0.46421892724866964,0.2608192433564454,12.756666628519694,70,不建議進場,不建議進場,57.0,中等,,無多頭訊號,9.668145907655408,,,,,,,,,,,0.0
XLV,State Street Health Care Select Sector SPDR ETF,US,156.74000549316406,154.3834626899719,"['MACD為正', 'SAR翻多且趨勢向上', '價格在20日均線之上', 'ADX趨勢不明', '均線完美多頭排列', '價格通道向上', '指標斜率向下', '相對強度為正', '上漲動能不足', '波動率低', '支撐位可靠', '趨勢反轉初步確認', '反轉可信度高', '短期動能未轉折', '價格結構未反轉', '低波動風險', '良好進場時機', '接近近期低點', '測試關鍵支撐位', '均線黃金交叉', '錘子線形態', '靠近支撐位', '多時間框架強烈看多，建議積極進場', '月線趨勢良好，適合中長期持有', '週線支持上漲，中期看好', '日線短期強勢，進場時機良好', '多時間框架高度一致', '接近抄底價位']",56.27178163470919,1.3670211812373907,1.1430341056983493,154.74574483235676,85,建議進場,建議進場,60.0,高,,無多頭訊號,1.2887337632241676,,,,,,,,,,,0.0
GLXY,Galaxy Digital,US,26.81999969482422,23.003645645616597,"['RSI偏高', 'MACD柱狀圖為正', 'SAR翻多且趨勢向上', 'OBV突破均線且斜率為正', '價格在20日均線之上', '價格在5日均線之上', '接近布林通道上軌風險', '短期和中期動量均為正', 'ADX趨勢不明', '價格通道向下', '動量減速', '相對強度強勁', '上漲動能強勁', '波動率過高', '支撐位薄弱', '短期動能未轉折', '高波動風險', '動量加速向上', 'MACD強勢多頭', '短期多頭排列', '布林通道超買區', '錘子線形態', '強勢長紅K', '底部抬升', '接近突破阻力', '價漲量增良好配合', '成交量短期放大', '多時間框架看多，建議進場', '月線趨勢良好，適合中長期持有', '日線短期強勢，進場時機良好', '多時間框架較為一致']",61.71792103371458,-0.2960216532497526,0.9516788927389481,25.36166674296061,55,不建議進場,不建議進場,20.160000000000004,低,,無多頭訊號,5.750146339527871,,,,,,,,,,,0.0
KMX,"CarMax, Inc.",US,46.45000076293945,38.400062480815905,"['RSI超買風險', 'MACD為正', 'MACD柱狀圖為正', 'SAR翻多且趨勢向上', 'OBV突破均線且斜率為正', '價格在20日均線之上', '價格在5日均線之上', '接近布林通道上軌風險', '短期和中期動量均為正', 'ADX趨勢不明', '均線完美多頭排列', '價格通道強勢向上', '成交量配合良好', '動量減速', '所有指標斜率向上', '相對強度強勁', '上漲動能強勁', '波動率過高', '支撐位薄弱', '趨勢反轉初步確認', '反轉強度強勁', '短期動能未轉折', '進場時機不佳', 'RSI超買風險', 'MACD強勢多頭', '完美多頭排列', '布林通道超買區', '錘子線形態', '錘子線形態', '上升底部結構', '接近突破阻力', '價漲量增完美配合', '多時間框架中性偏多，謹慎進場', '月線趨勢不佳，避免長期持有', '週線支持上漲，中期看好', '日線短期強勢，進場時機良好']",88.07337234121856,1.6044005446545597,0.8826367794265132,41.130001068115234,70,不建議進場,不建議進場,22.049999999999997,低,,無多頭訊號,12.93459653943064,,,,,,,,,,,0.0
LMND,"Lemonade, Inc.",US,81.41999816894531,71.3961841922273,"['RSI從超賣區反轉', 'MACD為正', 'MACD柱狀圖為正', 'SAR翻多且趨勢向上', 'OBV突破均線', '價格在20日均線之上', '短期和中期動量均為正', 'ADX趨勢不明', '均線多頭排列', '價格通道強勢向上', '動量減速', '相對強度強勁', '波動率過高', '趨勢反轉初步確認', '反轉強度強勁', '反轉可信度極高', '短期動能未轉折', '價格結構未反轉', '高波動風險', '進場時機不佳', 'MACD強勢多頭', '均線黃金交叉', '錘子線形態', '強勢長紅K', '接近關鍵支撐位', '上升底部結構', '成交量短期放大', '多時間框架強烈看多，建議積極進場', '月線趨勢良好，適合中長期持有', '週線支持上漲，中期看好', '日線短期強勢，進場時機良好', '多時間框架高度一致', 'RSI+MACD同步', '接近抄底價位']",48.52071273043357,1.9575278552823079,1.1858746761347279,78.15733337402344,55,謹慎觀望,謹慎觀望,73.5,高,,無多頭訊號,4.174483255855633,,,,,,,,,,,0.0
CSGP,"CoStar Group, Inc.",US,61.81999969482422,67.43893876037598,"['RSI從超賣區反轉', 'OBV突破均線且斜率為正', '成交量放大', '價格在5日均線之上', '接近布林通道下軌', '短期和中期動量均為負', 'ADX趨勢不明', '均線排列不佳', '價格通道向下', '成交量配合不佳', '動量加速', '指標斜率向下', '反轉強度不足', '價格結構未反轉', '良好進場時機', '動量加速向上', '放量上漲', 'RSI超賣反彈', 'RSI健康上升', '價格低於關鍵均線', '布林通道理想位置', '底部抬升', '爆量確認', '價漲量增良好配合', '成交量多頭排列', '多時間框架偏空，建議觀望', '月線趨勢不佳，避免長期持有', '週線壓力較大，中期謹慎', '日線短期弱勢，等待更好時機', '多時間框架高度一致', '成交量確認', '接近抄底價位']",35.9246109253186,-1.7769545790072812,2.207214918931884,59.29999923706055,85,不建議進場,不建議進場,40.5,中等,,無多頭訊號,4.24957924145934,,,,,,,,,,,0.0
UAL,"United Airlines Holdings, Inc.",US,114.41000366210938,112.89286791711456,"['RSI從超賣區反轉', 'MACD為正', 'SAR翻多且趨勢向上', '價格在20日均線之上', 'ADX趨勢不明', '均線完美多頭排列', '價格通道向上', '動量減速', '指標斜率向下', '相對強度強勁', '上漲動能不足', '支撐位良好', '趨勢反轉初步確認', '反轉可信度高', '短期動能未轉折', '價格結構未反轉', '良好進場時機', '接近近期低點', '動量加速向上', '測試關鍵支撐位', '均線黃金交叉', '錘子線形態', '錘子線形態', '錘子線形態', '接近關鍵支撐位', '成交量短期放大', '多時間框架強烈看多，建議積極進場', '月線趨勢良好，適合中長期持有', '週線支持上漲，中期看好', '日線短期強勢，進場時機良好', '多時間框架高度一致', 'RSI+MACD同步', '接近抄底價位']",45.98104420289551,2.9236051045724594,1.1756851685416474,111.06099929809571,70,建議進場,建議進場,60.0,高,,無多頭訊號,3.0154639208897245,,,,,,,,,,,0.0
SCHW,The Charles Schwab Corporation,US,101.18000030517578,104.41477711677553,"['RSI從超賣區反轉', 'MACD為正', '價格在20日均線之上', '短期和中期動量均為負', 'ADX趨勢不明', '價格通道向上', '動量減速', '指標斜率向下', '相對強度強勁', '上漲動能不足', '支撐位良好', '反轉強度不足', '短期動能未轉折', '價格結構反轉', '良好進場時機', '接近近期低點', '測試關鍵支撐位', '均線黃金交叉', '強勢長紅K', '接近關鍵支撐位', '底部抬升', '多時間框架強烈看多，建議積極進場', '月線趨勢良好，適合中長期持有', '週線支持上漲，中期看好', '日線短期強勢，進場時機良好', '多時間框架高度一致', 'RSI+MACD同步', '接近抄底價位']",49.099438459686375,1.622809517926683,0.8695754371227927,98.43300018310546,85,不建議進場,不建議進場,45.0,中等,,無多頭訊號,2.7907308696883537,,,,,,,,,,,0.0
GIS,"General Mills, Inc.",US,44.27000045776367,44.68000030517578,"['RSI從超賣區反轉', '價格在5日均線之上', 'ADX趨勢不明', '均線排列不佳', '成交量配合不佳', '動量強勁加速', '所有指標斜率向上', '上漲動能良好', '支撐位可靠', '趨勢反轉初步確認', '反轉可信度高', '良好進場時機', 'RSI超賣反彈', '測試關鍵支撐位', 'RSI健康上升', '價格低於關鍵均線', '布林通道理想位置', '強勢長紅K', '強勢長紅K', '靠近支撐位', '上升底部結構', '價漲量縮警告', '多時間框架偏空，建議觀望', '月線趨勢不佳，避免長期持有', '週線壓力較大，中期謹慎', '多時間框架較為一致', '接近抄底價位']",36.78722665797687,-0.7115782747972901,0.97772942598055,42.21985912304793,85,不建議進場,不建議進場,61.5,高,,無多頭訊號,4.855869671996517,,,,,,,,,,,0.0
LLY,Eli Lilly and Company,US,1077.18994140625,1046.4634106918747,"['MACD為正', 'SAR翻多且趨勢向上', '成交量萎縮', '價格在20日均線之上', 'ADX趨勢不明', '均線完美多頭排列', '價格通道強勢向上', '成交量配合不佳', '動量加速', '指標斜率向下', '相對強度為正', '上漲動能不足', '波動率低', '支撐位可靠', '趨勢反轉初步確認', '短期動能未轉折', '價格結構反轉', '良好進場時機', '接近近期低點', '測試關鍵支撐位', '均線黃金交叉', '強勢長紅K', '強勢長紅K', '接近關鍵支撐位', '底部抬升', '成交量萎縮', '多時間框架強烈看多，建議積極進場', '月線趨勢良好，適合中長期持有', '週線支持上漲，中期看好', '日線短期強勢，進場時機良好', '多時間框架高度一致', '接近抄底價位']",50.18212563412036,15.74762023885819,0.7628359647017493,1053.2083333333333,70,不建議進場,不建議進場,60.0,高,,無多頭訊號,2.277005157851018,,,,,,,,,,,0.0
AGNC,AGNC Investment Corp.,US,11.350000381469727,11.190000057220459,"['RSI超買風險', 'MACD為正', 'MACD柱狀圖為正', 'SAR翻多且趨勢向上', 'OBV突破均線', '價格在20日均線之上', '價格在5日均線之上', '接近布林通道上軌風險', '短期和中期動量均為正', 'ADX趨勢不明', '均線完美多頭排列', '價格通道向上', '成交量配合不佳', '動量減速', '相對強度強勁', '趨勢反轉初步確認', '反轉強度強勁', '短期動能未轉折', '價格結構未反轉', '低波動風險', '測試關鍵支撐位', 'RSI超買風險', 'MACD強勢多頭', '完美多頭排列', '布林通道超買區', '錘子線形態', '上升底部結構', '多時間框架強烈看多，建議積極進場', '月線趨勢良好，適合中長期持有', '週線支持上漲，中期看好', '日線短期強勢，進場時機良好', '多時間框架高度一致']",75.70164907307397,0.2852181938719607,1.0427535731660367,10.648066488901774,55,不建議進場,不建議進場,17.64,極低,,無多頭訊號,6.592125371301553,,,,,,,,,,,0.0
VALE,Vale S.A.,US,14.109999656677246,13.331800781745255,"['RSI偏高', 'MACD為正', 'MACD柱狀圖為正', 'SAR翻多且趨勢向上', 'OBV突破均線且斜率為正', '價格在20日均線之上', '價格在5日均線之上', '接近布林通道上軌風險', 'ADX趨勢不明', '均線完美多頭排列', '價格通道向上', '動量減速', '相對強度強勁', '支撐位薄弱', '短期動能未轉折', '價格結構反轉', '良好進場時機', '上升底部結構', '動量加速向上', 'MACD強勢多頭', '完美多頭排列', '布林通道超買區', '接近關鍵支撐位', '底部抬升', '接近突破阻力', '價漲量增良好配合', '多時間框架強烈看多，建議積極進場', '月線趨勢良好，適合中長期持有', '週線支持上漲，中期看好', '日線短期強勢，進場時機良好', '多時間框架高度一致']",68.74998370186975,0.3795405186863423,1.0698008785721023,13.226000022888183,55,不建議進場,不建議進場,27.72,低,,無多頭訊號,6.683801846811299,,,,,,,,,,,0.0
COHR,Coherent Corp.,US,190.02999877929688,199.20694589385985,"['RSI從超賣區反轉', 'MACD為正', 'OBV突破均線且斜率為正', '成交量適中', '價格在20日均線之上', '價格在5日均線之上', 'ADX趨勢不明', '動量減速', '指標斜率向下', '相對強度強勁', '支撐位良好', '趨勢反轉初步確認', '反轉可信度高', '價格結構未反轉', '高波動風險', '適當進場時機', '放量上漲', '測試關鍵支撐位', '錘子線形態', '強勢長紅K', '錘子線形態', '接近關鍵支撐位', '上升底部結構', '溫和放量', '價漲量縮警告', '多時間框架強烈看多，建議積極進場', '月線趨勢良好，適合中長期持有', '週線支持上漲，中期看好', '多時間框架較為一致', '成交量確認', 'RSI+MACD同步', '接近抄底價位']",49.34219854596707,4.464097255245605,1.2076158689220966,183.87266591389974,55,謹慎觀望,謹慎觀望,63.0,高,,無多頭訊號,3.3486939642678437,,,,,,,,,,,0.0
AXP,American Express Company,US,358.0,385.491259765625,"['RSI從超賣區反轉', 'MACD為正', '成交量適中', '接近布林通道下軌', '短期和中期動量均為負', 'ADX趨勢不明', '均線排列不佳', '成交量配合不佳', '動量減速', '指標斜率向下', '相對強度為負', '上漲動能不足', '波動率低', '支撐位良好', '趨勢反轉初步確認', '反轉強度不足', '短期動能未轉折', '價格結構未反轉', '良好進場時機', '接近近期低點', '動量加速向上', '測試關鍵支撐位', '價格低於關鍵均線', '布林通道超賣區', '錘子線形態', '接近關鍵支撐位', '底部抬升', '溫和放量', '成交量多頭排列', '多時間框架中性偏多，謹慎進場', '月線趨勢良好，適合中長期持有', '日線短期弱勢，等待更好時機', 'RSI+MACD同步', '接近抄底價位']",33.04522352179916,0.10830731724837506,1.359696924387823,348.70538330078125,55,不建議進場,不建議進場,33.0,低,,無多頭訊號,2.6654640691914797,,,,,,,,,,,0.0
VRT,Vertiv Holdings Co,US,172.72000122070312,154.10552336629758,"['MACD柱狀圖為正', 'SAR翻多且趨勢向上', 'OBV突破均線且斜率為正', '成交量萎縮', '價格在20日均線之上', '價格在5日均線之上', '接近布林通道上軌', 'ADX趨勢不明', '均線排列不佳', '動量減速', '相對強度強勁', '反轉強度不足', '反轉可信度低', '高波動風險', '進場時機不佳', 'MACD強勢多頭', '短期多頭排列', '強勢長紅K', '上升底部結構', '成交量萎縮', '多時間框架強烈看多，建議積極進場', '月線趨勢良好，適合中長期持有', '週線支持上漲，中期看好', '日線短期強勢，進場時機良好', '多時間框架高度一致', '接近抄底價位']",56.56586021505376,-0.5715370379892306,0.6300598015831864,170.1613337198893,70,不建議進場,不建議進場,37.8,低,,無多頭訊號,1.5036715127220124,,,,,,,,,,,0.0
SHOP,Shopify Inc.,US,167.44000244140625,171.19001743458406,"['RSI從超賣區反轉', 'MACD為正', '價格在20日均線之上', '價格在5日均線之上', '短期和中期動量均為負', 'ADX趨勢不明', '均線多頭排列', '指標斜率向下', '相對強度為正', '支撐位良好', '趨勢反轉初步確認', '反轉強度不足', '短期動能未轉折', '價格結構反轉', '高波動風險', '適當進場時機', '動量加速向上', '測試關鍵支撐位', '完美多頭排列', '錘子線形態', '錘子線形態', '接近關鍵支撐位', '上升底部結構', '成交量短期放大', '多時間框架強烈看多，建議積極進場', '月線趨勢良好，適合中長期持有', '週線支持上漲，中期看好', '日線短期強勢，進場時機良好', '多時間框架高度一致', 'RSI+MACD同步', '接近抄底價位']",47.02429068187307,1.574879081981294,0.868287593140282,164.1683339436849,70,不建議進場,不建議進場,57.0,中等,,無多頭訊號,1.9928742767430654,,,,,,,,,,,0.0
XLP,State Street Consumer Staples Select Sector SPDR ETF,US,81.11000061035156,76.79200172424316,"['RSI超買風險', 'MACD為正', 'MACD柱狀圖為正', 'SAR翻多且趨勢向上', 'OBV突破均線且斜率為正', '成交量放大', '價格在20日均線之上', '價格在5日均線之上', '接近布林通道上軌風險', '短期和中期動量均為正', 'ADX趨勢不明', '均線完美多頭排列', '價格通道向上', '成交量配合良好', '動量加速', '所有指標斜率向上', '相對強度為正', '上漲動能極強', '波動率低', '趨勢反轉初步確認', '反轉強度極強', '低波動風險', '適當進場時機', '放量上漲', 'RSI超買風險', 'MACD強勢多頭', '完美多頭排列', '布林通道超買區', '強勢長紅K', '強勢長紅K', '強勢長紅K', '靠近支撐位', '上升底部結構', '接近突破阻力', '明顯放量', '成交量多頭排列', '多時間框架強烈看多，建議積極進場', '週線支持上漲，中期看好', '日線短期強勢，進場時機良好', '多時間框架較為一致', '成交量確認', '接近抄底價位']",71.3907636775927,0.4532712306841802,1.7967875980269339,79.26000213623047,70,謹慎觀望,謹慎觀望,31.5,低,,無多頭訊號,2.334088347539222,,,,,,,,,,,0.0
DELL,Dell Technologies Inc.,US,119.66000366210938,129.3283331186763,"['RSI從超賣區反轉', '接近布林通道下軌', '短期和中期動量均為負', 'ADX趨勢不明', '均線排列不佳', '價格通道向下', '動量強勁加速', '相對強度為負', '反轉強度不足', '價格結構未反轉', '測試關鍵支撐位', '價格低於關鍵均線', '布林通道超賣區', '錘子線形態', '錘子線形態', '靠近支撐位', '上升底部結構', '多時間框架偏空，建議觀望', '週線壓力較大，中期謹慎', '日線短期弱勢，等待更好時機', '接近抄底價位']",33.61624293175639,-3.7580962529091835,0.9616367064932141,118.5,85,不建議進場,不建議進場,36.0,低,,無多頭訊號,0.9789060439741561,,,,,,,,,,,0.0
DOW,Dow Inc.,US,26.549999237060547,23.38423361758734,"['RSI超買風險', 'MACD為正', 'MACD柱狀圖為正', 'SAR翻多且趨勢向上', 'OBV突破均線且斜率為正', '價格在20日均線之上', '價格在5日均線之上', '接近布林通道上軌風險', '短期和中期動量均為正', 'ADX趨勢不明', '均線完美多頭排列', '價格通道強勢向上', '成交量配合不佳', '動量減速', '所有指標斜率向上', '相對強度強勁', '上漲動能極強', '波動率過高', '支撐位薄弱', '趨勢反轉初步確認', '反轉強度強勁', '短期動能未轉折', '高波動風險', '進場時機不佳', 'RSI超買風險', 'MACD強勢多頭', '完美多頭排列', '布林通道超買區', '錘子線形態', '上升底部結構', '接近突破阻力', '價漲量增良好配合', '成交量短期放大', '多時間框架強烈看多，建議積極進場', '週線支持上漲，中期看好', '日線短期強勢，進場時機良好', '多時間框架較為一致']",76.66095978876862,0.8499710762782016,0.958453301773155,23.99200007120768,55,不建議進場,不建議進場,21.419999999999995,低,,無多頭訊號,10.661883787349058,,,,,,,,,,,0.0
GS,"The Goldman Sachs Group, Inc.",US,938.1500244140625,900.93644954303,"['RSI偏高', 'MACD為正', 'MACD柱狀圖為正', 'SAR翻多且趨勢向上', 'OBV突破均線', '價格在20日均線之上', '接近布林通道上軌', 'ADX趨勢不明', '均線完美多頭排列', '價格通道向上', '成交量配合不佳', '動量減速', '指標斜率向下', '相對強度強勁', '上漲動能不足', '反轉可信度高', '短期動能未轉折', '價格結構未反轉', '適當進場時機', '接近近期低點', 'MACD強勢多頭', '均線黃金交叉', '錘子線形態', '錘子線形態', '強勢長紅K', '接近關鍵支撐位', '底部抬升', '多時間框架強烈看多，建議積極進場', '月線趨勢良好，適合中長期持有', '週線支持上漲，中期看好', '日線短期強勢，進場時機良好', '多時間框架高度一致']",61.73632828652835,26.380407733110246,0.9615511474552708,892.9430053710937,70,不建議進場,不建議進場,30.240000000000006,低,,無多頭訊號,5.062699273195094,,,,,,,,,,,0.0
ZETA,Zeta Global Holdings Corp.,US,23.510000228881836,20.085563118069533,"['RSI超買風險', 'MACD為正', 'MACD柱狀圖為正', 'SAR翻多且趨勢向上', 'OBV突破均線', '價格在20日均線之上', '接近布林通道上軌', 'ADX趨勢不明', '均線完美多頭排列', '價格通道強勢向上', '動量減速', '相對強度強勁', '波動率過高', '支撐位薄弱', '短期動能未轉折', '高波動風險', '進場時機不佳', 'RSI超買風險', 'MACD強勢多頭', '均線黃金交叉', '錘子線形態', '靠近支撐位', '多時間框架強烈看多，建議積極進場', '月線趨勢良好，適合中長期持有', '週線支持上漲，中期看好', '日線短期強勢，進場時機良好', '多時間框架高度一致']",74.4580639420281,1.4603476644966094,0.9465990975042565,19.965666643778484,55,不建議進場,不建議進場,20.25,低,,無多頭訊號,17.75214245705041,,,,,,,,,,,0.0
CVNA,Carvana Co.,US,468.54998779296875,397.55966058624267,"['RSI偏高', 'MACD為正', 'MACD柱狀圖為正', 'SAR翻多且趨勢向上', 'OBV突破均線且斜率為正', '成交量萎縮', '價格在20日均線之上', '價格在5日均線之上', '接近布林通道上軌風險', '短期和中期動量均為正', 'ADX趨勢不明', '成交量配合不佳', '所有指標斜率向上', '相對強度為正', '上漲動能極強', '支撐位薄弱', '趨勢反轉初步確認', '反轉強度強勁', '價格結構反轉', '高波動風險', '良好進場時機', 'MACD柱狀圖轉正', '錘子線形態', 'MACD強勢多頭', '完美多頭排列', '布林通道超買區', '強勢長紅K', '錘子線形態', '靠近支撐位', '上升底部結構', '接近突破阻力', '成交量萎縮', '多時間框架強烈看多，建議積極進場', '月線趨勢良好，適合中長期持有', '週線支持上漲，中期看好', '日線短期強勢，進場時機良好', '多時間框架高度一致', '接近抄底價位']",63.04476996014269,15.342269967387722,0.5109093599226616,450.0799865722656,70,不建議進場,不建議進場,32.76,低,,無多頭訊號,4.103715288779576,,,,,,,,,,,0.0
TEM,"Tempus AI, Inc.",US,67.1500015258789,60.76893152988647,"['MACD柱狀圖為正', 'SAR翻多且趨勢向上', 'OBV突破均線', '成交量適中', '價格在20日均線之上', 'ADX趨勢不明', '成交量配合不佳', '動量減速', '反轉可信度高', '短期動能未轉折', '高波動風險', '良好進場時機', '接近近期低點', '測試關鍵支撐位', 'MACD強勢多頭', '均線黃金交叉', '接近關鍵支撐位', '溫和放量', '成交量多頭排列', '多時間框架中性偏多，謹慎進場', '週線壓力較大，中期謹慎', '日線短期強勢，進場時機良好', '接近抄底價位']",52.348230703081114,-1.1343115069382321,1.3871798081826203,64.69999694824219,55,不建議進場,不建議進場,48.0,中等,,無多頭訊號,3.7867151363185374,,,,,,,,,,,0.0
PAAS,Pan American Silver Corp.,US,55.93000030517578,50.16837399699999,"['MACD為正', 'SAR翻多且趨勢向上', 'OBV突破均線且斜率為正', '價格在20日均線之上', '價格在5日均線之上', '接近布林通道上軌風險', '短期和中期動量均為正', 'ADX趨勢不明', '均線完美多頭排列', '價格通道強勢向上', '成交量配合不佳', '動量減速', '相對強度強勁', '上漲動能良好', '支撐位薄弱', '趨勢反轉初步確認', '反轉強度強勁', '短期動能未轉折', '高波動風險', '進場時機不佳', '完美多頭排列', '布林通道超買區', '錘子線形態', '強勢長紅K', '上升底部結構', '價漲量縮警告', '多時間框架強烈看多，建議積極進場', '月線趨勢良好，適合中長期持有', '週線支持上漲，中期看好', '日線短期強勢，進場時機良好', '多時間框架高度一致']",56.57657938370465,2.5436388989733842,0.9559706111464037,50.688666661580406,55,不建議進場,不建議進場,40.949999999999996,中等,,無多頭訊號,10.34024761114511,,,,,,,,,,,0.0
DDOG,"Datadog, Inc.",US,125.5,144.33655697746278,"['RSI嚴重超賣', '成交量適中', '接近布林通道下軌', '短期和中期動量均為負', 'ADX趨勢不明', '均線排列不佳', '價格通道向下', '成交量配合不佳', '動量加速', '指標斜率向下', '相對強度為負', '上漲動能不足', '反轉強度不足', '短期動能未轉折', '價格結構未反轉', '高波動風險', '良好進場時機', '接近近期低點', '動量加速向上', '測試關鍵支撐位', '價格低於關鍵均線', '布林通道超賣區', '錘子線形態', '溫和放量', '多時間框架偏空，建議觀望', '月線趨勢良好，適合中長期持有', '週線壓力較大，中期謹慎', '日線短期弱勢，等待更好時機', '接近抄底價位']",26.428187789458846,-6.638707707851097,1.344283753935684,123.3550033569336,85,不建議進場,不建議進場,27.0,低,,無多頭訊號,1.7388809409373984,,,,,,,,,,,0.0
PANW,"Palo Alto Networks, Inc.",US,190.85000610351562,178.7018959351489,"['MACD柱狀圖為正', 'SAR翻多且趨勢向上', 'OBV突破均線且斜率為正', '價格在20日均線之上', '價格在5日均線之上', '接近布林通道上軌', '短期和中期動量均為正', 'ADX趨勢不明', '成交量配合不佳', '動量加速', '相對強度為正', '上漲動能良好', '波動率低', '趨勢反轉初步確認', '短期動能未轉折', '良好進場時機', '接近近期低點', '測試關鍵支撐位', 'MACD強勢多頭', '短期多頭排列', '接近關鍵支撐位', '上升底部結構', '價漲量增良好配合', '多時間框架看多，建議進場', '月線趨勢良好，適合中長期持有', '日線短期強勢，進場時機良好', '多時間框架較為一致', '接近抄底價位']",51.99413632769623,-1.1590319149429433,0.9469185608096123,189.07566782633464,85,不建議進場,不建議進場,55.349999999999994,中等,,無多頭訊號,0.938427613441361,,,,,,,,,,,0.0
ENPH,"Enphase Energy, Inc.",US,36.369998931884766,33.05966169522639,"['RSI偏高', 'MACD為正', 'MACD柱狀圖為正', 'SAR翻多且趨勢向上', 'OBV突破均線', '價格在20日均線之上', '價格在5日均線之上', '接近布林通道上軌風險', '短期和中期動量均為正', 'ADX趨勢不明', '均線完美多頭排列', '價格通道強勢向上', '成交量配合良好', '動量減速', '相對強度強勁', '支撐位薄弱', '趨勢反轉初步確認', '反轉強度強勁', '短期動能未轉折', '適當進場時機', '錘子線形態', 'MACD強勢多頭', '完美多頭排列', '布林通道超買區', '錘子線形態', '錘子線形態', '上升底部結構', '多時間框架中性偏多，謹慎進場', '月線趨勢不佳，避免長期持有', '週線支持上漲，中期看好', '日線短期強勢，進場時機良好']",66.39998674665756,1.2333972009404164,1.1838486243149025,32.69166660308838,55,不建議進場,不建議進場,31.92,低,,無多頭訊號,11.251590117613935,,,,,,,,,,,0.0
HAL,Halliburton Company,US,32.61000061035156,30.2620236262586,"['RSI超買風險', 'MACD為正', 'MACD柱狀圖為正', 'SAR翻多且趨勢向上', 'OBV突破均線且斜率為正', '價格在20日均線之上', '價格在5日均線之上', '接近布林通道上軌風險', '短期和中期動量均為正', 'ADX趨勢不明', '均線完美多頭排列', '成交量配合不佳', '動量減速', '相對強度強勁', '上漲動能強勁', '波動率過高', '支撐位薄弱', '趨勢反轉初步確認', '反轉強度強勁', '短期動能未轉折', '價格結構反轉', '高波動風險', '進場時機不佳', 'RSI超買風險', 'MACD強勢多頭', '完美多頭排列', '布林通道超買區', '強勢長紅K', '靠近支撐位', '上升底部結構', '接近突破阻力', '多時間框架強烈看多，建議積極進場', '月線趨勢良好，適合中長期持有', '週線支持上漲，中期看好', '日線短期強勢，進場時機良好', '多時間框架高度一致', '接近抄底價位']",72.36840606575059,1.3152285998682345,1.0231961727511554,31.190000534057617,55,不建議進場,不建議進場,18.9,極低,,無多頭訊號,4.5527414298803555,,,,,,,,,,,0.0
WDC,Western Digital Corporation,US,214.0,178.6359283491535,"['RSI偏高', 'MACD為正', 'MACD柱狀圖為正', 'SAR翻多且趨勢向上', 'OBV突破均線且斜率為正', '成交量萎縮', '價格在20日均線之上', '價格在5日均線之上', '接近布林通道上軌風險', 'ADX趨勢不明', '均線完美多頭排列', '動量減速', '所有指標斜率向上', '相對強度強勁', '上漲動能極強', '波動率過高', '支撐位薄弱', '價格結構反轉', '極高波動風險', '進場時機不佳', 'MACD強勢多頭', '完美多頭排列', '布林通道超買區', '強勢長紅K', '強勢長紅K', '上升底部結構', '成交量萎縮', '多時間框架強烈看多，建議積極進場', '月線趨勢良好，適合中長期持有', '週線支持上漲，中期看好', '日線短期強勢，進場時機良好', '多時間框架高度一致']",65.6234280138699,11.17133927911911,0.7196529815711779,180.52150065104166,70,不建議進場,不建議進場,30.240000000000002,低,,無多頭訊號,18.545435988632835,,,,,,,,,,,0.0
AIG,"American International Group, Inc.",US,72.29000091552734,81.96252451148253,"['RSI嚴重超賣', '成交量放大', '接近布林通道下軌', '短期和中期動量均為負', 'ADX趨勢不明', '均線排列不佳', '價格通道向下', '動量強勁加速', '指標斜率向下', '相對強度為負', '上漲動能不足', '波動率過高', '反轉強度不足', '短期動能未轉折', '價格結構未反轉', '良好進場時機', '接近近期低點', '動量加速向上', '放量下跌', '測試關鍵支撐位', '價格低於關鍵均線', '布林通道超賣區', '錘子線形態', '明顯放量', '成交量多頭排列', '多時間框架偏空，建議觀望', '週線壓力較大，中期謹慎', '日線短期弱勢，等待更好時機', '多時間框架較為一致', '接近抄底價位']",6.731938314883948,-1.450264010883373,1.5303233198206252,72.11000061035156,85,不建議進場,不建議進場,30.0,低,,無多頭訊號,0.2496190592875155,,,,,,,,,,,0.0
MA,Mastercard Incorporated,US,544.989990234375,587.963200273301,"['RSI嚴重超賣', 'MACD為正', '成交量放大', '接近布林通道下軌', '短期和中期動量均為負', 'ADX趨勢不明', '價格通道向上', '成交量配合不佳', '指標斜率向下', '上漲動能不足', '波動率低', '支撐位良好', '反轉強度不足', '短期動能未轉折', '價格結構反轉', '動量加速向上', '放量下跌', '測試關鍵支撐位', '價格低於關鍵均線', '布林通道超賣區', '錘子線形態', '錘子線形態', '爆量確認', '成交量多頭排列', '多時間框架偏空，建議觀望', '日線短期弱勢，等待更好時機', 'RSI+MACD同步', '接近抄底價位']",29.36004254564793,2.4647273776726024,2.8397160349094697,533.7000122070312,100,不建議進場,不建議進場,51.0,中等,,無多頭訊號,2.1154164828769346,,,,,,,,,,,0.0
XRT,State Street SPDR S&P Retail ETF,US,90.38999938964844,87.2393516792655,"['RSI偏高', 'MACD為正', 'MACD柱狀圖為正', 'SAR翻多且趨勢向上', 'OBV突破均線且斜率為正', '成交量萎縮', '價格在20日均線之上', '價格在5日均線之上', '接近布林通道上軌風險', '短期和中期動量均為正', 'ADX趨勢不明', '均線完美多頭排列', '價格通道向上', '成交量配合不佳', '動量減速', '所有指標斜率向上', '相對強度為正', '上漲動能強勁', '波動率低', '支撐位良好', '趨勢反轉初步確認', '短期動能未轉折', '價格結構反轉', '適當進場時機', '上升底部結構', 'MACD強勢多頭', '完美多頭排列', '布林通道超買區', '錘子線形態', '靠近支撐位', '上升底部結構', '接近突破阻力', '成交量萎縮', '價漲量縮警告', '多時間框架強烈看多，建議積極進場', '月線趨勢良好，適合中長期持有', '週線支持上漲，中期看好', '日線短期強勢，進場時機良好', '多時間框架高度一致', '接近抄底價位']",65.02783174269527,1.3237388786587303,0.7351176336818025,87.12100041707357,70,不建議進場,不建議進場,34.44,低,,無多頭訊號,3.752251416908913,,,,,,,,,,,0.0
XPEV,XPeng Inc.,US,21.049999237060547,19.53943164493549,"['MACD為正', 'MACD柱狀圖為正', 'SAR翻多且趨勢向上', '價格在20日均線之上', '價格在5日均線之上', '接近布林通道上軌', '短期和中期動量均為正', 'ADX趨勢不明', '均線多頭排列', '價格通道向上', '成交量配合良好', '動量加速', '相對強度強勁', '支撐位薄弱', '趨勢反轉確認', '反轉強度強勁', '短期動能未轉折', '價格結構未反轉', '高波動風險', '進場時機不佳', 'MACD強勢多頭', '完美多頭排列', '上升底部結構', '成交量多頭排列', '多時間框架強烈看多，建議積極進場', '月線趨勢良好，適合中長期持有', '日線短期強勢，進場時機良好', '多時間框架高度一致']",56.51073516078628,0.07326031964378288,1.0584015298917355,19.895666758219402,70,不建議進場,不建議進場,60.75,高,,無多頭訊號,5.801929097773317,,,,,,,,,,,0.0
CRML,Critical Metals Corp.,US,13.520000457763672,9.109684821815447,"['RSI超買風險', 'MACD為正', 'MACD柱狀圖為正', 'SAR翻多且趨勢向上', 'OBV突破均線', '成交量適中', '價格在20日均線之上', '接近布林通道上軌風險', '短期和中期動量均為正', 'ADX趨勢不明', '均線多頭排列', '價格通道強勢向上', '成交量配合不佳', '動量減速', '相對強度強勁', '波動率過高', '支撐位薄弱', '趨勢反轉初步確認', '反轉強度極強', '短期動能未轉折', '價格結構未反轉', '極高波動風險', '進場時機不佳', 'RSI超買風險', 'MACD強勢多頭', '均線黃金交叉', '布林通道超買區', '強勢長紅K', '上升底部結構', '溫和放量', '多時間框架強烈看多，建議積極進場', '月線趨勢良好，適合中長期持有', '週線支持上漲，中期看好', '日線短期強勢，進場時機良好', '多時間框架高度一致']",73.51931427791182,1.2632630395092423,1.3285768673216873,12.229999542236328,55,不建議進場,不建議進場,15.119999999999997,極低,,無多頭訊號,10.547841077772105,,,,,,,,,,,0.0
ANET,"Arista Networks, Inc.",US,129.92999267578125,139.62914020130157,"['RSI從超賣區反轉', '成交量適中', '價格在20日均線之上', '價格在5日均線之上', '短期和中期動量均為負', 'ADX趨勢不明', '均線排列不佳', '成交量配合不佳', '動量加速', '指標斜率向下', '相對強度為正', '趨勢反轉初步確認', '反轉強度不足', '高波動風險', '良好進場時機', '動量加速向上', '放量上漲', '測試關鍵支撐位', 'RSI健康上升', '錘子線形態', '強勢長紅K', '接近關鍵支撐位', '底部抬升', '溫和放量', '成交量多頭排列', '多時間框架看多，建議進場', '月線趨勢良好，適合中長期持有', '多時間框架較為一致', '成交量確認', '接近抄底價位']",48.861691710795135,-0.9951823281266456,1.3108964260633553,129.22466659545898,55,不建議進場,不建議進場,46.5,中等,,無多頭訊號,0.5458138131865384,,,,,,,,,,,0.0
COP,ConocoPhillips,US,96.45999908447266,93.50377841387056,"['MACD為正', 'MACD柱狀圖為正', 'SAR翻多且趨勢向上', '價格在20日均線之上', '價格在5日均線之上', '接近布林通道上軌', 'ADX趨勢不明', '均線完美多頭排列', '動量減速', '指標斜率向下', '相對強度為正', '支撐位良好', '趨勢反轉初步確認', '反轉強度不足', '短期動能未轉折', '適當進場時機', '短期動量轉正', '測試關鍵支撐位', 'MACD強勢多頭', '完美多頭排列', '強勢長紅K', '接近關鍵支撐位', '上升底部結構', '價漲量縮警告', '多時間框架看多，建議進場', '週線支持上漲，中期看好', '日線短期強勢，進場時機良好', '多時間框架較為一致', '接近抄底價位']",56.39464845440372,1.4815753048160616,0.998671941656848,94.08833363850911,55,不建議進場,不建議進場,48.599999999999994,中等,,無多頭訊號,2.5206796148346835,,,,,,,,,,,0.0
SPOT,Spotify Technology S.A.,US,534.6400146484375,585.3500509335516,"['RSI從超賣區反轉', '成交量放大', '接近布林通道下軌', '短期和中期動量均為負', 'ADX趨勢不明', '均線排列不佳', '價格通道向下', '成交量配合不佳', '動量加速', '指標斜率向下', '相對強度為負', '上漲動能不足', '反轉強度不足', '短期動能未轉折', '價格結構未反轉', '絕佳進場時機', '接近近期低點', '短期動量轉正', '動量加速向上', '放量上漲', '測試關鍵支撐位', 'RSI健康上升', '價格低於關鍵均線', '布林通道超賣區', '錘子線形態', '錘子線形態', '明顯放量', '價漲量增良好配合', '成交量多頭排列', '多時間框架偏空，建議觀望', '週線壓力較大，中期謹慎', '日線短期弱勢，等待更好時機', '成交量確認', '接近抄底價位']",30.600982717450236,-13.959996310430824,1.8522210620039696,529.5999755859375,100,不建議進場,不建議進場,25.5,低,,無多頭訊號,0.9516690511406868,,,,,,,,,,,0.0
CDE,"Coeur Mining, Inc.",US,20.959999084472656,17.384986292460106,"['RSI偏高', 'MACD為正', 'MACD柱狀圖為正', 'SAR翻多且趨勢向上', 'OBV突破均線', '成交量適中', '價格在20日均線之上', '價格在5日均線之上', '接近布林通道上軌風險', '短期和中期動量均為正', 'ADX趨勢不明', '均線完美多頭排列', '價格通道強勢向上', '成交量配合良好', '動量減速', '相對強度強勁', '波動率過高', '支撐位薄弱', '趨勢反轉初步確認', '反轉強度極強', '短期動能未轉折', '高波動風險', '進場時機不佳', 'MACD強勢多頭', '完美多頭排列', '布林通道超買區', '強勢長紅K', '錘子線形態', '上升底部結構', '溫和放量', '成交量多頭排列', '多時間框架強烈看多，建議積極進場', '月線趨勢良好，適合中長期持有', '週線支持上漲，中期看好', '日線短期強勢，進場時機良好', '多時間框架高度一致']",62.76201335002204,1.0009428248445928,1.2828122630997563,17.927666568756102,55,不建議進場,不建議進場,32.76,低,,無多頭訊號,16.91426212154809,,,,,,,,,,,0.0
RKT,"Rocket Companies, Inc.",US,22.760000228881836,19.08677487822909,"['RSI超買風險', 'MACD為正', 'MACD柱狀圖為正', 'SAR翻多且趨勢向上', 'OBV突破均線', '價格在20日均線之上', '價格在5日均線之上', '接近布林通道上軌風險', '短期和中期動量均為正', 'ADX趨勢不明', '均線完美多頭排列', '價格通道強勢向上', '成交量配合良好', '動量減速', '相對強度強勁', '波動率過高', '支撐位薄弱', '趨勢反轉初步確認', '反轉強度強勁', '短期動能未轉折', '高波動風險', '進場時機不佳', 'RSI超買風險', 'MACD強勢多頭', '完美多頭排列', '布林通道超買區', '錘子線形態', '強勢長紅K', '上升底部結構', '多時間框架強烈看多，建議積極進場', '月線趨勢良好，適合中長期持有', '週線支持上漲，中期看好', '日線短期強勢，進場時機良好', '多時間框架高度一致']",77.02909889324135,1.07949208751063,1.1748221759736939,19.85033327738444,55,不建議進場,不建議進場,18.9,極低,,無多頭訊號,14.6580256907444,,,,,,,,,,,0.0
JOBY,"Joby Aviation, Inc.",US,14.8100004196167,13.541517469071916,"['MACD為正', 'MACD柱狀圖為正', 'SAR翻多且趨勢向上', 'OBV突破均線', '成交量放大', '價格在20日均線之上', 'ADX趨勢不明', '成交量配合不佳', '動量減速', '相對強度為正', '波動率過高', '趨勢反轉初步確認', '反轉可信度極高', '短期動能未轉折', '價格結構未反轉', '高波動風險', '進場時機不佳', '放量下跌', '測試關鍵支撐位', 'MACD強勢多頭', '均線黃金交叉', '錘子線形態', '錘子線形態', '靠近支撐位', '明顯放量', '成交量多頭排列', '多時間框架看多，建議進場', '月線趨勢良好，適合中長期持有', '日線短期強勢，進場時機良好', '多時間框架較為一致', '接近抄底價位']",50.23042007972778,0.19685209175817242,1.501690292303697,14.63700008392334,55,不建議進場,不建議進場,54.0,中等,,無多頭訊號,1.1819384757903746,,,,,,,,,,,0.0
FXI,iShares China Large-Cap ETF,US,40.25,38.69867156790989,"['RSI偏高', 'MACD為正', 'MACD柱狀圖為正', 'SAR翻多且趨勢向上', '成交量適中', '價格在20日均線之上', '價格在5日均線之上', '接近布林通道上軌風險', '短期和中期動量均為正', 'ADX趨勢不明', '均線多頭排列', '價格通道向上', '成交量配合良好', '動量減速', '相對強度強勁', '上漲動能良好', '支撐位良好', '趨勢反轉初步確認', '反轉強度強勁', '反轉可信度高', '進場時機不佳', 'MACD強勢多頭', '完美多頭排列', '布林通道超買區', '強勢長紅K', '錘子線形態', '強勢長紅K', '靠近支撐位', '上升底部結構', '接近突破阻力', '溫和放量', '成交量多頭排列', '多時間框架強烈看多，建議積極進場', '月線趨勢良好，適合中長期持有', '日線短期強勢，進場時機良好', '多時間框架較為一致', '接近抄底價位']",64.26054363426213,0.303566345842313,1.21459159063038,39.439998626708984,85,不建議進場,不建議進場,36.12,低,,無多頭訊號,2.0537560889834263,,,,,,,,,,,0.0
JPM,JPMorgan Chase & Co.,US,310.8999938964844,335.50399551391604,"['RSI從超賣區反轉', 'MACD為正', '成交量放大', '接近布林通道下軌', '短期和中期動量均為負', 'ADX趨勢不明', '價格通道強勢向上', '成交量配合不佳', '動量減速', '指標斜率向下', '上漲動能不足', '支撐位良好', '趨勢反轉初步確認', '短期動能未轉折', '價格結構反轉', '良好進場時機', '接近近期低點', '動量加速向上', '放量下跌', '測試關鍵支撐位', '均線黃金交叉', '布林通道超賣區', '錘子線形態', '接近關鍵支撐位', '明顯放量', '成交量多頭排列', '多時間框架看多，建議進場', '月線趨勢良好，適合中長期持有', '多時間框架較為一致', 'RSI+MACD同步', '接近抄底價位']",40.43169544219363,3.2614027632840816,1.9742025897511064,308.9172145787291,85,不建議進場,不建議進場,49.5,中等,,無多頭訊號,0.6418481146993356,,,,,,,,,,,0.0
ONDS,Ondas Holdings Inc.,US,13.890000343322754,11.306191288875207,"['RSI超買風險', 'MACD為正', 'MACD柱狀圖為正', 'SAR翻多且趨勢向上', 'OBV突破均線且斜率為正', '成交量適中', '價格在20日均線之上', '價格在5日均線之上', '接近布林通道上軌風險', '短期和中期動量均為正', 'ADX趨勢不明', '均線完美多頭排列', '價格通道強勢向上', '成交量配合良好', '動量減速', '相對強度強勁', '上漲動能良好', '波動率過高', '支撐位薄弱', '趨勢反轉初步確認', '反轉強度強勁', '短期動能未轉折', '價格結構未反轉', '高波動風險', '良好進場時機', '短期動量轉正', '放量上漲', 'RSI超買風險', 'MACD強勢多頭', '完美多頭排列', '布林通道超買區', '上升底部結構', '溫和放量', '成交量多頭排列', '多時間框架強烈看多，建議積極進場', '月線趨勢良好，適合中長期持有', '週線支持上漲，中期看好', '日線短期強勢，進場時機良好', '多時間框架高度一致', '成交量確認']",74.21383113390155,1.476492155594574,1.4460428423375142,9.791500012079874,55,不建議進場,不建議進場,19.529999999999998,極低,,無多頭訊號,41.85773707998282,,,,,,,,,,,0.0
EEM,iShares MSCI Emerging Markets ETF,US,57.5099983215332,56.347338364481594,"['RSI超買風險', 'MACD為正', 'MACD柱狀圖為正', 'SAR翻多且趨勢向上', 'OBV突破均線', '成交量適中', '價格在20日均線之上', '價格在5日均線之上', '接近布林通道上軌風險', '短期和中期動量均為正', 'ADX趨勢不明', '均線完美多頭排列', '價格通道向上', '成交量配合良好', '動量減速', '相對強度強勁', '趨勢反轉初步確認', '反轉強度強勁', '短期動能未轉折', '價格結構反轉', '低波動風險', '良好進場時機', '接近近期低點', '測試關鍵支撐位', 'RSI超買風險', 'MACD強勢多頭', '完美多頭排列', '布林通道超買區', '強勢長紅K', '接近關鍵支撐位', '上升底部結構', '接近突破阻力', '溫和放量', '成交量多頭排列', '多時間框架強烈看多，建議積極進場', '月線趨勢良好，適合中長期持有', '週線支持上漲，中期看好', '日線短期強勢，進場時機良好', '多時間框架高度一致', '接近抄底價位']",79.96573306804657,1.0071918448354111,1.2154749013366788,57.209999084472656,55,不建議進場,不建議進場,22.679999999999996,低,,無多頭訊號,0.5243825237920158,,,,,,,,,,,0.0
AVGO,Broadcom Inc.,US,354.6099853515625,321.3025858726842,"['RSI偏高', 'MACD柱狀圖為正', 'SAR翻多且趨勢向上', 'OBV突破均線且斜率為正', '成交量萎縮', '價格在20日均線之上', '價格在5日均線之上', '接近布林通道上軌風險', '短期和中期動量均為正', 'ADX趨勢不明', '價格通道向下', '成交量配合不佳', '動量加速', '所有指標斜率向上', '相對強度為正', '上漲動能極強', '短期動能轉折', '進場時機不佳', 'MACD強勢多頭', '短期多頭排列', '布林通道超買區', '錘子線形態', '強勢長紅K', '靠近支撐位', '上升底部結構', '接近突破阻力', '成交量萎縮', '多時間框架強烈看多，建議積極進場', '月線趨勢良好，適合中長期持有', '日線短期強勢，進場時機良好', '多時間框架高度一致', '接近抄底價位']",61.51960993832358,-4.223035007256897,0.4954421355418606,339.7099914550781,70,不建議進場,不建議進場,28.56,低,,無多頭訊號,4.386092335012964,,,,,,,,,,,0.0
EOSE,"Eos Energy Enterprises, Inc.",US,16.81999969482422,11.959100352957366,"['RSI超買風險', 'MACD為正', 'MACD柱狀圖為正', 'SAR翻多且趨勢向上', 'OBV突破均線且斜率為正', '成交量放大', '價格在20日均線之上', '價格在5日均線之上', '接近布林通道上軌風險', '短期和中期動量均為正', 'ADX趨勢不明', '價格通道強勢向上', '成交量配合良好', '動量減速', '所有指標斜率向上', '相對強度強勁', '上漲動能極強', '波動率過高', '支撐位薄弱', '趨勢反轉初步確認', '反轉強度極強', '短期動能未轉折', '高波動風險', '適當進場時機', '放量上漲', 'RSI超買風險', 'MACD強勢多頭', '短期多頭排列', '布林通道超買區', '上升底部結構', '明顯放量', '成交量多頭排列', '多時間框架強烈看多，建議積極進場', '月線趨勢良好，適合中長期持有', '週線支持上漲，中期看好', '日線短期強勢，進場時機良好', '多時間框架高度一致', '成交量確認']",76.3052156025198,0.4256595199335571,1.9775720757798507,13.707833385467529,55,不建議進場,不建議進場,23.31,低,,無多頭訊號,22.703560962858493,,,,,,,,,,,0.0
NKE,"NIKE, Inc.",US,66.30000305175781,60.10610912049287,"['RSI超買風險', 'MACD為正', 'MACD柱狀圖為正', 'SAR翻多且趨勢向上', 'OBV突破均線且斜率為正', '成交量萎縮', '價格在20日均線之上', '價格在5日均線之上', '接近布林通道上軌', '短期和中期動量均為正', 'ADX趨勢不明', '成交量配合不佳', '動量減速', '所有指標斜率向上', '上漲動能強勁', '波動率過高', '趨勢反轉初步確認', '反轉可信度低', '短期動能未轉折', '價格結構反轉', '良好進場時機', '上升底部結構', '十字星形態', 'RSI超買風險', 'MACD強勢多頭', '短期多頭排列', '強勢長紅K', '錘子線形態', '錘子線形態', '靠近支撐位', '上升底部結構', '接近突破阻力', '成交量萎縮', '多時間框架中性偏多，謹慎進場', '日線短期強勢，進場時機良好', '接近抄底價位']",80.67569134965578,0.4742045120614762,0.5177620882087663,64.04733352661133,55,不建議進場,不建議進場,21.06,低,,無多頭訊號,3.517194863718277,,,,,,,,,,,0.0
IREN,IREN Limited,US,52.9900016784668,37.6078894029615,"['RSI偏高', 'MACD為正', 'MACD柱狀圖為正', 'SAR翻多且趨勢向上', 'OBV突破均線且斜率為正', '成交量適中', '價格在20日均線之上', '價格在5日均線之上', '接近布林通道上軌風險', '短期和中期動量均為正', 'ADX趨勢不明', '價格通道強勢向上', '成交量配合良好', '動量減速', '相對強度強勁', '上漲動能極強', '波動率過高', '支撐位薄弱', '趨勢反轉初步確認', '反轉強度強勁', '短期動能未轉折', '高波動風險', '適當進場時機', '放量上漲', 'MACD強勢多頭', '短期多頭排列', '布林通道超買區', '強勢長紅K', '上升底部結構', '接近突破阻力', '溫和放量', '價漲量縮警告', '成交量多頭排列', '多時間框架強烈看多，建議積極進場', '月線趨勢良好，適合中長期持有', '週線支持上漲，中期看好', '日線短期強勢，進場時機良好', '多時間框架高度一致', '成交量確認']",69.02362712994424,0.9431889618408533,1.280107767582636,42.8281665802002,55,不建議進場,不建議進場,31.92,低,,無多頭訊號,23.726990692532933,,,,,,,,,,,0.0
NOW,"ServiceNow, Inc.",US,138.19000244140625,157.86160187339527,"['RSI嚴重超賣', '接近布林通道下軌', '短期和中期動量均為負', 'ADX趨勢不明', '均線排列不佳', '價格通道向下', '成交量配合不佳', '動量強勁加速', '指標斜率向下', '相對強度為負', '上漲動能不足', '反轉強度不足', '短期動能未轉折', '價格結構未反轉', '良好進場時機', '接近近期低點', '動量加速向上', '測試關鍵支撐位', '價格低於關鍵均線', '布林通道超賣區', '成交量短期放大', '多時間框架偏空，建議觀望', '月線趨勢不佳，避免長期持有', '週線壓力較大，中期謹慎', '日線短期弱勢，等待更好時機', '多時間框架高度一致', '接近抄底價位']",20.22544685418194,-6.046605081819081,1.182752881462302,137.17999267578125,85,不建議進場,不建議進場,27.0,低,,無多頭訊號,0.7362660880235741,,,,,,,,,,,0.0
WFC,Wells Fargo & Company,US,93.55999755859375,97.76000213623047,"['RSI從超賣區反轉', 'MACD為正', '成交量放大', '短期和中期動量均為負', 'ADX趨勢不明', '價格通道向上', '成交量配合不佳', '指標斜率向下', '相對強度為正', '上漲動能不足', '波動率低', '支撐位可靠', '趨勢反轉初步確認', '短期動能未轉折', '價格結構反轉', '良好進場時機', '接近近期低點', '動量加速向上', '放量下跌', '測試關鍵支撐位', '均線黃金交叉', '布林通道理想位置', '錘子線形態', '錘子線形態', '接近關鍵支撐位', '明顯放量', '成交量多頭排列', '多時間框架強烈看多，建議積極進場', '月線趨勢良好，適合中長期持有', '週線支持上漲，中期看好', '日線短期強勢，進場時機良好', '多時間框架高度一致', 'RSI+MACD同步', '接近抄底價位']",47.11075107246206,1.5102476623918193,1.7298937187732037,92.73133290608725,85,謹慎觀望,謹慎觀望,54.0,中等,,無多頭訊號,0.8936188303749778,,,,,,,,,,,0.0
PYPL,"PayPal Holdings, Inc.",US,56.560001373291016,59.82515033874512,"['RSI嚴重超賣', '接近布林通道下軌', '短期和中期動量均為負', 'ADX趨勢不明', '均線排列不佳', '成交量配合不佳', '指標斜率向下', '相對強度為負', '上漲動能不足', '反轉強度不足', '短期動能未轉折', '價格結構未反轉', '良好進場時機', '接近近期低點', '動量加速向上', '測試關鍵支撐位', '價格低於關鍵均線', '布林通道超賣區', '多時間框架偏空，建議觀望', '月線趨勢不佳，避免長期持有', '週線壓力較大，中期謹慎', '日線短期弱勢，等待更好時機', '多時間框架高度一致', '接近抄底價位']",29.11394299880392,-1.2004554145821373,1.0275482013372699,56.275001525878906,85,不建議進場,不建議進場,27.0,低,,無多頭訊號,0.506441296640477,,,,,,,,,,,0.0
PATH,UiPath Inc.,US,15.970000267028809,17.940000534057617,"['RSI從超賣區反轉', 'MACD為正', '成交量放大', '接近布林通道下軌', '短期和中期動量均為負', 'ADX趨勢不明', '價格通道向下', '成交量配合不佳', '動量減速', '指標斜率向下', '上漲動能不足', '支撐位良好', '趨勢反轉初步確認', '反轉強度不足', '短期動能未轉折', '高波動風險', '進場時機不佳', '放量下跌', '均線黃金交叉', '布林通道理想位置', '接近關鍵支撐位', '明顯放量', '成交量短期放大', '多時間框架強烈看多，建議積極進場', '月線趨勢良好，適合中長期持有', '週線支持上漲，中期看好', '多時間框架較為一致', 'RSI+MACD同步', '接近抄底價位']",45.903476822237586,0.1867022002777894,1.8523700118887867,15.75,70,不建議進場,不建議進場,37.5,低,,無多頭訊號,1.3968270922464037,,,,,,,,,,,0.0
PDD,PDD Holdings Inc.,US,112.31999969482422,125.36000061035156,"['MACD為正', 'MACD柱狀圖為正', '成交量放大', '短期和中期動量均為負', 'ADX趨勢不明', '成交量配合不佳', '動量減速', '指標斜率向下', '相對強度為正', '趨勢反轉初步確認', '反轉強度不足', '短期動能未轉折', '價格結構反轉', '良好進場時機', '接近近期低點', '動量加速向上', '放量下跌', '測試關鍵支撐位', '十字星形態', 'MACD強勢多頭', '均線黃金交叉', '布林通道理想位置', '錘子線形態', '接近關鍵支撐位', '爆量確認', '成交量多頭排列', '多時間框架偏空，建議觀望', '週線壓力較大，中期謹慎', '日線短期強勢，進場時機良好', '接近抄底價位']",50.80108630158673,0.23199850107192788,2.281073454273778,111.91000366210938,70,不建議進場,不建議進場,40.5,中等,,無多頭訊號,0.36636227262823395,,,,,,,,,,,0.0
ADBE,Adobe Inc.,US,309.92999267578125,346.4350776987981,"['RSI嚴重超賣', '成交量放大', '接近布林通道下軌', '短期和中期動量均為負', 'ADX趨勢不明', '均線排列不佳', '價格通道向下', '成交量配合不佳', '動量強勁加速', '指標斜率向下', '相對強度為負', '上漲動能不足', '反轉強度不足', '短期動能未轉折', '價格結構未反轉', '接近近期低點', '放量下跌', '價格低於關鍵均線', '布林通道超賣區', '錘子線形態', '錘子線形態', '明顯放量', '成交量多頭排列', '多時間框架偏空，建議觀望', '月線趨勢不佳，避免長期持有', '週線壓力較大，中期謹慎', '日線短期弱勢，等待更好時機', '多時間框架高度一致', '接近抄底價位']",13.56397504210652,-3.941093714402996,1.8979387917109332,307.9100036621094,70,不建議進場,不建議進場,30.0,低,,無多頭訊號,0.6560322787981083,,,,,,,,,,,0.0
MRNA,"Moderna, Inc.",US,39.599998474121094,30.077856768056293,"['RSI偏高', 'MACD為正', 'MACD柱狀圖為正', 'SAR翻多且趨勢向上', 'OBV突破均線且斜率為正', '成交量放大', '價格在20日均線之上', '價格在5日均線之上', '接近布林通道上軌風險', '短期和中期動量均為正', 'ADX趨勢不明', '均線完美多頭排列', '價格通道強勢向上', '成交量配合良好', '動量減速', '所有指標斜率向上', '相對強度強勁', '上漲動能良好', '波動率過高', '支撐位薄弱', '趨勢反轉初步確認', '反轉強度極強', '短期動能未轉折', '高波動風險', '適當進場時機', '動量加速向上', '放量上漲', 'MACD強勢多頭', '完美多頭排列', '布林通道超買區', '錘子線形態', '錘子線形態', '強勢長紅K', '底部抬升', '接近突破阻力', '爆量確認', '價漲量增完美配合', '成交量多頭排列', '多時間框架強烈看多，建議積極進場', '週線支持上漲，中期看好', '日線短期強勢，進場時機良好', '多時間框架高度一致', '成交量確認']",60.97105085676663,2.1122837144026185,2.190429775058967,30.811999893188478,55,不建議進場,不建議進場,36.96,低,,無多頭訊號,28.5213508094142,,,,,,,,,,,0.0
C,Citigroup Inc.,US,116.30000305175781,123.98249816894531,"['RSI從超賣區反轉', 'MACD為正', '成交量適中', '短期和中期動量均為負', 'ADX趨勢不明', '價格通道向上', '成交量配合不佳', '動量減速', '指標斜率向下', '相對強度為正', '上漲動能不足', '趨勢反轉初步確認', '短期動能未轉折', '價格結構未反轉', '良好進場時機', '接近近期低點', '動量加速向上', '測試關鍵支撐位', '均線黃金交叉', '布林通道理想位置', '錘子線形態', '靠近支撐位', '溫和放量', '成交量短期放大', '多時間框架強烈看多，建議積極進場', '月線趨勢良好，適合中長期持有', '週線支持上漲，中期看好', '多時間框架較為一致', 'RSI+MACD同步', '接近抄底價位']",46.17359270448507,3.019147808574644,1.2564534916425312,114.62533315022786,70,不建議進場,不建議進場,37.5,低,,無多頭訊號,1.4609945772939492,,,,,,,,,,,0.0
CIFR,Cipher Mining Inc.,US,18.25,19.37602879808002,"['MACD為正', 'MACD柱狀圖為正', 'OBV突破均線且斜率為正', '成交量適中', '價格在20日均線之上', '價格在5日均線之上', '接近布林通道上軌風險', '短期和中期動量均為正', 'ADX趨勢不明', '價格通道向下', '動量減速', '相對強度強勁', '上漲動能極強', '波動率過高', '支撐位薄弱', '趨勢反轉確認', '短期動能未轉折', '極高波動風險', '絕佳進場時機', '上升底部結構', '放量上漲', '十字星形態', 'RSI健康上升', 'MACD強勢多頭', '短期多頭排列', '布林通道超買區', '強勢長紅K', '錘子線形態', '上升底部結構', '溫和放量', '成交量短期放大', '多時間框架強烈看多，建議積極進場', '月線趨勢良好，適合中長期持有', '週線支持上漲，中期看好', '日線短期強勢，進場時機良好', '多時間框架高度一致', '成交量確認']",59.37193378223728,0.02593688262530236,1.2052832783070542,16.97266648610433,55,不建議進場,不建議進場,36.75,低,,無多頭訊號,7.525826981526055,,,,,,,,,,,0.0
CRWV,"CoreWeave, Inc.",US,87.4800033569336,68.71210168382129,"['MACD柱狀圖為正', 'SAR翻多且趨勢向上', 'OBV突破均線', '成交量萎縮', '價格在20日均線之上', '價格在5日均線之上', '接近布林通道上軌風險', '短期和中期動量均為正', 'ADX趨勢不明', '價格通道向上', '成交量配合不佳', '動量減速', '相對強度強勁', '波動率過高', '支撐位薄弱', '趨勢反轉初步確認', '反轉可信度低', '高波動風險', '進場時機不佳', 'MACD強勢多頭', '短期多頭排列', '布林通道超買區', '錘子線形態', '錘子線形態', '強勢長紅K', '上升底部結構', '成交量萎縮', '多時間框架中性偏多，謹慎進場', '日線短期強勢，進場時機良好', '多時間框架較為一致']",53.2627443833972,-0.23491916029385607,0.7463396593189052,79.37866694132487,55,不建議進場,不建議進場,27.299999999999997,低,,無多頭訊號,10.20593659200283,,,,,,,,,,,0.0
WULF,TeraWulf Inc.,US,14.140000343322754,11.362249285182468,"['RSI偏高', 'MACD為正', 'MACD柱狀圖為正', 'SAR翻多且趨勢向上', 'OBV突破均線且斜率為正', '價格在20日均線之上', '價格在5日均線之上', '接近布林通道上軌風險', '短期和中期動量均為正', 'ADX趨勢不明', '價格通道向下', '動量減速', '所有指標斜率向上', '相對強度強勁', '上漲動能極強', '波動率過高', '支撐位薄弱', '趨勢反轉初步確認', '短期動能未轉折', '價格結構反轉', '高波動風險', '良好進場時機', '上升底部結構', '十字星形態', 'MACD強勢多頭', '短期多頭排列', '布林通道超買區', '錘子線形態', '強勢長紅K', '錘子線形態', '上升底部結構', '接近突破阻力', '成交量短期放大', '多時間框架強烈看多，建議積極進場', '月線趨勢良好，適合中長期持有', '週線支持上漲，中期看好', '日線短期強勢，進場時機良好', '多時間框架高度一致']",62.70928210840647,0.004686002569671999,1.1478392334017113,13.343666744232177,55,不建議進場,不建議進場,28.56,低,,無多頭訊號,5.9678768538999485,,,,,,,,,,,0.0
COIN,"Coinbase Global, Inc.",US,252.69000244140625,228.30967566796173,"['MACD柱狀圖為正', 'SAR翻多且趨勢向上', 'OBV突破均線且斜率為正', '價格在20日均線之上', '價格在5日均線之上', '接近布林通道上軌風險', '短期和中期動量均為正', 'ADX趨勢不明', '均線排列不佳', '價格通道向下', '動量減速', '所有指標斜率向上', '相對強度為正', '上漲動能強勁', '趨勢反轉初步確認', '短期動能未轉折', '高波動風險', '動量加速向上', 'RSI健康上升', 'MACD強勢多頭', '短期多頭排列', '布林通道超買區', '錘子線形態', '錘子線形態', '靠近支撐位', '上升底部結構', '價漲量增完美配合', '成交量短期放大', '多時間框架中性偏多，謹慎進場', '週線壓力較大，中期謹慎', '日線短期強勢，進場時機良好', '接近抄底價位']",53.12704581143332,-5.807653991529122,1.1454105628385494,252.22633209228516,70,不建議進場,不建議進場,34.65,低,,無多頭訊號,0.18383106366207602,,,,,,,,,,,0.0
MU,"Micron Technology, Inc.",US,338.1300048828125,311.9543916885781,"['RSI超買風險', 'MACD為正', 'MACD柱狀圖為正', 'SAR翻多且趨勢向上', '成交量萎縮', '價格在20日均線之上', '接近布林通道上軌', 'ADX趨勢不明', '均線完美多頭排列', '價格通道向上', '動量減速', '相對強度強勁', '波動率過高', '支撐位薄弱', '反轉可信度低', '短期動能未轉折', '高波動風險', '進場時機不佳', 'RSI超買風險', 'MACD強勢多頭', '均線黃金交叉', '錘子線形態', '靠近支撐位', '成交量萎縮', '多時間框架強烈看多，建議積極進場', '月線趨勢良好，適合中長期持有', '週線支持上漲，中期看好', '日線短期強勢，進場時機良好', '多時間框架高度一致']",72.20403945415205,26.381592466124005,0.7343125175509516,277.07005818684894,55,不建議進場,不建議進場,15.39,極低,,無多頭訊號,22.037728326020094,,,,,,,,,,,0.0
MARA,"MARA Holdings, Inc.",US,10.949999809265137,9.132667794594555,"['MACD柱狀圖為正', 'SAR翻多且趨勢向上', 'OBV突破均線且斜率為正', '價格在20日均線之上', '價格在5日均線之上', '接近布林通道上軌風險', '短期和中期動量均為正', 'ADX趨勢不明', '價格通道向下', '動量減速', '所有指標斜率向上', '相對強度為正', '上漲動能強勁', '波動率過高', '趨勢反轉初步確認', '短期動能未轉折', '價格結構反轉', '高波動風險', '適當進場時機', '錘子線形態', 'RSI健康上升', 'MACD強勢多頭', '短期多頭排列', '布林通道超買區', '錘子線形態', '上升底部結構', '接近突破阻力', '成交量短期放大', '多時間框架偏空，建議觀望', '月線趨勢不佳，避免長期持有', '週線壓力較大，中期謹慎', '日線短期強勢，進場時機良好', '接近抄底價位']",58.64978622805693,-0.4077044252328985,1.1668758030625663,10.710666624704997,55,不建議進場,不建議進場,36.75,低,,無多頭訊號,2.2345311729533157,,,,,,,,,,,0.0
BAC,Bank of America Corporation,US,54.540000915527344,57.47949924468994,"['RSI從超賣區反轉', 'MACD為正', '成交量適中', '接近布林通道下軌', '短期和中期動量均為負', 'ADX趨勢不明', '價格通道向上', '成交量配合不佳', '動量減速', '指標斜率向下', '上漲動能不足', '波動率低', '支撐位良好', '趨勢反轉初步確認', '反轉強度不足', '短期動能未轉折', '價格結構反轉', '良好進場時機', '接近近期低點', '動量加速向上', '測試關鍵支撐位', '價格低於關鍵均線', '布林通道超賣區', '錘子線形態', '接近關鍵支撐位', '溫和放量', '成交量多頭排列', '多時間框架中性偏多，謹慎進場', '月線趨勢良好，適合中長期持有', '週線支持上漲，中期看好', '日線短期弱勢，等待更好時機', 'RSI+MACD同步', '接近抄底價位']",41.253262537331494,0.45334941623891467,1.2519296634264148,54.03230590661276,85,不建議進場,不建議進場,46.5,中等,,無多頭訊號,0.9396138113965754,,,,,,,,,,,0.0
NVDA,NVIDIA Corporation,US,185.80999755859375,182.59910831066287,"['MACD為正', 'SAR翻多且趨勢向上', 'OBV突破均線且斜率為正', '價格在20日均線之上', '短期和中期動量均為負', 'ADX趨勢不明', '動量加速', '指標斜率向下', '相對強度強勁', '支撐位良好', '趨勢反轉初步確認', '反轉強度不足', '反轉可信度高', '價格結構未反轉', '良好進場時機', '接近近期低點', '動量加速向上', '測試關鍵支撐位', '均線黃金交叉', '錘子線形態', '錘子線形態', '接近關鍵支撐位', '底部抬升', '成交量短期放大', '多時間框架強烈看多，建議積極進場', '月線趨勢良好，適合中長期持有', '週線支持上漲，中期看好', '日線短期強勢，進場時機良好', '多時間框架高度一致', '接近抄底價位']",54.5887328074447,0.7841696697186933,1.0149977278095306,183.51099700927733,70,不建議進場,不建議進場,54.0,中等,,無多頭訊號,1.2527862562918737,,,,,,,,,,,0.0
TSLA,"Tesla, Inc.",US,447.20001220703125,465.77198237973306,"['RSI從超賣區反轉', 'OBV突破均線', '成交量萎縮', '價格在5日均線之上', 'ADX趨勢不明', '成交量配合不佳', '動量強勁加速', '相對強度為負', '支撐位良好', '高波動風險', '進場時機不佳', '價格低於關鍵均線', '布林通道理想位置', '靠近支撐位', '上升底部結構', '成交量萎縮', '多時間框架強烈看多，建議積極進場', '月線趨勢良好，適合中長期持有', '週線支持上漲，中期看好', '多時間框架較為一致']",30.000961114257677,-2.1620090130663243,0.719430336132309,420.74795455493364,85,不建議進場,不建議進場,48.0,中等,,無多頭訊號,6.286912952453576,,,,,,,,,,,0.0
INTC,Intel Corporation,US,47.290000915527344,36.59958271671759,"['RSI超買風險', 'MACD為正', 'MACD柱狀圖為正', 'SAR翻多且趨勢向上', 'OBV突破均線且斜率為正', '成交量放大', '價格在20日均線之上', '價格在5日均線之上', '接近布林通道上軌風險', '短期和中期動量均為正', 'ADX趨勢不明', '均線多頭排列', '價格通道強勢向上', '成交量配合良好', '動量減速', '所有指標斜率向上', '相對強度強勁', '上漲動能強勁', '波動率過高', '支撐位薄弱', '趨勢反轉初步確認', '反轉強度極強', '短期動能未轉折', '高波動風險', '適當進場時機', '放量上漲', 'RSI超買風險', 'MACD強勢多頭', '短期多頭排列', '布林通道超買區', '強勢長紅K', '上升底部結構', '接近突破阻力', '爆量確認', '價漲量增完美配合', '成交量多頭排列', '多時間框架強烈看多，建議積極進場', '月線趨勢良好，適合中長期持有', '週線支持上漲，中期看好', '日線短期強勢，進場時機良好', '多時間框架高度一致', '成交量確認']",80.03301455355549,1.7450033995496028,2.010480434701831,39.5803332010905,55,不建議進場,不建議進場,23.31,低,,無多頭訊號,19.478531611311535,,,,,,,,,,,0.0
AMD,"Advanced Micro Devices, Inc.",US,220.97000122070312,231.1669415485382,"['MACD柱狀圖為正', 'OBV突破均線且斜率為正', '成交量放大', '價格在20日均線之上', '價格在5日均線之上', '接近布林通道上軌風險', '短期和中期動量均為正', 'ADX趨勢不明', '均線排列不佳', '成交量配合良好', '動量加速', '相對強度強勁', '支撐位良好', '趨勢反轉確認', '高波動風險', '良好進場時機', '放量上漲', 'MACD柱狀圖轉正', 'RSI健康上升', 'MACD強勢多頭', '布林通道超買區', '強勢長紅K', '靠近支撐位', '上升底部結構', '爆量確認', '價漲量增完美配合', '成交量多頭排列', '多時間框架強烈看多，建議積極進場', '月線趨勢良好，適合中長期持有', '週線支持上漲，中期看好', '日線短期強勢，進場時機良好', '多時間框架高度一致', '成交量確認', '接近抄底價位']",56.05390785616102,-2.2030814894520176,2.0018445667188165,214.9499969482422,70,謹慎觀望,謹慎觀望,43.05,中等,,無多頭訊號,2.800653341674852,,,,,,,,,,,0.0
META,"Meta Platforms, Inc.",US,631.0900268554688,697.2139760076465,"['RSI從超賣區反轉', '成交量適中', '接近布林通道下軌', '短期和中期動量均為負', 'ADX趨勢不明', '均線排列不佳', '價格通道向下', '成交量配合不佳', '指標斜率向下', '上漲動能不足', '波動率低', '支撐位良好', '反轉強度不足', '短期動能未轉折', '價格結構未反轉', '良好進場時機', '接近近期低點', '動量加速向上', '測試關鍵支撐位', '價格低於關鍵均線', '布林通道超賣區', '錘子線形態', '溫和放量', '成交量短期放大', '多時間框架偏空，建議觀望', '週線壓力較大，中期謹慎', '日線短期弱勢，等待更好時機', '接近抄底價位']",33.373445005295935,-2.132981901716903,1.2658079217757254,612.5504150390625,55,不建議進場,不建議進場,30.0,低,,無多頭訊號,3.026626276177443,,,,,,,,,,,0.0
AAPL,Apple Inc.,US,261.04998779296875,270.3242468288803,"['RSI嚴重超賣', 'OBV突破均線且斜率為正', '價格在5日均線之上', '接近布林通道下軌', '短期和中期動量均為負', 'ADX趨勢不明', '均線排列不佳', '動量強勁加速', '上漲動能強勁', '支撐位可靠', '反轉強度不足', '低波動風險', '測試關鍵支撐位', 'RSI超賣反彈', '價格低於關鍵均線', '布林通道超賣區', '錘子線形態', '錘子線形態', '靠近支撐位', '底部抬升', '多時間框架看多，建議進場', '月線趨勢良好，適合中長期持有', '多時間框架較為一致', '接近抄底價位']",25.614515207028944,-3.6597791485854714,1.040023168523126,257.0276405835573,85,不建議進場,不建議進場,60.0,高,,無多頭訊號,1.564947334177406,,,,,,,,,,,0.0
NFLX,"Netflix, Inc.",US,90.31999969482422,93.70530210437931,"['RSI從超賣區反轉', 'MACD柱狀圖為正', 'KD低檔交叉', '成交量適中', '價格在5日均線之上', '接近布林通道下軌', '短期和中期動量均為負', 'ADX趨勢不明', '均線排列不佳', '成交量配合不佳', '動量強勁加速', '所有指標斜率向上', '上漲動能強勁', '支撐位良好', '趨勢反轉初步確認', '反轉可信度高', '短期動能未轉折', '價格結構未反轉', '絕佳進場時機', '短期動量轉正', '動量加速向上', '放量上漲', '測試關鍵支撐位', 'RSI健康上升', 'MACD強勢多頭', '價格低於關鍵均線', '布林通道超賣區', '錘子線形態', '接近關鍵支撐位', '溫和放量', '價漲量增良好配合', '成交量多頭排列', '多時間框架偏空，建議觀望', '週線壓力較大，中期謹慎', '日線短期強勢，進場時機良好', '成交量確認', '接近抄底價位']",32.490947550881,-3.103982448347992,1.201308574654659,88.82884647192668,100,謹慎觀望,謹慎觀望,63.0,高,,無多頭訊號,1.6786812866795464,,,,,,,,,,,0.0
MSFT,Microsoft Corporation,US,470.6700134277344,489.70001220703125,"['RSI從超賣區反轉', '成交量適中', '接近布林通道下軌', '短期和中期動量均為負', 'ADX趨勢不明', '均線排列不佳', '成交量配合不佳', '動量加速', '指標斜率向下', '上漲動能不足', '波動率低', '支撐位可靠', '反轉強度不足', '短期動能未轉折', '價格結構反轉', '良好進場時機', '接近近期低點', '動量加速向上', '測試關鍵支撐位', '價格低於關鍵均線', '布林通道超賣區', '十字星形態', '接近關鍵支撐位', '溫和放量', '成交量多頭排列', '多時間框架偏空，建議觀望', '月線趨勢良好，適合中長期持有', '週線壓力較大，中期謹慎', '日線短期弱勢，等待更好時機', '接近抄底價位']",34.09242354249365,-3.4323033833453565,1.28655086857592,469.3558176405199,100,不建議進場,不建議進場,42.0,中等,,無多頭訊號,0.2799998930067659,,,,,,,,,,,0.0
MSTR,Strategy Inc,US,172.99000549316406,151.85192895268324,"['MACD柱狀圖為正', 'SAR翻多且趨勢向上', 'OBV突破均線且斜率為正', '成交量適中', '價格在20日均線之上', '價格在5日均線之上', '接近布林通道上軌風險', '短期和中期動量均為正', 'ADX趨勢不明', '價格通道向下', '成交量配合良好', '所有指標斜率向上', '相對強度強勁', '上漲動能強勁', '趨勢反轉初步確認', '反轉強度強勁', '短期動能未轉折', '價格結構反轉', '高波動風險', '適當進場時機', '放量上漲', 'RSI健康上升', 'MACD強勢多頭', '短期多頭排列', '布林通道超買區', '錘子線形態', '上升底部結構', '接近突破阻力', '溫和放量', '價漲量增完美配合', '成交量多頭排列', '多時間框架偏空，建議觀望', '月線趨勢不佳，避免長期持有', '週線壓力較大，中期謹慎', '日線短期強勢，進場時機良好', '成交量確認', '接近抄底價位']",56.32938930761997,-6.308427907225592,1.3855412187729055,168.00333506266276,55,謹慎觀望,謹慎觀望,46.199999999999996,中等,,無多頭訊號,2.968197285274933,,,,,,,,,,,0.0
AMZN,"Amazon.com, Inc.",US,242.60000610351562,235.2078554653681,"['RSI偏高', 'MACD為正', 'MACD柱狀圖為正', 'SAR翻多且趨勢向上', 'OBV突破均線', '價格在20日均線之上', '接近布林通道上軌', '短期和中期動量均為正', 'ADX趨勢不明', '均線完美多頭排列', '價格通道向上', '成交量配合不佳', '動量減速', '相對強度強勁', '支撐位良好', '反轉可信度高', '短期動能未轉折', '價格結構未反轉', '適當進場時機', '接近近期低點', 'MACD強勢多頭', '均線黃金交叉', '強勢長紅K', '十字星形態', '上升底部結構', '成交量短期放大', '多時間框架強烈看多，建議積極進場', '月線趨勢良好，適合中長期持有', '週線支持上漲，中期看好', '日線短期強勢，進場時機良好', '多時間框架高度一致', '接近抄底價位']",69.31045582562146,4.13599159520993,0.9993177561270247,232.2846669514974,55,不建議進場,不建議進場,37.8,低,,無多頭訊號,4.44081793576678,,,,,,,,,,,0.0
XLF,State Street Financial Select Sector SPDR ETF,US,54.22999954223633,56.52000045776367,"['RSI從超賣區反轉', 'MACD為正', '成交量放大', '接近布林通道下軌', '短期和中期動量均為負', 'ADX趨勢不明', '價格通道向上', '成交量配合不佳', '指標斜率向下', '上漲動能不足', '波動率低', '支撐位可靠', '趨勢反轉初步確認', '短期動能未轉折', '價格結構反轉', '低波動風險', '良好進場時機', '接近近期低點', '動量加速向上', '放量下跌', '測試關鍵支撐位', '均線黃金交叉', '布林通道超賣區', '接近關鍵支撐位', '爆量確認', '成交量多頭排列', '多時間框架強烈看多，建議積極進場', '月線趨勢良好，適合中長期持有', '週線支持上漲，中期看好', '日線短期強勢，進場時機良好', '多時間框架高度一致', 'RSI+MACD同步', '接近抄底價位']",40.52174409170128,0.45585822498427575,2.112015430169585,54.150001525878906,100,謹慎觀望,謹慎觀望,55.5,中等,,無多頭訊號,0.14773409806681154,,,,,,,,,,,0.0
CMCSA,Comcast Corporation,US,28.479999542236328,27.5749795022583,"['RSI偏高', 'MACD為正', 'MACD柱狀圖為正', 'SAR翻多且趨勢向上', 'OBV突破均線', '價格在20日均線之上', '價格在5日均線之上', '接近布林通道上軌', '短期和中期動量均為正', 'ADX趨勢不明', '均線完美多頭排列', '價格通道強勢向上', '動量強勁加速', '所有指標斜率向上', '相對強度強勁', '上漲動能良好', '波動率低', '趨勢反轉初步確認', '反轉強度強勁', '反轉可信度高', '價格結構未反轉', '測試關鍵支撐位', 'MACD強勢多頭', '完美多頭排列', '強勢長紅K', '靠近支撐位', '上升底部結構', '成交量短期放大', '多時間框架中性偏多，謹慎進場', '月線趨勢不佳，避免長期持有', '週線支持上漲，中期看好', '日線短期強勢，進場時機良好']",61.32459844805157,0.5592924251346076,0.894829749652969,27.105504163106282,70,建議進場,建議進場,58.32000000000001,中等,,無多頭訊號,5.07090873816283,,,,,,,,,,,0.0
PLTR,Palantir Technologies Inc.,US,178.9600067138672,186.33869739466664,"['RSI從超賣區反轉', 'OBV突破均線', '成交量萎縮', '價格在5日均線之上', '短期和中期動量均為負', 'ADX趨勢不明', '動量強勁加速', '指標斜率向下', '支撐位良好', '反轉強度不足', '短期動能未轉折', '高波動風險', '十字星形態', '價格低於關鍵均線', '布林通道理想位置', '錘子線形態', '錘子線形態', '接近關鍵支撐位', '成交量萎縮', '多時間框架中性偏多，謹慎進場', '月線趨勢良好，適合中長期持有', '週線支持上漲，中期看好', '日線短期弱勢，等待更好時機']",34.39967390429243,-0.7244283298425103,0.7514552931661028,168.16983729929223,55,不建議進場,不建議進場,42.0,中等,,無多頭訊號,6.416233486253349,,,,,,,,,,,0.0
BABA,Alibaba Group Holding Limited,US,167.00999450683594,145.60630424499513,"['RSI偏高', 'MACD為正', 'MACD柱狀圖為正', 'SAR翻多且趨勢向上', 'OBV突破均線且斜率為正', '成交量放大', '價格在20日均線之上', '價格在5日均線之上', '接近布林通道上軌風險', '短期和中期動量均為正', 'ADX趨勢不明', '價格通道強勢向上', '成交量配合良好', '所有指標斜率向上', '相對強度強勁', '上漲動能強勁', '支撐位薄弱', '趨勢反轉初步確認', '反轉強度極強', '價格結構未反轉', '極高波動風險', '適當進場時機', '放量上漲', 'MACD強勢多頭', '短期多頭排列', '布林通道超買區', '強勢長紅K', '錘子線形態', '強勢長紅K', '上升底部結構', '明顯放量', '價漲量縮警告', '多時間框架強烈看多，建議積極進場', '月線趨勢良好，適合中長期持有', '週線支持上漲，中期看好', '日線短期強勢，進場時機良好', '多時間框架高度一致', '成交量確認']",64.39461576569056,0.8212274991079482,1.6350400980614022,157.47000122070312,70,不建議進場,不建議進場,37.8,低,,無多頭訊號,6.058292507892961,,,,,,,,,,,0.0
SMCI,"Super Micro Computer, Inc.",US,28.600000381469727,31.230925097577273,"['RSI從超賣區反轉', 'MACD柱狀圖為正', '成交量放大', '接近布林通道下軌', '短期和中期動量均為負', 'ADX趨勢不明', '均線排列不佳', '價格通道向下', '成交量配合不佳', '相對強度為負', '反轉強度不足', '反轉可信度低', '短期動能未轉折', '價格結構未反轉', '高波動風險', '進場時機不佳', '放量下跌', '測試關鍵支撐位', 'MACD強勢多頭', '價格低於關鍵均線', '布林通道超賣區', '錘子線形態', '錘子線形態', '爆量確認', '成交量多頭排列', '多時間框架偏空，建議觀望', '月線趨勢不佳，避免長期持有', '週線壓力較大，中期謹慎', '日線短期弱勢，等待更好時機', '多時間框架高度一致', '接近抄底價位']",33.51135254450246,-1.396573256719151,2.0797591098505164,27.799999237060547,55,不建議進場,不建議進場,30.0,低,,無多頭訊號,2.8777020372816686,,,,,,,,,,,0.0
ORCL,Oracle Corporation,US,202.2899932861328,179.23666174768343,"['MACD柱狀圖為正', 'SAR翻多且趨勢向上', 'OBV突破均線', '成交量萎縮', '價格在20日均線之上', '價格在5日均線之上', '接近布林通道上軌風險', '短期和中期動量均為正', 'ADX趨勢不明', '價格通道向下', '成交量配合不佳', '動量加速', '相對強度強勁', '上漲動能良好', '趨勢反轉初步確認', '價格結構未反轉', '高波動風險', '進場時機不佳', 'MACD強勢多頭', '短期多頭排列', '布林通道超買區', '錘子線形態', '強勢長紅K', '上升底部結構', '成交量萎縮', '多時間框架看多，建議進場', '月線趨勢良好，適合中長期持有', '日線短期強勢，進場時機良好', '多時間框架較為一致', '接近抄底價位']",55.61521491478826,-3.193255801383401,0.6372600422628731,198.4068827311198,70,不建議進場,不建議進場,32.55,低,,無多頭訊號,1.9571450856749737,,,,,,,,,,,0.0
KWEB,KraneShares CSI China Internet ETF,US,36.91999816894531,35.385810057401876,"['RSI偏高', 'MACD為正', 'MACD柱狀圖為正', 'SAR翻多且趨勢向上', 'OBV突破均線', '成交量放大', '價格在20日均線之上', '價格在5日均線之上', '接近布林通道上軌風險', '短期和中期動量均為正', 'ADX趨勢不明', '價格通道向上', '成交量配合良好', '動量減速', '相對強度強勁', '上漲動能良好', '趨勢反轉初步確認', '反轉強度強勁', '短期動能未轉折', '進場時機不佳', '放量下跌', 'MACD強勢多頭', '短期多頭排列', '布林通道超買區', '強勢長紅K', '錘子線形態', '強勢長紅K', '靠近支撐位', '上升底部結構', '明顯放量', '成交量多頭排列', '多時間框架強烈看多，建議積極進場', '月線趨勢良好，適合中長期持有', '日線短期強勢，進場時機良好', '多時間框架高度一致', '接近抄底價位']",63.953484360483884,0.37145450630710286,1.70935334899491,36.7400016784668,55,不建議進場,不建議進場,31.92,低,,無多頭訊號,0.48991965774462937,,,,,,,,,,,0.0
CMG,"Chipotle Mexican Grill, Inc.",US,39.40999984741211,37.62012572315643,"['RSI偏高', 'MACD為正', 'MACD柱狀圖為正', 'SAR翻多且趨勢向上', 'OBV突破均線', '價格在20日均線之上', '接近布林通道上軌風險', '短期和中期動量均為正', 'ADX趨勢不明', '均線完美多頭排列', '價格通道強勢向上', '成交量配合不佳', '動量減速', '相對強度強勁', '反轉強度強勁', '反轉可信度高', '短期動能未轉折', '進場時機不佳', 'MACD強勢多頭', '均線黃金交叉', '布林通道超買區', '錘子線形態', '靠近支撐位', '上升底部結構', '成交量短期放大', '多時間框架中性偏多，謹慎進場', '月線趨勢不佳，避免長期持有', '週線支持上漲，中期看好', '日線短期強勢，進場時機良好']",63.77081072543417,1.2103968780799264,1.0954630547545225,36.71433334350586,55,不建議進場,不建議進場,29.4,低,,無多頭訊號,7.342272781273504,,,,,,,,,,,0.0
APLD,Applied Digital Corporation,US,36.709999084472656,25.135566326274482,"['RSI超買風險', 'MACD為正', 'MACD柱狀圖為正', 'SAR翻多且趨勢向上', 'OBV突破均線', '價格在20日均線之上', '價格在5日均線之上', '接近布林通道上軌風險', '短期和中期動量均為正', 'ADX趨勢不明', '價格通道強勢向上', '成交量配合良好', '動量減速', '相對強度強勁', '上漲動能良好', '波動率過高', '支撐位薄弱', '趨勢反轉初步確認', '反轉強度強勁', '短期動能未轉折', '價格結構未反轉', '高波動風險', '進場時機不佳', 'RSI超買風險', 'MACD強勢多頭', '短期多頭排列', '布林通道超買區', '錘子線形態', '強勢長紅K', '上升底部結構', '多時間框架強烈看多，建議積極進場', '月線趨勢良好，適合中長期持有', '週線支持上漲，中期看好', '日線短期強勢，進場時機良好', '多時間框架高度一致']",70.0674104096993,2.1535666610397897,0.9009756386616427,31.059999465942383,55,不建議進場,不建議進場,15.75,極低,,無多頭訊號,18.190597925558748,,,,,,,,,,,0.0
SNDK,Sandisk Corporation,US,389.80999755859375,299.4175955457453,"['RSI超買風險', 'MACD為正', 'MACD柱狀圖為正', 'SAR翻多且趨勢向上', 'OBV突破均線且斜率為正', '價格在20日均線之上', '價格在5日均線之上', '接近布林通道上軌風險', '短期和中期動量均為正', 'ADX趨勢不明', '均線完美多頭排列', '價格通道強勢向上', '成交量配合不佳', '動量減速', '所有指標斜率向上', '相對強度強勁', '上漲動能強勁', '波動率過高', '支撐位薄弱', '趨勢反轉初步確認', '反轉強度極強', '短期動能未轉折', '高波動風險', '進場時機不佳', 'RSI超買風險', 'MACD強勢多頭', '完美多頭排列', '布林通道超買區', '強勢長紅K', '強勢長紅K', '錘子線形態', '上升底部結構', '價漲量縮警告', '多時間框架強烈看多，建議積極進場', '月線趨勢良好，適合中長期持有', '週線支持上漲，中期看好', '日線短期強勢，進場時機良好', '多時間框架高度一致']",84.6727607464687,41.21904492409902,1.0280341321551225,256.7936665852865,55,不建議進場,不建議進場,21.419999999999995,低,,無多頭訊號,51.798914179657075,,,,,,,,,,,0.0
TVTX,"Travere Therapeutics, Inc.",US,29.110000610351562,41.13686920004525,"['RSI從超賣區反轉', '成交量放大', '接近布林通道下軌', '短期和中期動量均為負', 'ADX趨勢不明', '均線排列不佳', '價格通道向下', '成交量配合不佳', '動量強勁加速', '指標斜率向下', '相對強度為負', '上漲動能不足', '波動率過高', '支撐位薄弱', '反轉強度不足', '反轉可信度低', '短期動能未轉折', '價格結構未反轉', '高波動風險', '進場時機不佳', '動量加速向上', '放量下跌', '價格低於關鍵均線', '布林通道超賣區', '錘子線形態', '強勢長紅K', '爆量確認', '成交量多頭排列', '多時間框架中性偏多，謹慎進場', '月線趨勢良好，適合中長期持有', '日線短期弱勢，等待更好時機', '接近抄底價位']",33.104707271194854,-0.379914105410883,6.4642942011393485,27.889999389648438,55,不建議進場,不建議進場,18.0,極低,,無多頭訊號,4.374332188604983,,,,,,,,,,,0.0
ET,Energy Transfer LP,US,17.399999618530273,16.359793872773643,"['RSI超買風險', 'MACD為正', 'MACD柱狀圖為正', 'SAR翻多且趨勢向上', 'OBV突破均線且斜率為正', '價格在20日均線之上', '價格在5日均線之上', '接近布林通道上軌風險', '短期和中期動量均為正', 'ADX趨勢不明', '均線多頭排列', '價格通道向上', '成交量配合不佳', '動量加速', '所有指標斜率向上', '相對強度強勁', '上漲動能極強', '波動率低', '趨勢反轉初步確認', '反轉強度強勁', '短期動能未轉折', '進場時機不佳', 'RSI超買風險', 'MACD強勢多頭', '短期多頭排列', '布林通道超買區', '強勢長紅K', '強勢長紅K', '強勢長紅K', '強勢長紅K', '上升底部結構', '接近突破阻力', '多時間框架強烈看多，建議積極進場', '月線趨勢良好，適合中長期持有', '週線支持上漲，中期看好', '日線短期強勢，進場時機良好', '多時間框架高度一致', '接近抄底價位']",75.4629511074534,0.1394665935658992,0.9394736833084644,16.574999809265137,85,不建議進場,不建議進場,25.199999999999996,低,,無多頭訊號,4.977374472149171,,,,,,,,,,,0.0
QBTS,D-Wave Quantum Inc.,US,28.81999969482422,26.704131934708982,"['RSI從超賣區反轉', 'MACD為正', 'MACD柱狀圖為正', 'SAR翻多且趨勢向上', 'OBV突破均線且斜率為正', '價格在20日均線之上', 'ADX趨勢不明', '動量減速', '指標斜率向下', '相對強度強勁', '波動率過高', '趨勢反轉初步確認', '反轉強度不足', '反轉可信度高', '短期動能未轉折', '高波動風險', '適當進場時機', '短期動量轉正', '動量加速向上', 'MACD強勢多頭', '均線黃金交叉', '錘子線形態', '靠近支撐位', '底部抬升', '多時間框架強烈看多，建議積極進場', '月線趨勢良好，適合中長期持有', '週線支持上漲，中期看好', '日線短期強勢，進場時機良好', '多時間框架高度一致', 'RSI+MACD同步']",40.05899841110516,0.6611003659153489,0.896556376001365,27.168999926249185,55,不建議進場,不建議進場,57.0,中等,,無多頭訊號,6.076777846283289,,,,,,,,,,,0.0
EFA,iShares MSCI EAFE ETF,US,98.83999633789062,98.00749969482422,"['RSI超買風險', 'MACD為正', 'MACD柱狀圖為正', 'SAR翻多且趨勢向上', 'OBV突破均線', '價格在20日均線之上', '價格在5日均線之上', '接近布林通道上軌風險', '短期和中期動量均為正', 'ADX趨勢不明', '均線完美多頭排列', '價格通道向上', '動量減速', '相對強度為正', '上漲動能良好', '波動率低', '支撐位良好', '趨勢反轉初步確認', '反轉可信度高', '短期動能未轉折', '價格結構完美反轉', '低波動風險', '良好進場時機', '接近近期低點', '測試關鍵支撐位', 'RSI超買風險', 'MACD強勢多頭', '完美多頭排列', '布林通道超買區', '強勢長紅K', '強勢長紅K', '接近關鍵支撐位', '上升底部結構', '接近突破阻力', '成交量短期放大', '多時間框架強烈看多，建議積極進場', '月線趨勢良好，適合中長期持有', '週線支持上漲，中期看好', '日線短期強勢，進場時機良好', '多時間框架高度一致', '接近抄底價位']",74.45471463577529,1.2740797941882818,0.849167120294397,96.51000213623047,85,不建議進場,不建議進場,24.57,低,,無多頭訊號,2.414251528428328,,,,,,,,,,,0.0
FIG,"Figma, Inc.",US,33.560001373291016,40.18000030517578,"['RSI嚴重超賣', '成交量放大', '接近布林通道下軌', '短期和中期動量均為負', 'ADX趨勢不明', '均線排列不佳', '成交量配合不佳', '動量加速', '指標斜率向下', '上漲動能不足', '反轉強度不足', '反轉可信度低', '短期動能未轉折', '高波動風險', '適當進場時機', '接近近期低點', '動量加速向上', '放量下跌', '價格低於關鍵均線', '布林通道超賣區', '錘子線形態', '錘子線形態', '爆量確認', '成交量多頭排列', '多時間框架偏空，建議觀望', '月線趨勢不佳，避免長期持有', '週線壓力較大，中期謹慎', '日線短期弱勢，等待更好時機', '多時間框架高度一致', '接近抄底價位']",14.833202797690817,-0.8955343527470632,2.7707196556766496,32.83000183105469,70,不建議進場,不建議進場,34.5,低,,無多頭訊號,2.2235744792003147,,,,,,,,,,,0.0
RGTI,"Rigetti Computing, Inc.",US,24.469999313354492,27.41860254010146,"['RSI從超賣區反轉', 'MACD柱狀圖為正', 'OBV突破均線', '價格在20日均線之上', 'ADX趨勢不明', '動量減速', '相對強度為正', '波動率過高', '反轉可信度高', '短期動能未轉折', '價格結構未反轉', '高波動風險', '測試關鍵支撐位', 'MACD強勢多頭', '均線黃金交叉', '錘子線形態', '靠近支撐位', '底部抬升', '多時間框架中性偏多，謹慎進場', '月線趨勢良好，適合中長期持有', '日線短期強勢，進場時機良好']",38.894012262579096,-0.6310203976444271,0.857854073331198,21.377601312310745,85,不建議進場,不建議進場,48.0,中等,,無多頭訊號,14.465598622905015,,,,,,,,,,,0.0
CLSK,"CleanSpark, Inc.",US,12.550000190734863,9.979999542236328,"['MACD柱狀圖為正', 'SAR翻多', 'OBV突破均線且斜率為正', '成交量適中', '價格在20日均線之上', '價格在5日均線之上', '接近布林通道上軌風險', '短期和中期動量均為正', 'ADX趨勢不明', '價格通道向下', '動量減速', '相對強度強勁', '上漲動能強勁', '波動率過高', '趨勢反轉初步確認', '短期動能未轉折', '高波動風險', '適當進場時機', '放量上漲', 'RSI健康上升', 'MACD強勢多頭', '短期多頭排列', '布林通道超買區', '上升底部結構', '溫和放量', '成交量多頭排列', '多時間框架中性偏多，謹慎進場', '月線趨勢良好，適合中長期持有', '日線短期強勢，進場時機良好', '成交量確認', '接近抄底價位']",53.8071044692787,-0.3390663710153259,1.2443214772581184,12.489666620890299,55,不建議進場,不建議進場,33.599999999999994,低,,無多頭訊號,0.48306789665346284,,,,,,,,,,,0.0
CORZ,"Core Scientific, Inc.",US,18.030000686645508,14.154156598061517,"['RSI偏高', 'MACD為正', 'MACD柱狀圖為正', 'SAR翻多且趨勢向上', 'OBV突破均線且斜率為正', '價格在20日均線之上', '價格在5日均線之上', '接近布林通道上軌風險', '短期和中期動量均為正', 'ADX趨勢不明', '價格通道向上', '成交量配合不佳', '動量減速', '相對強度強勁', '上漲動能極強', '波動率過高', '支撐位薄弱', '趨勢反轉初步確認', '反轉強度強勁', '短期動能未轉折', '價格結構反轉', '高波動風險', '適當進場時機', '錘子線形態', 'MACD強勢多頭', '短期多頭排列', '布林通道超買區', '錘子線形態', '上升底部結構', '接近突破阻力', '價漲量縮警告', '成交量短期放大', '多時間框架強烈看多，建議積極進場', '月線趨勢良好，適合中長期持有', '週線支持上漲，中期看好', '日線短期強勢，進場時機良好', '多時間框架高度一致']",68.72909552320259,0.23714900109259318,0.857341144196415,16.15966663360596,55,不建議進場,不建議進場,29.4,低,,無多頭訊號,11.57408810123574,,,,,,,,,,,0.0
NU,Nu Holdings Ltd.,US,16.559999465942383,18.3700008392334,"['RSI從超賣區反轉', 'MACD為正', '短期和中期動量均為負', 'ADX趨勢不明', '動量減速', '指標斜率向下', '上漲動能不足', '反轉強度不足', '短期動能未轉折', '價格結構反轉', '良好進場時機', '接近近期低點', '動量加速向上', '測試關鍵支撐位', '均線黃金交叉', '布林通道理想位置', '錘子線形態', '接近關鍵支撐位', '成交量短期放大', '多時間框架強烈看多，建議積極進場', '月線趨勢良好，適合中長期持有', '週線支持上漲，中期看好', '多時間框架較為一致', 'RSI+MACD同步']",49.1278876350668,0.19241708854938366,1.0987297914219538,15.760149857606866,100,不建議進場,不建議進場,36.0,低,,無多頭訊號,5.075139612009831,,,,,,,,,,,0.0
LRCX,Lam Research Corporation,US,214.3800048828125,192.33823465540715,"['RSI超買風險', 'MACD為正', 'MACD柱狀圖為正', 'SAR翻多且趨勢向上', 'OBV突破均線', '價格在20日均線之上', '價格在5日均線之上', '接近布林通道上軌風險', '短期和中期動量均為正', 'ADX趨勢不明', '均線完美多頭排列', '價格通道強勢向上', '成交量配合不佳', '動量減速', '相對強度強勁', '波動率過高', '支撐位薄弱', '趨勢反轉初步確認', '反轉強度強勁', '短期動能未轉折', '高波動風險', '進場時機不佳', 'RSI超買風險', 'MACD強勢多頭', '完美多頭排列', '布林通道超買區', '錘子線形態', '錘子線形態', '強勢長紅K', '上升底部結構', '多時間框架強烈看多，建議積極進場', '月線趨勢良好，適合中長期持有', '週線支持上漲，中期看好', '日線短期強勢，進場時機良好', '多時間框架高度一致']",75.3565016110346,14.202353241114565,1.0505243340326653,176.8055196126302,55,不建議進場,不建議進場,17.009999999999998,極低,,無多頭訊號,21.25187344405629,,,,,,,,,,,0.0
EWZ,iShares MSCI Brazil ETF,US,32.630001068115234,31.93843224601322,"['RSI偏高', 'MACD為正', 'MACD柱狀圖為正', 'SAR翻多且趨勢向上', 'OBV突破均線', '成交量萎縮', '價格在20日均線之上', '接近布林通道上軌', 'ADX趨勢不明', '均線多頭排列', '動量減速', '相對強度為正', '支撐位良好', '短期動能未轉折', '價格結構反轉', '良好進場時機', '接近近期低點', '測試關鍵支撐位', 'MACD強勢多頭', '均線黃金交叉', '錘子線形態', '接近關鍵支撐位', '成交量萎縮', '成交量短期放大', '多時間框架強烈看多，建議積極進場', '月線趨勢良好，適合中長期持有', '週線支持上漲，中期看好', '日線短期強勢，進場時機良好', '多時間框架高度一致', '接近抄底價位']",68.76424158020131,0.3704045797028783,0.7151444563048082,32.071217664082845,70,不建議進場,不建議進場,33.480000000000004,低,,無多頭訊號,1.7423205126950378,,,,,,,,,,,0.0
WBD,"Warner Bros. Discovery, Inc.",US,28.860000610351562,27.40999984741211,"['MACD為正', 'SAR翻多', 'OBV突破均線且斜率為正', '成交量萎縮', '價格在20日均線之上', '價格在5日均線之上', '短期和中期動量均為正', 'ADX趨勢不明', '動量加速', '上漲動能良好', '波動率低', '支撐位良好', '趨勢反轉初步確認', '價格結構反轉', '良好進場時機', '上升底部結構', '測試關鍵支撐位', '強勢長紅K', '接近關鍵支撐位', '上升底部結構', '成交量萎縮', '價漲量增良好配合', '成交量短期放大', '多時間框架強烈看多，建議積極進場', '月線趨勢良好，適合中長期持有', '週線支持上漲，中期看好', '多時間框架較為一致', '接近抄底價位']",51.57593921845744,0.7205041069824212,0.7603699315585681,28.044333330790202,70,建議進場,建議進場,69.0,高,,無多頭訊號,2.9084923144378316,,,,,,,,,,,0.0
HL,Hecla Mining Company,US,24.309999465942383,18.65357745764676,"['RSI偏高', 'MACD為正', 'MACD柱狀圖為正', 'SAR翻多且趨勢向上', 'OBV突破均線', '價格在20日均線之上', '價格在5日均線之上', '接近布林通道上軌風險', '短期和中期動量均為正', 'ADX趨勢不明', '均線完美多頭排列', '價格通道強勢向上', '成交量配合不佳', '動量減速', '所有指標斜率向上', '相對強度強勁', '上漲動能良好', '波動率過高', '支撐位薄弱', '趨勢反轉初步確認', '反轉強度強勁', '短期動能未轉折', '高波動風險', '進場時機不佳', 'MACD強勢多頭', '完美多頭排列', '布林通道超買區', '錘子線形態', '上升底部結構', '成交量短期放大', '多時間框架強烈看多，建議積極進場', '月線趨勢良好，適合中長期持有', '週線支持上漲，中期看好', '日線短期強勢，進場時機良好', '多時間框架高度一致']",66.69627631561785,1.6270021000337174,0.8607108644830821,19.439000129699707,70,不建議進場,不建議進場,30.240000000000002,低,,無多頭訊號,25.05786976563965,,,,,,,,,,,0.0
DVN,Devon Energy Corporation,US,36.84000015258789,37.88257661138306,"['MACD為正', '價格在20日均線之上', '價格在5日均線之上', '接近布林通道上軌', '短期和中期動量均為正', 'ADX趨勢不明', '均線排列不佳', '成交量配合良好', '動量加速', '相對強度為正', '上漲動能良好', '波動率低', '支撐位良好', '趨勢反轉初步確認', '價格結構完美反轉', '測試關鍵支撐位', 'RSI健康上升', '錘子線形態', '靠近支撐位', '上升底部結構', '價漲量增良好配合', '成交量多頭排列', '多時間框架看多，建議進場', '週線支持上漲，中期看好', '多時間框架較為一致', '接近抄底價位']",52.08121862797077,0.048303339745579876,1.163097400143827,36.57507095336914,70,不建議進場,不建議進場,60.75,高,,無多頭訊號,0.7243436371087734,,,,,,,,,,,0.0
INFY,Infosys Limited,US,17.520000457763672,21.253679897197188,"['RSI嚴重超賣', '接近布林通道下軌', '短期和中期動量均為負', 'ADX趨勢不明', '均線排列不佳', '成交量配合不佳', '動量加速', '指標斜率向下', '上漲動能不足', '支撐位良好', '反轉強度不足', '短期動能未轉折', '價格結構未反轉', '良好進場時機', '接近近期低點', '動量加速向上', 'RSI超賣反彈', '價格低於關鍵均線', '布林通道理想位置', '錘子線形態', '成交量短期放大', '多時間框架中性偏多，謹慎進場', '週線支持上漲，中期看好', '日線短期弱勢，等待更好時機', '接近抄底價位']",28.6458421291573,-0.003594528732406843,1.1301288900808704,17.459999084472656,70,不建議進場,不建議進場,33.0,低,,無多頭訊號,0.34365049505859036,,,,,,,,,,,0.0
SLV,iShares Silver Trust,US,78.5999984741211,64.55617424431314,"['RSI偏高', 'MACD為正', 'MACD柱狀圖為正', 'SAR翻多且趨勢向上', 'OBV突破均線且斜率為正', '成交量放大', '價格在20日均線之上', '價格在5日均線之上', '接近布林通道上軌風險', '短期和中期動量均為正', 'ADX趨勢不明', '均線完美多頭排列', '價格通道強勢向上', '成交量配合良好', '動量減速', '所有指標斜率向上', '相對強度強勁', '上漲動能極強', '波動率過高', '支撐位薄弱', '趨勢反轉初步確認', '反轉強度極強', '短期動能未轉折', '高波動風險', '適當進場時機', '放量上漲', 'MACD強勢多頭', '完美多頭排列', '布林通道超買區', '強勢長紅K', '上升底部結構', '明顯放量', '價漲量增良好配合', '成交量多頭排列', '多時間框架強烈看多，建議積極進場', '月線趨勢良好，適合中長期持有', '週線支持上漲，中期看好', '日線短期強勢，進場時機良好', '多時間框架高度一致', '成交量確認']",68.55301813836844,5.614608956351049,1.6083868937410921,63.91999816894531,70,不建議進場,不建議進場,39.480000000000004,低,,無多頭訊號,22.966208895024444,,,,,,,,,,,0.0
QCOM,QUALCOMM Incorporated,US,165.2899932861328,184.14579711914064,"['RSI從超賣區反轉', 'MACD為正', '成交量適中', '接近布林通道下軌', '短期和中期動量均為負', 'ADX趨勢不明', '均線排列不佳', '動量減速', '指標斜率向下', '相對強度為負', '上漲動能不足', '趨勢反轉初步確認', '反轉強度不足', '短期動能未轉折', '價格結構未反轉', '良好進場時機', '接近近期低點', '動量加速向上', '測試關鍵支撐位', '價格低於關鍵均線', '布林通道超賣區', '錘子線形態', '溫和放量', '多時間框架偏空，建議觀望', '月線趨勢良好，適合中長期持有', '日線短期弱勢，等待更好時機', 'RSI+MACD同步', '接近抄底價位']",37.83708291334573,0.07047782003715497,1.2315293421003934,162.46983337402344,100,不建議進場,不建議進場,31.5,低,,無多頭訊號,1.7358052590704987,,,,,,,,,,,0.0
UBER,"Uber Technologies, Inc.",US,85.41000366210938,81.31198467630625,"['RSI偏高', 'MACD柱狀圖為正', 'SAR翻多且趨勢向上', 'OBV突破均線且斜率為正', '價格在20日均線之上', '接近布林通道上軌', 'ADX趨勢不明', '價格通道向下', '動量減速', '相對強度為正', '無趨勢反轉跡象', '反轉強度不足', '短期動能未轉折', '價格結構未反轉', '適當進場時機', '短期動量轉正', 'MACD強勢多頭', '均線黃金交叉', '錘子線形態', '錘子線形態', '靠近支撐位', '多時間框架看多，建議進場', '月線趨勢良好，適合中長期持有', '日線短期強勢，進場時機良好', '多時間框架較為一致', '接近抄底價位']",63.275746013119814,-0.21421878131350525,0.8259839661837515,84.4270004272461,70,不建議進場,不建議進場,20.520000000000003,低,,無多頭訊號,1.164323296917751,,,,,,,,,,,0.0
OKLO,Oklo Inc.,US,97.08999633789062,76.75024337903952,"['RSI偏高', 'MACD為正', 'MACD柱狀圖為正', 'SAR翻多且趨勢向上', 'OBV突破均線', '價格在20日均線之上', '接近布林通道上軌', '短期和中期動量均為正', 'ADX趨勢不明', '價格通道強勢向上', '成交量配合不佳', '動量減速', '相對強度強勁', '波動率過高', '支撐位薄弱', '短期動能未轉折', '價格結構未反轉', '高波動風險', '進場時機不佳', 'MACD強勢多頭', '均線黃金交叉', '錘子線形態', '錘子線形態', '上升底部結構', '多時間框架強烈看多，建議積極進場', '月線趨勢良好，適合中長期持有', '週線支持上漲，中期看好', '日線短期強勢，進場時機良好', '多時間框架高度一致']",62.7023962236127,0.7977260779300366,0.9524741477801898,89.94199956258139,55,不建議進場,不建議進場,27.0,低,,無多頭訊號,7.947340297160819,,,,,,,,,,,0.0
ARM,Arm Holdings plc,US,107.83999633789062,122.235,"['RSI從超賣區反轉', 'MACD柱狀圖為正', '成交量適中', '接近布林通道下軌', '短期和中期動量均為負', 'ADX趨勢不明', '均線排列不佳', '價格通道向下', '成交量配合不佳', '動量減速', '相對強度為負', '反轉強度不足', '短期動能未轉折', '價格結構未反轉', '良好進場時機', '接近近期低點', '動量加速向上', '測試關鍵支撐位', 'MACD強勢多頭', '價格低於關鍵均線', '布林通道超賣區', '錘子線形態', '溫和放量', '成交量短期放大', '多時間框架偏空，建議觀望', '月線趨勢不佳，避免長期持有', '週線壓力較大，中期謹慎', '日線短期弱勢，等待更好時機', '多時間框架高度一致', '接近抄底價位']",36.72674421413417,-5.989325066923612,1.4119472459270752,105.9000015258789,85,不建議進場,不建議進場,28.5,低,,無多頭訊號,1.831911977392786,,,,,,,,,,,0.0
RIVN,"Rivian Automotive, Inc.",US,18.850000381469727,21.38499975138202,"['RSI嚴重超賣', 'MACD為正', '成交量萎縮', '接近布林通道下軌', '短期和中期動量均為負', 'ADX趨勢不明', '價格通道強勢向上', '動量強勁加速', '指標斜率向下', '相對強度為正', '上漲動能不足', '波動率過高', '反轉強度不足', '反轉可信度低', '短期動能未轉折', '價格結構未反轉', '高波動風險', '適當進場時機', '接近近期低點', 'RSI超賣反彈', '價格低於關鍵均線', '布林通道理想位置', '錘子線形態', '接近關鍵支撐位', '底部抬升', '成交量萎縮', '多時間框架中性偏多，謹慎進場', '月線趨勢良好，適合中長期持有', '週線支持上漲，中期看好', '日線短期弱勢，等待更好時機', 'RSI+MACD同步', '接近抄底價位']",18.201728243551912,0.46610003805805533,0.6345327837018293,18.530000686645508,55,不建議進場,不建議進場,37.5,低,,無多頭訊號,1.7269275929106747,,,,,,,,,,,0.0
BE,Bloom Energy Corporation,US,139.77000427246094,90.50696761200898,"['RSI超買風險', 'MACD為正', 'MACD柱狀圖為正', 'SAR翻多且趨勢向上', 'OBV突破均線且斜率為正', '價格在20日均線之上', '價格在5日均線之上', '接近布林通道上軌風險', '短期和中期動量均為正', 'ADX趨勢不明', '價格通道強勢向上', '成交量配合良好', '動量減速', '所有指標斜率向上', '相對強度強勁', '上漲動能極強', '波動率過高', '支撐位薄弱', '趨勢反轉初步確認', '反轉強度強勁', '短期動能未轉折', '高波動風險', '進場時機不佳', 'RSI超買風險', 'MACD強勢多頭', '短期多頭排列', '布林通道超買區', '錘子線形態', '錘子線形態', '強勢長紅K', '強勢長紅K', '上升底部結構', '多時間框架強烈看多，建議積極進場', '月線趨勢良好，適合中長期持有', '週線支持上漲，中期看好', '日線短期強勢，進場時機良好', '多時間框架高度一致']",89.07715201571511,7.6762318617324325,1.1256072274049618,102.2616673787435,55,不建議進場,不建議進場,20.79,低,,無多頭訊號,36.67878478335282,,,,,,,,,,,0.0
KRE,State Street SPDR S&P Regional Banking ETF,US,66.23999786376953,65.77278665849566,"['RSI從超賣區反轉', 'MACD為正', 'SAR翻多且趨勢向上', 'ADX趨勢不明', '均線多頭排列', '價格通道向上', '成交量配合不佳', '指標斜率向下', '上漲動能不足', '波動率低', '支撐位可靠', '反轉可信度高', '短期動能未轉折', '價格結構未反轉', '良好進場時機', '接近近期低點', '測試關鍵支撐位', '均線黃金交叉', '布林通道理想位置', '強勢長紅K', '靠近支撐位', '多時間框架強烈看多，建議積極進場', '月線趨勢良好，適合中長期持有', '週線支持上漲，中期看好', '日線短期強勢，進場時機良好', '多時間框架高度一致', 'RSI+MACD同步', '接近抄底價位']",44.66588196571167,0.7664071088573507,1.104380847282966,66.00577049255371,70,謹慎觀望,謹慎觀望,52.5,中等,,無多頭訊號,0.35485893046615824,,,,,,,,,,,0.0
CRM,"Salesforce, Inc.",US,241.05999755859375,267.8299865722656,"['RSI嚴重超賣', 'MACD為正', '成交量放大', '接近布林通道下軌', '短期和中期動量均為負', 'ADX趨勢不明', '均線排列不佳', '價格通道向下', '成交量配合不佳', '動量加速', '指標斜率向下', '相對強度為負', '上漲動能不足', '反轉強度不足', '反轉可信度低', '短期動能未轉折', '價格結構未反轉', '適當進場時機', '接近近期低點', '動量加速向上', '放量下跌', '價格低於關鍵均線', '布林通道超賣區', '錘子線形態', '錘子線形態', '爆量確認', '成交量多頭排列', '多時間框架偏空，建議觀望', '月線趨勢不佳，避免長期持有', '週線支持上漲，中期看好', '日線短期弱勢，等待更好時機', 'RSI+MACD同步', '接近抄底價位']",28.244426617030328,1.0863576809894653,2.0644097913295907,237.21710730737183,70,不建議進場,不建議進場,28.5,低,,無多頭訊號,1.619988665590854,,,,,,,,,,,0.0
VZ,Verizon Communications Inc.,US,39.0099983215332,40.06487971080723,"['RSI從超賣區反轉', '成交量適中', '接近布林通道下軌', '短期和中期動量均為負', 'ADX趨勢不明', '價格通道向下', '成交量配合不佳', '動量加速', '指標斜率向下', '波動率低', '支撐位可靠', '反轉強度不足', '短期動能未轉折', '價格結構未反轉', '測試關鍵支撐位', '價格低於關鍵均線', '布林通道超賣區', '錘子線形態', '錘子線形態', '接近關鍵支撐位', '溫和放量', '成交量多頭排列', '多時間框架偏空，建議觀望', '週線壓力較大，中期謹慎', '日線短期弱勢，等待更好時機', '多時間框架較為一致', '接近抄底價位']",45.233714908694466,-0.0867917312164721,1.41847204646979,38.993469684811174,100,不建議進場,不建議進場,39.0,低,,無多頭訊號,0.04238821745187567,,,,,,,,,,,0.0
RBLX,Roblox Corporation,US,84.80000305175781,71.77999877929688,"['MACD柱狀圖為正', 'SAR翻多', 'OBV突破均線且斜率為正', '成交量放大', '價格在20日均線之上', '價格在5日均線之上', '接近布林通道上軌', '短期和中期動量均為正', 'ADX趨勢不明', '均線排列不佳', '價格通道向下', '成交量配合良好', '動量強勁加速', '所有指標斜率向上', '上漲動能強勁', '趨勢反轉初步確認', '反轉強度強勁', '短期動能強勁轉折', '高波動風險', '良好進場時機', '放量上漲', 'RSI超賣反彈', 'RSI健康上升', 'MACD強勢多頭', '錘子線形態', '錘子線形態', '強勢長紅K', '強勢長紅K', '靠近支撐位', '上升底部結構', '接近突破阻力', '爆量確認', '價漲量增完美配合', '成交量多頭排列', '多時間框架中性偏多，謹慎進場', '週線壓力較大，中期謹慎', '日線短期強勢，進場時機良好', '成交量確認']",55.722396804326955,-4.450031922145371,2.7177492802479315,76.72000122070312,55,不建議進場,不建議進場,67.5,高,,無多頭訊號,10.531806181559698,,,,,,,,,,,0.0
TSM,Taiwan Semiconductor Manufacturing Company Limited,US,331.2099914550781,313.5566951151599,"['RSI超買風險', 'MACD為正', 'MACD柱狀圖為正', 'SAR翻多且趨勢向上', 'OBV突破均線', '價格在20日均線之上', '價格在5日均線之上', '接近布林通道上軌風險', '短期和中期動量均為正', 'ADX趨勢不明', '均線完美多頭排列', '價格通道向上', '成交量配合不佳', '動量減速', '相對強度強勁', '上漲動能良好', '波動率過高', '支撐位薄弱', '趨勢反轉初步確認', '反轉強度強勁', '進場時機不佳', 'RSI超買風險', 'MACD強勢多頭', '完美多頭排列', '布林通道超買區', '強勢長紅K', '靠近支撐位', '上升底部結構', '接近突破阻力', '多時間框架強烈看多，建議積極進場', '月線趨勢良好，適合中長期持有', '週線支持上漲，中期看好', '日線短期強勢，進場時機良好', '多時間框架高度一致']",79.44419227645781,9.623891841856334,1.058965091160899,302.760893758138,55,不建議進場,不建議進場,18.269999999999996,極低,,無多頭訊號,9.396556253948305,,,,,,,,,,,0.0
V,Visa Inc.,US,327.8800048828125,358.0874954223633,"['RSI嚴重超賣', 'MACD為正', '成交量放大', '接近布林通道下軌', '短期和中期動量均為負', 'ADX趨勢不明', '成交量配合不佳', '指標斜率向下', '相對強度為負', '上漲動能不足', '波動率低', '反轉強度不足', '短期動能未轉折', '價格結構未反轉', '適當進場時機', '接近近期低點', '動量加速向上', '放量下跌', '價格低於關鍵均線', '布林通道超賣區', '錘子線形態', '爆量確認', '成交量多頭排列', '多時間框架偏空，建議觀望', '日線短期弱勢，等待更好時機', 'RSI+MACD同步', '接近抄底價位']",26.929682778885123,1.1513552889334164,2.876418488790479,323.8299865722656,100,不建議進場,不建議進場,39.0,低,,無多頭訊號,1.2506619147337907,,,,,,,,,,,0.0
TTD,"The Trade Desk, Inc.",US,37.13999938964844,40.73090950775146,"['RSI從超賣區反轉', 'MACD柱狀圖為正', '短期和中期動量均為負', 'ADX趨勢不明', '均線排列不佳', '動量減速', '指標斜率向下', '相對強度為正', '上漲動能不足', '支撐位良好', '反轉強度不足', '短期動能未轉折', '價格結構未反轉', '絕佳進場時機', '短期動量轉正', '動量加速向上', '測試關鍵支撐位', '錘子線形態', 'RSI健康上升', 'MACD強勢多頭', '價格低於關鍵均線', '布林通道理想位置', '錘子線形態', '錘子線形態', '接近關鍵支撐位', '成交量短期放大', '多時間框架偏空，建議觀望', '月線趨勢不佳，避免長期持有', '週線壓力較大，中期謹慎', '日線短期弱勢，等待更好時機', '多時間框架高度一致', '接近抄底價位']",49.024696833055046,-0.6586911898838039,0.8753941986739019,36.810001373291016,70,不建議進場,不建議進場,30.0,低,,無多頭訊號,0.8964900952078346,,,,,,,,,,,0.0
HIMS,"Hims & Hers Health, Inc.",US,32.20000076293945,36.18440622901916,"['RSI從超賣區反轉', '接近布林通道下軌', '短期和中期動量均為負', 'ADX趨勢不明', '均線排列不佳', '價格通道向下', '成交量配合不佳', '動量減速', '指標斜率向下', '相對強度為負', '上漲動能不足', '反轉強度不足', '短期動能未轉折', '價格結構未反轉', '高波動風險', '良好進場時機', '動量加速向上', 'RSI超賣反彈', '測試關鍵支撐位', 'RSI健康上升', '價格低於關鍵均線', '布林通道超賣區', '錘子線形態', '接近關鍵支撐位', '底部抬升', '多時間框架偏空，建議觀望', '週線壓力較大，中期謹慎', '日線短期弱勢，等待更好時機', '接近抄底價位']",35.932871075575875,-1.3846166832603046,1.14503713412299,32.04999923706055,70,不建議進場,不建議進場,18.0,極低,,無多頭訊號,0.4680234928225963,,,,,,,,,,,0.0
AAL,American Airlines Group Inc.,US,15.350000381469727,15.204905545400791,"['RSI從超賣區反轉', 'MACD為正', 'SAR翻多且趨勢向上', 'OBV突破均線', '成交量適中', '接近布林通道下軌', 'ADX趨勢不明', '均線完美多頭排列', '價格通道向上', '動量減速', '指標斜率向下', '相對強度為正', '上漲動能不足', '波動率低', '支撐位可靠', '趨勢反轉初步確認', '反轉可信度高', '短期動能未轉折', '價格結構未反轉', '良好進場時機', '接近近期低點', '測試關鍵支撐位', '均線黃金交叉', '布林通道理想位置', '錘子線形態', '接近關鍵支撐位', '溫和放量', '成交量多頭排列', '多時間框架強烈看多，建議積極進場', '月線趨勢良好，適合中長期持有', '週線支持上漲，中期看好', '多時間框架較為一致', 'RSI+MACD同步', '接近抄底價位']",37.465563942170014,0.3561803536274333,1.4081257397432945,15.329999987284342,85,建議進場,建議進場,66.0,高,,無多頭訊號,0.13046571560322195,,,,,,,,,,,0.0
DAL,"Delta Air Lines, Inc.",US,69.33000183105469,73.16000366210938,"['RSI從超賣區反轉', 'MACD為正', '成交量放大', '接近布林通道下軌', '短期和中期動量均為負', 'ADX趨勢不明', '均線完美多頭排列', '價格通道向上', '成交量配合不佳', '動量減速', '指標斜率向下', '上漲動能不足', '波動率低', '支撐位良好', '趨勢反轉初步確認', '短期動能未轉折', '價格結構未反轉', '良好進場時機', '接近近期低點', '動量加速向上', '放量下跌', '測試關鍵支撐位', '均線黃金交叉', '布林通道超賣區', '錘子線形態', '接近關鍵支撐位', '爆量確認', '成交量多頭排列', '多時間框架強烈看多，建議積極進場', '月線趨勢良好，適合中長期持有', '週線支持上漲，中期看好', '多時間框架較為一致', 'RSI+MACD同步', '接近抄底價位']",38.746930632289754,1.3407355775345025,2.501429813557772,68.63897589493165,85,謹慎觀望,謹慎觀望,51.0,中等,,無多頭訊號,1.006754438150156,,,,,,,,,,,0.0
NVO,Novo Nordisk A/S,US,59.63999938964844,53.842230083597215,"['RSI超買風險', 'MACD為正', 'MACD柱狀圖為正', 'SAR翻多且趨勢向上', 'OBV突破均線', '價格在20日均線之上', '價格在5日均線之上', '接近布林通道上軌風險', '短期和中期動量均為正', 'ADX趨勢不明', '均線完美多頭排列', '價格通道強勢向上', '成交量配合不佳', '動量減速', '所有指標斜率向上', '相對強度強勁', '上漲動能良好', '波動率過高', '支撐位薄弱', '趨勢反轉初步確認', '反轉強度強勁', '短期動能未轉折', '高波動風險', '進場時機不佳', 'RSI超買風險', 'MACD強勢多頭', '完美多頭排列', '布林通道超買區', '錘子線形態', '上升底部結構', '接近突破阻力', '多時間框架強烈看多，建議積極進場', '週線支持上漲，中期看好', '日線短期強勢，進場時機良好', '多時間框架較為一致']",87.61407409065251,2.614951381321717,0.873361156562623,51.2983336130778,55,不建議進場,不建議進場,18.9,極低,,無多頭訊號,16.261085281031516,,,,,,,,,,,0.0
F,Ford Motor Company,US,13.979999542236328,13.14468391493988,"['RSI偏高', 'MACD為正', 'MACD柱狀圖為正', 'SAR翻多且趨勢向上', '價格在20日均線之上', '接近布林通道上軌', '短期和中期動量均為正', 'ADX趨勢不明', '均線完美多頭排列', '價格通道向上', '成交量配合不佳', '動量減速', '相對強度為正', '上漲動能良好', '反轉強度強勁', '短期動能未轉折', '價格結構未反轉', '進場時機不佳', 'MACD強勢多頭', '均線黃金交叉', '錘子線形態', '強勢長紅K', '接近關鍵支撐位', '上升底部結構', '多時間框架強烈看多，建議積極進場', '月線趨勢良好，適合中長期持有', '週線支持上漲，中期看好', '日線短期強勢，進場時機良好', '多時間框架高度一致', '接近抄底價位']",61.30433610797251,0.2307091881582295,1.1428970662885545,13.460999965667725,55,不建議進場,不建議進場,35.64,低,,無多頭訊號,3.855579658957817,,,,,,,,,,,0.0
MO,"Altria Group, Inc.",US,60.150001525878906,54.94099998474121,"['RSI偏高', 'MACD為正', 'MACD柱狀圖為正', 'SAR翻多且趨勢向上', 'OBV突破均線且斜率為正', '價格在20日均線之上', '價格在5日均線之上', '接近布林通道上軌風險', '短期和中期動量均為正', 'ADX趨勢不明', '價格通道向上', '成交量配合良好', '動量強勁加速', '所有指標斜率向上', '相對強度為正', '上漲動能極強', '趨勢反轉初步確認', '反轉強度強勁', '反轉可信度高', '短期動能強勁轉折', '進場時機不佳', 'MACD強勢多頭', '布林通道超買區', '強勢長紅K', '強勢長紅K', '強勢長紅K', '強勢長紅K', '靠近支撐位', '上升底部結構', '接近突破阻力', '成交量多頭排列', '多時間框架中性偏多，謹慎進場', '日線短期強勢，進場時機良好', '多時間框架較為一致', '接近抄底價位']",63.89291134160003,0.0048462044124093495,1.142571758194652,57.42798271179199,85,不建議進場,不建議進場,44.52,中等,,無多頭訊號,4.739882345767979,,,,,,,,,,,0.0
T,AT&T Inc.,US,23.299999237060547,24.55136460137525,"['RSI從超賣區反轉', '接近布林通道下軌', '短期和中期動量均為負', 'ADX趨勢不明', '均線排列不佳', '動量加速', '指標斜率向下', '上漲動能不足', '波動率低', '支撐位良好', '反轉強度不足', '短期動能未轉折', '價格結構未反轉', '良好進場時機', '接近近期低點', '動量加速向上', '測試關鍵支撐位', '價格低於關鍵均線', '布林通道超賣區', '錘子線形態', '成交量多頭排列', '多時間框架偏空，建議觀望', '週線壓力較大，中期謹慎', '日線短期弱勢，等待更好時機', '接近抄底價位']",35.933133900261055,-0.27093692702857197,1.1226041958502941,23.190000534057617,85,不建議進場,不建議進場,36.0,低,,無多頭訊號,0.4743367851215953,,,,,,,,,,,0.0
PBR,Petróleo Brasileiro S.A. - Petrobras,US,12.300000190734863,11.503363548278807,"['RSI偏高', 'MACD柱狀圖為正', 'SAR翻多且趨勢向上', 'OBV突破均線且斜率為正', '成交量放大', '價格在20日均線之上', '價格在5日均線之上', '接近布林通道上軌風險', '短期和中期動量均為正', 'ADX趨勢不明', '價格通道向上', '成交量配合良好', '動量加速', '所有指標斜率向上', '相對強度為正', '上漲動能強勁', '波動率低', '反轉強度強勁', '適當進場時機', '放量上漲', 'MACD強勢多頭', '短期多頭排列', '布林通道超買區', '錘子線形態', '強勢長紅K', '強勢長紅K', '靠近支撐位', '上升底部結構', '接近突破阻力', '明顯放量', '價漲量增完美配合', '成交量多頭排列', '多時間框架看多，建議進場', '月線趨勢良好，適合中長期持有', '日線短期強勢，進場時機良好', '多時間框架較為一致', '成交量確認', '接近抄底價位']",64.94846222365547,-0.07751235772811604,1.9566846210840916,12.119999885559082,70,謹慎觀望,謹慎觀望,36.96,低,,無多頭訊號,1.485151046826747,,,,,,,,,,,0.0
RKLB,Rocket Lab Corporation,US,86.58000183105469,69.3874582970428,"['RSI偏高', 'MACD為正', 'MACD柱狀圖為正', 'SAR翻多且趨勢向上', 'OBV突破均線', '成交量萎縮', '價格在20日均線之上', '價格在5日均線之上', '接近布林通道上軌', '短期和中期動量均為正', 'ADX趨勢不明', '均線完美多頭排列', '價格通道強勢向上', '成交量配合不佳', '動量減速', '相對強度強勁', '波動率過高', '支撐位薄弱', '趨勢反轉初步確認', '反轉強度強勁', '反轉可信度低', '短期動能未轉折', '價格結構未反轉', '高波動風險', '進場時機不佳', 'MACD強勢多頭', '完美多頭排列', '錘子線形態', '錘子線形態', '上升底部結構', '成交量萎縮', '多時間框架強烈看多，建議積極進場', '月線趨勢良好，適合中長期持有', '週線支持上漲，中期看好', '日線短期強勢，進場時機良好', '多時間框架高度一致']",63.35404245294301,8.029210129110865,0.7428665380200662,66.25950024922689,55,不建議進場,不建議進場,33.480000000000004,低,,無多頭訊號,30.668057418777313,,,,,,,,,,,0.0
SNOW,Snowflake Inc.,US,209.38999938964844,235.97579757690428,"['RSI從超賣區反轉', 'MACD柱狀圖為正', '成交量放大', '接近布林通道下軌', '短期和中期動量均為負', 'ADX趨勢不明', '均線排列不佳', '成交量配合不佳', '動量減速', '指標斜率向下', '上漲動能不足', '反轉強度不足', '反轉可信度低', '短期動能未轉折', '價格結構未反轉', '高波動風險', '良好進場時機', '接近近期低點', '動量加速向上', '放量下跌', '測試關鍵支撐位', 'MACD強勢多頭', '價格低於關鍵均線', '布林通道超賣區', '錘子線形態', '爆量確認', '成交量多頭排列', '多時間框架偏空，建議觀望', '月線趨勢良好，適合中長期持有', '週線壓力較大，中期謹慎', '日線短期弱勢，等待更好時機', '接近抄底價位']",35.30403074065897,-4.4551283812380404,2.08433524327474,207.5,70,不建議進場,不建議進場,27.0,低,,無多頭訊號,0.9108430793486446,,,,,,,,,,,0.0
ASTS,"AST SpaceMobile, Inc.",US,92.72000122070312,78.09016401934538,"['MACD為正', 'MACD柱狀圖為正', 'SAR翻多且趨勢向上', 'OBV突破均線', '成交量萎縮', '價格在20日均線之上', '接近布林通道上軌', 'ADX趨勢不明', '均線完美多頭排列', '價格通道強勢向上', '動量減速', '相對強度強勁', '波動率過高', '支撐位薄弱', '反轉可信度低', '短期動能未轉折', '高波動風險', '進場時機不佳', 'MACD強勢多頭', '均線黃金交叉', '上升底部結構', '成交量萎縮', '多時間框架強烈看多，建議積極進場', '月線趨勢良好，適合中長期持有', '週線支持上漲，中期看好', '日線短期強勢，進場時機良好', '多時間框架高度一致']",54.14783195653619,6.7146992058798105,0.6758107989978221,77.41799964904786,55,不建議進場,不建議進場,41.85,中等,,無多頭訊號,19.76543134803595,,,,,,,,,,,0.0
OCUL,"Ocular Therapeutix, Inc.",US,10.430000305175781,12.71177552017842,"['RSI嚴重超賣', '成交量適中', '接近布林通道下軌', '短期和中期動量均為負', 'ADX趨勢不明', '均線排列不佳', '價格通道向下', '成交量配合不佳', '動量強勁加速', '指標斜率向下', '相對強度為負', '上漲動能不足', '波動率過高', '反轉強度不足', '短期動能未轉折', '價格結構未反轉', '適當進場時機', '錘子線形態', '價格低於關鍵均線', '布林通道超賣區', '錘子線形態', '錘子線形態', '溫和放量', '成交量多頭排列', '多時間框架偏空，建議觀望', '月線趨勢良好，適合中長期持有', '週線壓力較大，中期謹慎', '日線短期弱勢，等待更好時機', '接近抄底價位']",8.250825809639664,-0.5357272451041624,1.2979669693342286,10.121205473530603,85,不建議進場,不建議進場,25.5,低,,無多頭訊號,3.0509689033855834,,,,,,,,,,,0.0
XLE,State Street Energy Select Sector SPDR ETF,US,47.0,44.98874022449094,"['RSI偏高', 'MACD為正', 'MACD柱狀圖為正', 'SAR翻多且趨勢向上', 'OBV突破均線且斜率為正', '成交量適中', '價格在20日均線之上', '價格在5日均線之上', '接近布林通道上軌風險', '短期和中期動量均為正', 'ADX趨勢不明', '均線多頭排列', '價格通道向上', '成交量配合不佳', '動量減速', '所有指標斜率向上', '相對強度為正', '上漲動能強勁', '支撐位良好', '趨勢反轉初步確認', '反轉強度極強', '反轉可信度高', '短期動能未轉折', '價格結構反轉', '適當進場時機', '放量上漲', 'MACD強勢多頭', '短期多頭排列', '布林通道超買區', '強勢長紅K', '接近關鍵支撐位', '上升底部結構', '接近突破阻力', '溫和放量', '價漲量增良好配合', '成交量多頭排列', '多時間框架強烈看多，建議積極進場', '月線趨勢良好，適合中長期持有', '週線支持上漲，中期看好', '日線短期強勢，進場時機良好', '多時間框架高度一致', '多重多頭訊號確認', '成交量確認', '接近抄底價位']",67.28626802174426,0.535774590148705,1.3834935181735624,45.75,70,謹慎觀望,謹慎觀望,38.64,低,1.0,,2.73224043715847,2026-01-12,46.34000015258789,"['均線多頭排列', '價格通道向上', '指標斜率向上', '相對強度為正', '上漲動能延續', '反轉強度強勁', '反轉可信度高', '價格結構反轉']",2026-01-13,1.424255168836574,55.0,85.0,75.0,20.0,70.0,
HOOD,"Robinhood Markets, Inc.",US,120.23999786376953,123.98348639927782,"['RSI從超賣區反轉', 'MACD柱狀圖為正', 'OBV突破均線且斜率為正', '價格在20日均線之上', '價格在5日均線之上', 'ADX趨勢不明', '均線排列不佳', '價格通道向下', '動量減速', '相對強度為正', '上漲動能強勁', '支撐位良好', '反轉強度不足', '反轉可信度高', '短期動能未轉折', '價格結構完美反轉', '高波動風險', '良好進場時機', '上升底部結構', '測試關鍵支撐位', 'RSI健康上升', 'MACD強勢多頭', '錘子線形態', '靠近支撐位', '底部抬升', '成交量短期放大', '多時間框架強烈看多，建議積極進場', '月線趨勢良好，適合中長期持有', '日線短期強勢，進場時機良好', '多時間框架高度一致', '單一多頭訊號', '接近抄底價位']",46.74808566350076,-1.8265785615736547,0.9803992901072214,114.97000122070312,70,謹慎觀望,謹慎觀望,60.0,高,1.0,,4.583801502228232,2026-01-12,117.5199966430664,"['MACD柱狀圖轉正+RSI未超買', '相對強度為正', '上漲動能延續', '反轉可信度高', '價格結構反轉']",2026-01-13,2.314500764465094,40.0,25.0,75.0,20.0,85.0,
WMT,Walmart Inc.,US,120.36000061035156,110.2614974975586,"['RSI超買風險', 'MACD為正', 'MACD柱狀圖為正', 'SAR翻多且趨勢向上', 'OBV突破均線且斜率為正', '成交量適中', '價格在20日均線之上', '價格在5日均線之上', '接近布林通道上軌風險', '短期和中期動量均為正', 'ADX趨勢不明', '均線多頭排列', '價格通道向上', '成交量配合良好', '所有指標斜率向上', '相對強度為正', '上漲動能極強', '支撐位薄弱', '趨勢反轉初步確認', '反轉強度極強', '短期動能轉折', '適當進場時機', '放量上漲', 'RSI超買風險', 'MACD強勢多頭', '短期多頭排列', '布林通道超買區', '強勢長紅K', '錘子線形態', '強勢長紅K', '靠近支撐位', '上升底部結構', '接近突破阻力', '溫和放量', '價漲量縮警告', '成交量多頭排列', '多時間框架強烈看多，建議積極進場', '月線趨勢良好，適合中長期持有', '週線支持上漲，中期看好', '日線短期強勢，進場時機良好', '多時間框架高度一致', '單一多頭訊號', '成交量確認']",73.17804719200161,1.5658282338225433,1.4664619565166326,113.94878590901693,55,謹慎觀望,謹慎觀望,27.719999999999995,低,5.0,,5.626400185126764,2026-01-08,113.06999969482422,"['OBV突破均線', '均線多頭排列', '價格通道向上', '相對強度為正', '上漲動能延續', '反轉強度強勁', '短期動能轉折']",2026-01-13,6.447334337315863,55.0,90.0,50.0,70.0,30.0,
FCX,Freeport-McMoRan Inc.,US,59.34000015258789,52.125545441546954,"['RSI超買風險', 'MACD為正', 'MACD柱狀圖為正', 'SAR翻多且趨勢向上', 'OBV突破均線且斜率為正', '成交量適中', '價格在20日均線之上', '價格在5日均線之上', '接近布林通道上軌風險', '短期和中期動量均為正', 'ADX趨勢不明', '均線完美多頭排列', '價格通道強勢向上', '成交量配合不佳', '動量減速', '所有指標斜率向上', '相對強度強勁', '上漲動能強勁', '波動率過高', '支撐位薄弱', '趨勢反轉初步確認', '反轉強度極強', '短期動能未轉折', '價格結構反轉', '適當進場時機', '放量上漲', 'RSI超買風險', 'MACD強勢多頭', '完美多頭排列', '布林通道超買區', '錘子線形態', '上升底部結構', '接近突破阻力', '溫和放量', '成交量多頭排列', '多時間框架強烈看多，建議積極進場', '月線趨勢良好，適合中長期持有', '週線支持上漲，中期看好', '日線短期強勢，進場時機良好', '多時間框架高度一致', '單一多頭訊號', '成交量確認']",75.49824168408361,3.292390016587639,1.278969075276356,55.66999816894531,55,謹慎觀望,謹慎觀望,23.31,低,5.0,,6.592423395641199,2026-01-08,54.220001220703125,"['均線多頭排列', '價格通道向上', '相對強度為正', '上漲動能延續', '反轉強度強勁', '價格結構反轉']",2026-01-13,9.443007776860336,55.0,90.0,50.0,20.0,70.0,
XOM,Exxon Mobil Corporation,US,126.54000091552734,118.2699966430664,"['RSI偏高', 'MACD為正', 'MACD柱狀圖為正', 'SAR翻多', 'OBV突破均線且斜率為正', '成交量適中', '價格在20日均線之上', '價格在5日均線之上', '接近布林通道上軌風險', '短期和中期動量均為正', 'ADX趨勢不明', '均線完美多頭排列', '價格通道向上', '成交量配合不佳', '所有指標斜率向上', '相對強度強勁', '上漲動能強勁', '支撐位薄弱', '趨勢反轉初步確認', '反轉強度強勁', '短期動能未轉折', '價格結構反轉', '適當進場時機', '放量上漲', 'MACD強勢多頭', '完美多頭排列', '布林通道超買區', '強勢長紅K', '強勢長紅K', '錘子線形態', '靠近支撐位', '上升底部結構', '接近突破阻力', '溫和放量', '價漲量增良好配合', '成交量多頭排列', '多時間框架強烈看多，建議積極進場', '月線趨勢良好，適合中長期持有', '週線支持上漲，中期看好', '日線短期強勢，進場時機良好', '多時間框架高度一致', '單一多頭訊號', '成交量確認']",66.6402164919563,1.966009180545143,1.242236596128243,119.40333379109701,70,謹慎觀望,謹慎觀望,36.12,低,7.0,,5.976941261050835,2026-01-06,121.05000305175781,"['均線多頭排列', '價格通道向上', '指標斜率向上', '相對強度為正', '上漲動能延續', '反轉強度強勁', '價格結構反轉']",2026-01-13,4.53531410604108,55.0,80.0,60.0,20.0,70.0,
RIOT,"Riot Platforms, Inc.",US,16.75,12.931951442468883,"['RSI偏高', 'MACD為正', 'MACD柱狀圖為正', 'SAR翻多且趨勢向上', 'OBV突破均線且斜率為正', '成交量適中', '價格在20日均線之上', '價格在5日均線之上', '接近布林通道上軌風險', '短期和中期動量均為正', 'ADX趨勢不明', '價格通道強勢向上', '成交量配合良好', '動量減速', '所有指標斜率向上', '相對強度強勁', '上漲動能極強', '波動率過高', '支撐位薄弱', '趨勢反轉初步確認', '反轉強度極強', '短期動能未轉折', '價格結構反轉', '高波動風險', '良好進場時機', '放量上漲', '錘子線形態', 'MACD強勢多頭', '短期多頭排列', '布林通道超買區', '錘子線形態', '強勢長紅K', '錘子線形態', '上升底部結構', '接近突破阻力', '溫和放量', '成交量多頭排列', '多時間框架強烈看多，建議積極進場', '月線趨勢良好，適合中長期持有', '週線支持上漲，中期看好', '日線短期強勢，進場時機良好', '多時間框架高度一致', '單一多頭訊號', '成交量確認']",67.83004800498284,0.2167088966790729,1.348350987079256,14.628000005086262,55,謹慎觀望,謹慎觀望,36.96,低,5.0,,14.506425992452165,2026-01-08,15.130000114440918,"['價格通道向上', '指標斜率向上', '相對強度為正', '上漲動能延續', '反轉強度強勁', '價格結構反轉']",2026-01-13,10.707203392634899,55.0,85.0,60.0,20.0,70.0,
JD,"JD.com, Inc.",US,29.8799991607666,28.827119445800783,"['MACD為正', 'MACD柱狀圖為正', 'SAR翻多且趨勢向上', 'OBV突破均線', '成交量適中', '價格在20日均線之上', '價格在5日均線之上', '接近布林通道上軌風險', '短期和中期動量均為正', 'ADX趨勢不明', '價格通道向上', '成交量配合良好', '相對強度為正', '上漲動能良好', '波動率低', '支撐位良好', '趨勢反轉確認', '反轉強度強勁', '反轉可信度高', '短期動能未轉折', '價格結構未反轉', '測試關鍵支撐位', 'MACD強勢多頭', '短期多頭排列', '布林通道超買區', '強勢長紅K', '強勢長紅K', '靠近支撐位', '上升底部結構', '溫和放量', '成交量多頭排列', '多時間框架偏空，建議觀望', '月線趨勢不佳，避免長期持有', '日線短期強勢，進場時機良好', '多重多頭訊號確認', '接近抄底價位']",57.06618779316132,0.014869510060091073,1.3113414202756533,29.418000094095866,85,謹慎觀望,謹慎觀望,49.349999999999994,中等,0.0,,1.5704638833129159,2026-01-13,29.8799991607666,"['價格通道向上', '相對強度為正', '上漲動能延續', '趨勢反轉確認', '反轉可信度高']",2026-01-13,0.0,70.0,65.0,75.0,20.0,0.0,
OXY,Occidental Petroleum Corporation,US,43.310001373291016,40.28452335209946,"['RSI偏高', 'MACD為正', 'MACD柱狀圖為正', 'SAR翻多且趨勢向上', 'OBV突破均線且斜率為正', '成交量適中', '價格在20日均線之上', '價格在5日均線之上', '接近布林通道上軌風險', '短期和中期動量均為正', 'ADX趨勢不明', '均線多頭排列', '價格通道向上', '成交量配合不佳', '動量減速', '所有指標斜率向上', '相對強度強勁', '上漲動能強勁', '趨勢反轉初步確認', '反轉強度極強', '短期動能未轉折', '價格結構反轉', '適當進場時機', '放量上漲', '十字星形態', 'MACD強勢多頭', '短期多頭排列', '布林通道超買區', '強勢長紅K', '錘子線形態', '靠近支撐位', '上升底部結構', '接近突破阻力', '溫和放量', '價漲量增良好配合', '成交量多頭排列', '多時間框架中性偏多，謹慎進場', '月線趨勢不佳，避免長期持有', '週線支持上漲，中期看好', '日線短期強勢，進場時機良好', '成交量確認', '接近抄底價位']",66.20468727632384,0.4963913580774175,1.261989076070047,41.26190999348958,85,謹慎觀望,謹慎觀望,36.96,低,8.0,,4.963636875085491,2026-01-05,41.22999954223633,"['SAR翻多', '均線多頭排列', '價格通道向上', '相對強度為正', '上漲動能延續', '反轉強度強勁', '價格結構反轉']",2026-01-13,5.0448747372017735,55.0,90.0,60.0,20.0,70.0,
LQD,iShares iBoxx $ Investment Grade Corporate Bond ETF,US,110.75,110.16949974673135,"['RSI偏高', 'MACD為正', 'MACD柱狀圖為正', 'SAR翻多且趨勢向上', 'OBV突破均線且斜率為正', '成交量適中', '價格在20日均線之上', '價格在5日均線之上', '接近布林通道上軌風險', 'ADX趨勢不明', '均線多頭排列', '動量加速', '所有指標斜率向上', '相對強度為正', '上漲動能強勁', '波動率低', '支撐位可靠', '趨勢反轉初步確認', '反轉可信度高', '短期動能未轉折', '價格結構完美反轉', '低波動風險', '絕佳進場時機', '接近近期低點', '放量上漲', '測試關鍵支撐位', '錘子線形態', 'MACD強勢多頭', '完美多頭排列', '布林通道超買區', '錘子線形態', '接近關鍵支撐位', '底部抬升', '接近突破阻力', '溫和放量', '成交量多頭排列', '多時間框架強烈看多，建議積極進場', '月線趨勢良好，適合中長期持有', '週線支持上漲，中期看好', '日線短期強勢，進場時機良好', '多時間框架高度一致', '多重多頭訊號確認', '成交量確認', '接近抄底價位']",61.4285480733075,0.06814145766858815,1.310227187618077,110.37044474283854,100,謹慎觀望,謹慎觀望,41.160000000000004,中等,1.0,,0.3438921153627807,2026-01-12,110.51000213623047,"['均線多頭排列', '動量加速', '相對強度為正', '上漲動能延續', '反轉可信度高', '價格結構反轉']",2026-01-13,0.21717297903376698,55.0,55.0,75.0,20.0,85.0,
JNJ,Johnson & Johnson,US,213.64999389648438,201.13475341796874,"['RSI偏高', 'MACD為正', 'MACD柱狀圖為正', 'SAR翻多且趨勢向上', 'OBV突破均線且斜率為正', '成交量適中', '價格在20日均線之上', '價格在5日均線之上', '接近布林通道上軌風險', '短期和中期動量均為正', 'ADX趨勢不明', '均線多頭排列', '價格通道向上', '成交量配合良好', '動量加速', '所有指標斜率向上', '上漲動能強勁', '波動率低', '趨勢反轉初步確認', '反轉強度強勁', '反轉可信度高', '短期動能轉折', '價格結構反轉', '良好進場時機', '放量上漲', 'MACD柱狀圖轉正', '測試關鍵支撐位', 'MACD強勢多頭', '完美多頭排列', '布林通道超買區', '靠近支撐位', '上升底部結構', '接近突破阻力', '溫和放量', '成交量多頭排列', '多時間框架強烈看多，建議積極進場', '月線趨勢良好，適合中長期持有', '週線支持上漲，中期看好', '日線短期強勢，進場時機良好', '多時間框架高度一致', '多重多頭訊號確認', '成交量確認', '接近抄底價位']",63.50828063640093,1.4559941382070178,1.432888147857575,206.868999226888,85,謹慎觀望,謹慎觀望,45.36,中等,1.0,,3.277917278537789,2026-01-12,209.72000122070312,"['OBV突破均線', '動量轉正', '均線多頭排列', '價格通道向上', '動量加速', '上漲動能延續', '反轉強度強勁', '短期動能轉折', '價格結構反轉']",2026-01-13,1.8739236376626958,55.0,80.0,70.0,80.0,70.0,
BP,BP p.l.c.,US,35.36000061035156,35.85691168337891,"['MACD柱狀圖為正', 'OBV突破均線且斜率為正', '價格在20日均線之上', '價格在5日均線之上', '接近布林通道上軌風險', '短期和中期動量均為正', 'ADX趨勢不明', '均線排列不佳', '成交量配合不佳', '動量加速', '所有指標斜率向上', '相對強度為正', '上漲動能極強', '支撐位良好', '趨勢反轉初步確認', '短期動能轉折', '價格結構完美反轉', '絕佳進場時機', '上升底部結構', 'MACD柱狀圖轉正', '測試關鍵支撐位', 'RSI健康上升', 'MACD強勢多頭', '布林通道超買區', '錘子線形態', '錘子線形態', '強勢長紅K', '靠近支撐位', '上升底部結構', '價漲量增良好配合', '成交量多頭排列', '多時間框架強烈看多，建議積極進場', '月線趨勢良好，適合中長期持有', '週線支持上漲，中期看好', '日線短期強勢，進場時機良好', '多時間框架高度一致', '多重多頭訊號確認', '接近抄底價位']",58.997050645403405,-0.14838811850572142,1.0951969046657934,35.04333343505859,70,謹慎觀望,謹慎觀望,47.24999999999999,中等,1.0,,0.9036445573301686,2026-01-12,34.40999984741211,"['動量加速', '相對強度為正', '上漲動能延續', '短期動能轉折', '價格結構反轉']",2026-01-13,2.760827570915843,50.0,55.0,60.0,75.0,85.0,
RTX,RTX Corporation,US,194.0800018310547,184.3699951171875,"['RSI偏高', 'MACD為正', 'MACD柱狀圖為正', 'SAR翻多', 'OBV突破均線且斜率為正', '成交量適中', '價格在20日均線之上', '價格在5日均線之上', '接近布林通道上軌風險', '短期和中期動量均為正', 'ADX趨勢不明', '均線完美多頭排列', '價格通道強勢向上', '成交量配合良好', '動量減速', '相對強度強勁', '上漲動能極強', '趨勢反轉初步確認', '反轉強度強勁', '價格結構反轉', '適當進場時機', '放量上漲', 'MACD強勢多頭', '完美多頭排列', '布林通道超買區', '強勢長紅K', '上升底部結構', '接近突破阻力', '溫和放量', '多時間框架強烈看多，建議積極進場', '月線趨勢良好，適合中長期持有', '週線支持上漲，中期看好', '日線短期強勢，進場時機良好', '多時間框架高度一致', '單一多頭訊號', '成交量確認']",67.7215177648797,4.152069364803026,1.2237414842192673,181.05099843343098,70,謹慎觀望,謹慎觀望,41.160000000000004,中等,5.0,,7.196316789390271,2026-01-08,187.1699981689453,"['OBV突破均線', '均線多頭排列', '價格通道向上', '相對強度為正', '上漲動能延續', '反轉強度強勁', '價格結構反轉']",2026-01-13,3.6918329485007506,55.0,75.0,60.0,50.0,70.0,
ROIV,Roivant Sciences Ltd.,US,23.440000534057617,20.85026055908203,"['MACD為正', 'MACD柱狀圖為正', 'SAR翻多且趨勢向上', 'OBV突破均線且斜率為正', '成交量適中', '價格在20日均線之上', '價格在5日均線之上', '接近布林通道上軌風險', '短期和中期動量均為正', 'ADX趨勢不明', '均線多頭排列', '價格通道向上', '動量加速', '所有指標斜率向上', '相對強度強勁', '上漲動能極強', '支撐位薄弱', '趨勢反轉確認', '反轉強度極強', '短期動能轉折', '價格結構反轉', '良好進場時機', '放量上漲', 'MACD柱狀圖轉正', 'RSI健康上升', 'MACD強勢多頭', '完美多頭排列', '布林通道超買區', '錘子線形態', '錘子線形態', '錘子線形態', '強勢長紅K', '上升底部結構', '接近突破阻力', '溫和放量', '價漲量增完美配合', '成交量短期放大', '多時間框架強烈看多，建議積極進場', '月線趨勢良好，適合中長期持有', '週線支持上漲，中期看好', '日線短期強勢，進場時機良好', '多時間框架高度一致', '多重多頭訊號確認', '成交量確認']",58.22510920807478,0.35659941555739394,1.49907506794254,21.702666791280112,70,謹慎觀望,謹慎觀望,61.949999999999996,高,1.0,,8.005162496783786,2026-01-12,22.15999984741211,"['SAR翻多', '均線多頭排列', '價格通道向上', '動量加速', '相對強度為正', '上漲動能延續', '趨勢反轉確認', '反轉強度強勁', '短期動能轉折', '價格結構反轉']",2026-01-13,5.776176423552588,70.0,90.0,60.0,75.0,70.0,
IYR,iShares U.S. Real Estate ETF,US,95.43000030517578,93.2699966430664,"['RSI偏高', 'MACD為正', 'MACD柱狀圖為正', 'SAR翻多', 'OBV突破均線且斜率為正', '價格在20日均線之上', '價格在5日均線之上', '接近布林通道上軌風險', '短期和中期動量均為正', 'ADX趨勢不明', '價格通道向上', '成交量配合不佳', '所有指標斜率向上', '相對強度為正', '上漲動能極強', '波動率低', '支撐位可靠', '趨勢反轉初步確認', '反轉可信度高', '短期動能未轉折', '價格結構完美反轉', '低波動風險', '測試關鍵支撐位', 'MACD強勢多頭', '短期多頭排列', '布林通道超買區', '錘子線形態', '靠近支撐位', '上升底部結構', '接近突破阻力', '價漲量增良好配合', '成交量多頭排列', '多時間框架看多，建議進場', '月線趨勢良好，適合中長期持有', '日線短期強勢，進場時機良好', '多時間框架較為一致', '單一多頭訊號', '接近抄底價位']",66.192160190056,0.1700907746786129,1.180162016171487,94.17853342692057,100,謹慎觀望,謹慎觀望,39.480000000000004,低,5.0,,1.3288239184848976,2026-01-08,94.58000183105469,"['動量轉正', '價格通道向上', '指標斜率向上', '相對強度為正', '上漲動能延續', '反轉可信度高', '價格結構反轉']",2026-01-13,0.8987084559793301,50.0,60.0,75.0,20.0,85.0,
DIS,The Walt Disney Company,US,112.9800033569336,116.02999877929688,"['MACD為正', 'OBV突破均線且斜率為正', '短期和中期動量均為負', 'ADX趨勢不明', '均線多頭排列', '價格通道向上', '成交量配合不佳', '指標斜率向下', '相對強度為正', '上漲動能不足', '波動率低', '支撐位可靠', '反轉強度不足', '反轉可信度高', '短期動能未轉折', '價格結構反轉', '絕佳進場時機', '接近近期低點', '短期動量轉正', '動量加速向上', '測試關鍵支撐位', '錘子線形態', '均線黃金交叉', '布林通道理想位置', '強勢長紅K', '錘子線形態', '接近關鍵支撐位', '多時間框架強烈看多，建議積極進場', '月線趨勢良好，適合中長期持有', '週線支持上漲，中期看好', '日線短期強勢，進場時機良好', '多時間框架高度一致', '多重多頭訊號確認', '接近抄底價位']",51.6892054436731,1.3348673558992488,0.8982069907524813,110.96392974853515,70,謹慎觀望,謹慎觀望,48.0,中等,1.0,,1.8168729360678193,2026-01-12,112.81999969482422,"['均線多頭排列', '價格通道向上', '相對強度為正', '反轉可信度高', '價格結構反轉']",2026-01-13,0.14182207280817374,35.0,25.0,75.0,0.0,55.0,
