symbol,name,market,current_price,sar,confidence_factors,rsi,macd,volume_ratio,long_signal_price,long_signal_confidence,entry_opportunity,entry_advice,confidence_score,confidence_level,long_days,latest_signal_date,latest_signal_price,signal_conditions,current_date,distance_to_signal,price_change_since_signal,trend_reversal_confirmation,reversal_strength,reversal_reliability,short_term_momentum_turn,price_structure_reversal,bps_short_put,bps_long_put,bps_expiry,bps_safety_margin,expected_move_1sd,earnings_date,days_to_earnings,earnings_high_risk,status,composite_score
FXI,iShares China Large-Cap ETF,US,39.61000061035156,38.999487586021424,"['MACD為正', 'MACD柱狀圖為正', 'SAR翻多且趨勢向上', 'OBV突破均線', '成交量適中', 'ADX趨勢不明', '均線多頭排列', '價格通道向上', '成交量配合良好', '動量加速', '所有指標斜率向上', '上漲動能良好', '波動率低', '支撐位可靠', '趨勢反轉初步確認', '反轉強度強勁', '反轉可信度極高', '價格結構反轉', '良好進場時機', '接近近期低點', '測試關鍵支撐位', 'MACD強勢多頭', '均線黃金交叉', '布林通道理想位置', '錘子線形態', '錘子線形態', '接近關鍵支撐位', '上升底部結構', '溫和放量', '成交量多頭排列', '多時間框架強烈看多，建議積極進場', '月線趨勢良好，適合中長期持有', '週線支持上漲，中期看好', '日線短期強勢，進場時機良好', '多時間框架高度一致', '多重多頭訊號確認', '接近抄底價位']",52.090048916429936,0.2590832604247879,1.4353324846148676,39.439998626708984,100,強烈推薦進場,強烈推薦進場,87.0,極高,0.0,2026-01-30,39.61000061035156,"['均線多頭排列', '價格通道向上', '動量加速', '指標斜率向上', '上漲動能延續', '反轉可信度高', '價格結構反轉']",2026-01-30,0.4310395272870315,0.0,60.0,65.0,90.0,45.0,55.0,36.5,31.5,2026-03-04,7.85,2.92,,,False,,97.27068814181389
AAPL,Apple Inc.,US,259.4800109863281,246.34448909554482,"['MACD柱狀圖為正', 'SAR翻多且趨勢向上', 'OBV突破均線且斜率為正', '成交量放大', '價格在20日均線之上', '價格在5日均線之上', '短期和中期動量均為正', 'ADX趨勢不明', '均線排列不佳', '成交量配合良好', '動量強勁加速', '所有指標斜率向上', '上漲動能強勁', '趨勢反轉初步確認', '反轉強度強勁', '反轉可信度高', '價格結構完美反轉', '適當進場時機', '放量上漲', '測試關鍵支撐位', 'RSI健康上升', 'MACD強勢多頭', '錘子線形態', '接近關鍵支撐位', '上升底部結構', '接近突破阻力', '明顯放量', '價漲量增良好配合', '成交量多頭排列', '多時間框架強烈看多，建議積極進場', '月線趨勢良好，適合中長期持有', '日線短期強勢，進場時機良好', '多時間框架較為一致', '多重多頭訊號確認', '成交量確認', '接近抄底價位']",50.16623735466336,-3.62047040413006,1.7761370635328555,255.41000366210938,70,強烈推薦進場,強烈推薦進場,85.5,極高,1.0,2026-01-29,258.2799987792969,"['動量加速', '指標斜率向上', '上漲動能延續', '反轉可信度高', '價格結構反轉']",2026-01-30,1.5935191518978646,0.46461677741321106,60.0,65.0,75.0,45.0,85.0,235.5,230.5,2026-03-04,9.24,23.71,,,False,,95.37194425443064
DIS,The Walt Disney Company,US,112.80000305175781,112.99191501334228,"['RSI從超賣區反轉', 'MACD為正', 'OBV突破均線且斜率為正', '成交量放大', '價格在20日均線之上', '價格在5日均線之上', 'ADX趨勢不明', '均線排列不佳', '成交量配合良好', '動量強勁加速', '相對強度為正', '波動率低', '支撐位可靠', '趨勢反轉確認', '反轉可信度高', '適當進場時機', '放量上漲', '測試關鍵支撐位', '強勢長紅K', '接近關鍵支撐位', '底部抬升', '接近突破阻力', '明顯放量', '價漲量增良好配合', '成交量多頭排列', '多時間框架強烈看多，建議積極進場', '月線趨勢良好，適合中長期持有', '週線支持上漲，中期看好', '多時間框架較為一致', '多重多頭訊號確認', '成交量確認', 'RSI+MACD同步', '接近抄底價位']",41.13925578712494,0.011397791946066604,1.7615337168216583,112.70333328247071,70,強烈推薦進場,強烈推薦進場,81.0,極高,1.0,2026-01-29,111.58000183105469,"['OBV突破均線', '動量加速', '相對強度為正', '趨勢反轉確認', '反轉可信度高']",2026-01-30,0.08577365590848873,1.0933869875269862,70.0,40.0,75.0,30.0,45.0,103.0,98.0,2026-03-04,8.69,9.76,,,False,,94.92426790322746
F,Ford Motor Company,US,13.880000114440918,14.3104689703636,"['RSI從超賣區反轉', 'MACD為正', '價格在20日均線之上', '價格在5日均線之上', '短期和中期動量均為正', 'ADX趨勢不明', '均線多頭排列', '成交量配合良好', '動量加速', '相對強度為正', '支撐位可靠', '趨勢反轉確認', '反轉強度強勁', '短期動能未轉折', '價格結構完美反轉', '測試關鍵支撐位', 'RSI健康上升', '完美多頭排列', '錘子線形態', '接近關鍵支撐位', '上升底部結構', '接近突破阻力', '多時間框架強烈看多，建議積極進場', '月線趨勢良好，適合中長期持有', '週線支持上漲，中期看好', '日線短期強勢，進場時機良好', '多時間框架高度一致', '多重多頭訊號確認', 'RSI+MACD同步', '接近抄底價位']",43.93940707538786,0.10426719481344726,1.0305623045803718,13.625,85,強烈推薦進場,強烈推薦進場,82.5,極高,1.0,2026-01-29,14.0,"['OBV突破均線', '均線多頭排列', '動量加速', '相對強度為正', '趨勢反轉確認', '價格結構反轉']",2026-01-30,1.871560472960866,-0.8571420397077287,65.0,65.0,60.0,20.0,85.0,12.5,7.5,2026-03-04,9.94,1.33,,,False,,94.68853185811174
QQQ,Invesco QQQ Trust,US,621.8699951171875,610.4949482574463,"['RSI從超賣區反轉', 'MACD為正', 'MACD柱狀圖為正', 'SAR翻多且趨勢向上', '成交量適中', 'ADX趨勢不明', '均線完美多頭排列', '價格通道向上', '成交量配合不佳', '相對強度為正', '波動率低', '支撐位可靠', '趨勢反轉初步確認', '反轉可信度高', '短期動能未轉折', '價格結構反轉', '良好進場時機', '接近近期低點', '測試關鍵支撐位', 'MACD強勢多頭', '均線黃金交叉', '布林通道理想位置', '錘子線形態', '接近關鍵支撐位', '底部抬升', '溫和放量', '成交量短期放大', '多時間框架強烈看多，建議積極進場', '月線趨勢良好，適合中長期持有', '週線支持上漲，中期看好', '日線短期強勢，進場時機良好', '多時間框架高度一致', '多重多頭訊號確認', 'RSI+MACD同步', '接近抄底價位']",46.05607984932569,2.3429485657618443,1.2070982600299929,620.6189860026042,85,強烈推薦進場,強烈推薦進場,76.5,高,1.0,2026-01-29,629.4299926757812,"['均線多頭排列', '價格通道向上', '指標斜率向上', '相對強度為正', '反轉可信度高', '價格結構反轉']",2026-01-30,0.2015744188944417,-1.2010863235886342,50.0,50.0,80.0,0.0,55.0,580.0,575.0,2026-03-04,6.73,41.39,,,False,,93.98952767433167
EEM,iShares MSCI Emerging Markets ETF,US,59.099998474121094,60.95000076293945,"['RSI偏高', 'MACD為正', 'MACD柱狀圖為正', '成交量放大', '價格在20日均線之上', '短期和中期動量均為正', 'ADX趨勢不明', '均線完美多頭排列', '價格通道強勢向上', '成交量配合良好', '相對強度強勁', '支撐位良好', '趨勢反轉初步確認', '反轉強度強勁', '反轉可信度高', '短期動能未轉折', '價格結構反轉', '低波動風險', '適當進場時機', '接近近期低點', '放量下跌', '測試關鍵支撐位', 'MACD強勢多頭', '均線黃金交叉', '強勢長紅K', '錘子線形態', '接近關鍵支撐位', '明顯放量', '成交量多頭排列', '多時間框架強烈看多，建議積極進場', '月線趨勢良好，適合中長期持有', '週線支持上漲，中期看好', '日線短期強勢，進場時機良好', '多時間框架高度一致', '單一多頭訊號', '接近抄底價位']",62.76041019914904,1.3122283373601036,1.7322202139499856,58.83000183105469,55,強烈推薦進場,強烈推薦進場,60.0,高,0.0,2026-01-30,59.099998474121094,"['均線多頭排列', '價格通道向上', '相對強度為正', '反轉可信度高', '價格結構反轉']",2026-01-30,0.45894379510945843,0.0,50.0,70.0,75.0,0.0,55.0,56.0,51.0,2026-03-04,5.25,3.02,,,False,,91.86231686146716
AMZN,"Amazon.com, Inc.",US,239.3000030517578,228.8503404042969,"['RSI從超賣區反轉', 'MACD為正', 'MACD柱狀圖為正', 'SAR翻多且趨勢向上', '價格在20日均線之上', '短期和中期動量均為正', 'ADX趨勢不明', '均線多頭排列', '成交量配合良好', '相對強度強勁', '支撐位良好', '趨勢反轉初步確認', '反轉可信度高', '短期動能未轉折', '價格結構反轉', '良好進場時機', '接近近期低點', '測試關鍵支撐位', 'MACD強勢多頭', '均線黃金交叉', '強勢長紅K', '錘子線形態', '錘子線形態', '接近關鍵支撐位', '上升底部結構', '成交量短期放大', '多時間框架強烈看多，建議積極進場', '月線趨勢良好，適合中長期持有', '週線支持上漲，中期看好', '日線短期強勢，進場時機良好', '多時間框架高度一致', '單一多頭訊號', 'RSI+MACD同步', '接近抄底價位']",40.348779606734425,1.8307073687838908,1.105339741485501,235.93199920654297,55,強烈推薦進場,強烈推薦進場,78.0,高,3.0,2026-01-27,244.67999267578125,"['MACD柱狀圖轉正+RSI未超買', '動量轉正', '均線多頭排列', '指標斜率向上', '相對強度為正', '反轉可信度高', '價格結構反轉']",2026-01-30,1.4275316008602874,-2.198786081848676,60.0,55.0,80.0,0.0,55.0,215.0,210.0,2026-03-04,10.15,23.85,,,False,,91.42174051974192
XLU,State Street Utilities Select Sector SPDR ETF,US,43.25,42.51678930234909,"['RSI偏高', 'MACD為正', 'MACD柱狀圖為正', 'SAR翻多且趨勢向上', '價格在20日均線之上', '價格在5日均線之上', 'ADX趨勢不明', '均線多頭排列', '成交量配合良好', '動量強勁加速', '所有指標斜率向上', '相對強度為正', '上漲動能良好', '波動率低', '支撐位可靠', '趨勢反轉初步確認', '反轉可信度高', '短期動能未轉折', '價格結構完美反轉', '低波動風險', '良好進場時機', '接近近期低點', '測試關鍵支撐位', '錘子線形態', 'MACD強勢多頭', '完美多頭排列', '錘子線形態', '接近關鍵支撐位', '上升底部結構', '接近突破阻力', '成交量多頭排列', '多時間框架中性偏多，謹慎進場', '月線趨勢良好，適合中長期持有', '日線短期強勢，進場時機良好', '多重多頭訊號確認', '接近抄底價位']",61.144591810588985,0.0739466062572518,1.1314916734091454,42.8341313680013,100,強烈推薦進場,強烈推薦進場,63.60000000000001,高,1.0,2026-01-29,43.33000183105469,"['均線多頭排列', '動量加速', '指標斜率向上', '相對強度為正', '上漲動能延續', '反轉可信度高', '價格結構反轉']",2026-01-30,0.9708814413110004,-0.18463380492485937,55.0,50.0,80.0,20.0,85.0,41.0,36.0,2026-03-04,5.2,1.91,,,False,,91.17873556760671
TMUS,"T-Mobile US, Inc.",US,197.2100067138672,181.57800064086913,"['RSI從超賣區反轉', 'MACD柱狀圖為正', 'SAR翻多且趨勢向上', 'OBV突破均線且斜率為正', '成交量放大', '價格在20日均線之上', '價格在5日均線之上', '接近布林通道上軌', '短期和中期動量均為正', 'ADX趨勢不明', '均線排列不佳', '成交量配合良好', '動量強勁加速', '所有指標斜率向上', '上漲動能極強', '趨勢反轉初步確認', '反轉強度強勁', '短期動能轉折', '價格結構反轉', '良好進場時機', '放量上漲', 'MACD柱狀圖轉正', '測試關鍵支撐位', 'RSI健康上升', 'MACD強勢多頭', '強勢長紅K', '強勢長紅K', '接近關鍵支撐位', '上升底部結構', '接近突破阻力', '明顯放量', '價漲量增完美配合', '成交量多頭排列', '多時間框架偏空，建議觀望', '月線趨勢不佳，避免長期持有', '週線壓力較大，中期謹慎', '日線短期強勢，進場時機良好', '多重多頭訊號確認', '成交量確認', '接近抄底價位']",46.03175750783996,-2.8759176494078247,1.7897191703096456,196.11000061035156,70,建議進場,建議進場,79.65,高,1.0,2026-01-29,189.27999877929688,"['動量加速', '指標斜率向上', '上漲動能延續', '短期動能轉折', '價格結構反轉']",2026-01-30,0.5609128040855055,4.189564658554764,55.0,65.0,55.0,70.0,70.0,181.5,176.5,2026-03-04,7.97,15.4,,,False,,90.51172615877437
LQD,iShares iBoxx $ Investment Grade Corporate Bond ETF,US,110.56999969482422,109.93616692154109,"['RSI從超賣區反轉', 'MACD為正', 'SAR翻多且趨勢向上', 'OBV突破均線', '成交量適中', '短期和中期動量均為負', 'ADX趨勢不明', '均線完美多頭排列', '成交量配合不佳', '動量加速', '指標斜率向下', '相對強度為正', '上漲動能不足', '波動率低', '支撐位可靠', '趨勢反轉初步確認', '反轉強度不足', '反轉可信度高', '短期動能未轉折', '價格結構完美反轉', '低波動風險', '良好進場時機', '接近近期低點', '動量加速向上', '測試關鍵支撐位', '均線黃金交叉', '布林通道理想位置', '錘子線形態', '錘子線形態', '接近關鍵支撐位', '底部抬升', '接近突破阻力', '溫和放量', '成交量多頭排列', '多時間框架強烈看多，建議積極進場', '月線趨勢良好，適合中長期持有', '週線支持上漲，中期看好', '日線短期強勢，進場時機良好', '多時間框架高度一致', '多重多頭訊號確認', 'RSI+MACD同步', '接近抄底價位']",48.91640940001559,0.08776118345831208,1.227568549212671,110.52632166544596,100,建議進場,建議進場,66.0,高,1.0,2026-01-29,110.68000030517578,"['OBV突破均線', '均線多頭排列', '動量加速', '相對強度為正', '反轉可信度高', '價格結構反轉']",2026-01-30,0.03951821495558853,-0.09938616737284062,45.0,25.0,80.0,0.0,85.0,108.5,103.5,2026-03-04,1.87,2.05,,,False,,87.93814453551333
TLT,iShares 20+ Year Treasury Bond ETF,US,87.12999725341797,86.72780923488736,"['RSI從超賣區反轉', 'SAR翻多且趨勢向上', '接近布林通道下軌', '短期和中期動量均為負', 'ADX趨勢不明', '均線排列不佳', '成交量配合不佳', '動量加速', '指標斜率向下', '相對強度為正', '上漲動能不足', '波動率低', '支撐位可靠', '反轉強度不足', '反轉可信度高', '短期動能未轉折', '價格結構完美反轉', '低波動風險', '良好進場時機', '接近近期低點', '動量加速向上', '測試關鍵支撐位', '均線黃金交叉', '布林通道理想位置', '錘子線形態', '錘子線形態', '強勢長紅K', '接近關鍵支撐位', '底部抬升', '接近突破阻力', '成交量短期放大', '多時間框架中性偏多，謹慎進場', '月線趨勢良好，適合中長期持有', '週線壓力較大，中期謹慎', '日線短期強勢，進場時機良好', '單一多頭訊號', '接近抄底價位']",42.80574453662513,-0.0817178857115266,1.112537244792285,87.05121675354827,100,不建議進場,不建議進場,51.0,中等,3.0,2026-01-27,87.80000305175781,"['SAR翻多', '動量加速', '相對強度為正', '反轉可信度高', '價格結構反轉']",2026-01-30,0.09049902207884188,-0.7631045273937833,30.0,5.0,75.0,0.0,85.0,84.0,79.0,2026-03-04,3.59,2.94,,,False,,70.42285029337634
COP,ConocoPhillips,US,104.2300033569336,97.01280054280775,"['RSI偏高', 'MACD為正', 'MACD柱狀圖為正', 'SAR翻多且趨勢向上', 'OBV突破均線且斜率為正', '價格在20日均線之上', '價格在5日均線之上', '接近布林通道上軌風險', '短期和中期動量均為正', 'ADX趨勢不明', '均線完美多頭排列', '價格通道強勢向上', '成交量配合良好', '動量加速', '所有指標斜率向上', '相對強度強勁', '上漲動能極強', '支撐位薄弱', '趨勢反轉初步確認', '反轉強度強勁', '短期動能未轉折', '價格結構反轉', '進場時機不佳', 'MACD強勢多頭', '完美多頭排列', '布林通道超買區', '強勢長紅K', '上升底部結構', '接近突破阻力', '價漲量縮警告', '成交量短期放大', '多時間框架強烈看多，建議積極進場', '月線趨勢良好，適合中長期持有', '週線支持上漲，中期看好', '日線短期強勢，進場時機良好', '多時間框架高度一致', '多重多頭訊號確認']",66.06117807695618,2.168467487093011,0.9779828776457323,97.11000061035156,70,不建議進場,不建議進場,42.0,中等,4.0,2026-01-26,98.44999694824219,"['OBV突破均線', '動量轉正', '均線多頭排列', '價格通道向上', '動量加速', '相對強度為正', '上漲動能延續', '反轉強度強勁', '價格結構反轉']",2026-01-30,7.331894451479455,5.871007199451831,45.0,80.0,60.0,20.0,70.0,93.5,88.5,2026-03-04,10.29,10.42,,,False,,65.20043166455616
DDOG,"Datadog, Inc.",US,129.32000732421875,121.03522876767165,"['MACD柱狀圖為正', 'SAR翻多且趨勢向上', 'OBV突破均線且斜率為正', 'ADX趨勢不明', '均線排列不佳', '成交量配合不佳', '動量減速', '主要指標斜率向上', '上漲動能良好', '波動率過高', '反轉可信度高', '短期動能未轉折', '價格結構反轉', '高波動風險', '適當進場時機', '短期動量轉正', '測試關鍵支撐位', 'RSI健康上升', 'MACD強勢多頭', '均線黃金交叉', '布林通道理想位置', '強勢長紅K', '靠近支撐位', '底部抬升', '價漲量縮警告', '多時間框架中性偏多，謹慎進場', '月線趨勢良好，適合中長期持有', '週線壓力較大，中期謹慎', '日線短期強勢，進場時機良好', '接近抄底價位']",53.832308167023406,-2.5421553803816437,0.9009164092957319,123.45999908447266,55,不建議進場,不建議進場,45.0,中等,8.0,2026-01-22,131.25,"['MACD柱狀圖轉正+RSI未超買', 'OBV突破均線', '動量轉正', '指標斜率向上', '反轉可信度高', '價格結構反轉']",2026-01-30,4.74648330082735,-1.4704706101190477,25.0,30.0,75.0,0.0,55.0,110.0,105.0,2026-03-04,14.94,18.94,,,False,,61.57605500975179
KO,The Coca-Cola Company,US,74.80999755859375,72.56999969482422,"['RSI超買風險', 'MACD為正', 'MACD柱狀圖為正', 'SAR翻多且趨勢向上', 'OBV突破均線且斜率為正', '成交量適中', '價格在20日均線之上', '價格在5日均線之上', '接近布林通道上軌風險', '短期和中期動量均為正', 'ADX趨勢不明', '均線完美多頭排列', '價格通道向上', '成交量配合良好', '動量減速', '相對強度強勁', '上漲動能良好', '趨勢反轉初步確認', '反轉強度極強', '短期動能未轉折', '價格結構反轉', '適當進場時機', '放量上漲', 'RSI超買風險', 'MACD強勢多頭', '完美多頭排列', '布林通道超買區', '強勢長紅K', '錘子線形態', '強勢長紅K', '靠近支撐位', '上升底部結構', '接近突破阻力', '溫和放量', '價漲量增良好配合', '成交量短期放大', '多時間框架強烈看多，建議積極進場', '月線趨勢良好，適合中長期持有', '週線支持上漲，中期看好', '日線短期強勢，進場時機良好', '多時間框架高度一致', '成交量確認']",76.15566175644808,1.0071226625511542,1.4283060645037087,71.07081210401583,70,不建議進場,不建議進場,25.199999999999996,低,8.0,2026-01-22,71.87000274658203,"['均線多頭排列', '價格通道向上', '指標斜率向上', '相對強度為正', '上漲動能延續', '反轉強度強勁', '價格結構反轉']",2026-01-30,5.261211099016892,4.090711979486515,55.0,85.0,50.0,20.0,70.0,71.0,66.0,2026-03-04,5.09,3.74,,,False,,57.46163667029493
JNJ,Johnson & Johnson,US,227.25,220.97230526285173,"['RSI超買風險', 'MACD為正', 'MACD柱狀圖為正', 'SAR翻多且趨勢向上', '價格在20日均線之上', '價格在5日均線之上', '接近布林通道上軌風險', '短期和中期動量均為正', 'ADX趨勢不明', '均線完美多頭排列', '價格通道向上', '成交量配合良好', '主要指標斜率向上', '相對強度強勁', '趨勢反轉初步確認', '反轉強度強勁', '短期動能未轉折', '價格結構反轉', '低波動風險', '測試關鍵支撐位', 'RSI超買風險', 'MACD強勢多頭', '完美多頭排列', '布林通道超買區', '靠近支撐位', '上升底部結構', '接近突破阻力', '成交量短期放大', '多時間框架強烈看多，建議積極進場', '月線趨勢良好，適合中長期持有', '週線支持上漲，中期看好', '日線短期強勢，進場時機良好', '多時間框架高度一致']",92.45909407554906,5.394753029198171,1.154261372840208,213.07366739908855,55,不建議進場,不建議進場,23.31,低,8.0,2026-01-22,218.49000549316406,"['均線多頭排列', '價格通道向上', '指標斜率向上', '相對強度為正', '反轉強度強勁', '價格結構反轉']",2026-01-30,6.653254141610598,4.009334196803804,50.0,75.0,45.0,20.0,70.0,214.5,209.5,2026-03-04,5.61,12.4,,,False,,56.66602375751682
XOM,Exxon Mobil Corporation,US,141.39999389648438,133.60240760368004,"['RSI超買風險', 'MACD為正', 'MACD柱狀圖為正', 'SAR翻多且趨勢向上', 'OBV突破均線且斜率為正', '成交量適中', '價格在20日均線之上', '價格在5日均線之上', '接近布林通道上軌風險', '短期和中期動量均為正', 'ADX趨勢不明', '均線完美多頭排列', '價格通道強勢向上', '成交量配合良好', '動量減速', '主要指標斜率向上', '相對強度強勁', '上漲動能極強', '波動率過高', '支撐位薄弱', '趨勢反轉初步確認', '反轉強度極強', '短期動能未轉折', '價格結構反轉', '低波動風險', '適當進場時機', '放量上漲', 'RSI超買風險', 'MACD強勢多頭', '完美多頭排列', '布林通道超買區', '強勢長紅K', '錘子線形態', '錘子線形態', '上升底部結構', '接近突破阻力', '溫和放量', '成交量多頭排列', '多時間框架強烈看多，建議積極進場', '月線趨勢良好，適合中長期持有', '週線支持上漲，中期看好', '日線短期強勢，進場時機良好', '多時間框架高度一致', '成交量確認']",91.25307331645243,5.1604099396020615,1.4665068053231254,126.23666687011719,55,不建議進場,不建議進場,25.83,低,24.0,2026-01-06,121.05000305175781,"['均線多頭排列', '價格通道向上', '指標斜率向上', '相對強度為正', '上漲動能延續', '反轉強度強勁', '價格結構反轉']",2026-01-30,12.011824616669006,16.811227039808863,55.0,85.0,50.0,20.0,70.0,131.5,126.5,2026-03-04,7.0,9.77,,,False,,35.5624526149993
IYR,iShares U.S. Real Estate ETF,US,96.20999908447266,97.90141474024803,"['MACD為正', '成交量適中', '價格在20日均線之上', '價格在5日均線之上', 'ADX趨勢不明', '成交量配合良好', '動量加速', '相對強度為正', '上漲動能不足', '波動率低', '支撐位可靠', '趨勢反轉確認', '低波動風險', '良好進場時機', '接近近期低點', '測試關鍵支撐位', '錘子線形態', '完美多頭排列', '錘子線形態', '錘子線形態', '接近關鍵支撐位', '底部抬升', '溫和放量', '成交量多頭排列', '多時間框架強烈看多，建議積極進場', '月線趨勢良好，適合中長期持有', '週線支持上漲，中期看好', '日線短期強勢，進場時機良好', '多時間框架高度一致', '接近抄底價位']",57.92883162117273,0.44759784276108405,1.4070240279977049,95.94000244140625,100,建議進場,建議進場,66.0,高,,,,,,0.28142238502787426,,,,,,,,,,,,,,,無多頭訊號,0.0
CRWD,"CrowdStrike Holdings, Inc.",US,441.4049987792969,487.0,"['RSI從超賣區反轉', 'MACD柱狀圖為正', '接近布林通道下軌', '短期和中期動量均為負', 'ADX趨勢不明', '均線排列不佳', '成交量配合不佳', '動量加速', '指標斜率向下', '反轉強度不足', '短期動能未轉折', '價格結構未反轉', '適當進場時機', '測試關鍵支撐位', '十字星形態', 'MACD強勢多頭', '均線黃金交叉', '布林通道超賣區', '強勢長紅K', '錘子線形態', '接近關鍵支撐位', '底部抬升', '多時間框架中性偏多，謹慎進場', '月線趨勢良好，適合中長期持有', '週線壓力較大，中期謹慎', '日線短期強勢，進場時機良好', '接近抄底價位']",35.6394767967592,-8.328786779248276,0.9263577735248235,437.0386324873786,85,不建議進場,不建議進場,34.5,低,,,,,,0.9990801653088108,,,,,,,,,,,,,,,無多頭訊號,0.0
ZS,"Zscaler, Inc.",US,200.00999450683594,228.52705001831055,"['RSI從超賣區反轉', 'MACD柱狀圖為正', '接近布林通道下軌', '短期和中期動量均為負', 'ADX趨勢不明', '均線排列不佳', '成交量配合不佳', '動量加速', '指標斜率向下', '相對強度為負', '反轉強度不足', '短期動能未轉折', '價格結構未反轉', '高波動風險', '良好進場時機', '接近近期低點', '測試關鍵支撐位', 'RSI健康上升', 'MACD強勢多頭', '價格低於關鍵均線', '布林通道超賣區', '錘子線形態', '接近關鍵支撐位', '底部抬升', '多時間框架偏空，建議觀望', '週線壓力較大，中期謹慎', '日線短期弱勢，等待更好時機', '接近抄底價位']",33.71956263862178,-8.470141601919437,0.873173563128579,199.1888239327275,70,不建議進場,不建議進場,31.5,低,,,,,,0.4122573535479941,,,,,,,,,,,,,,,無多頭訊號,0.0
IONQ,"IonQ, Inc.",US,39.97999954223633,53.38741838717461,"['RSI從超賣區反轉', '接近布林通道下軌', '短期和中期動量均為負', 'ADX趨勢不明', '均線排列不佳', '價格通道向下', '成交量配合不佳', '動量加速', '指標斜率向下', '相對強度為負', '上漲動能不足', '波動率過高', '反轉強度不足', '短期動能未轉折', '價格結構未反轉', '高波動風險', '動量加速向上', '價格低於關鍵均線', '布林通道超賣區', '多時間框架偏空，建議觀望', '月線趨勢良好，適合中長期持有', '週線壓力較大，中期謹慎', '日線短期弱勢，等待更好時機']",34.051868571933696,-1.5632130500898143,1.15540705219472,38.0,70,不建議進場,不建議進場,19.5,極低,,,,,,5.2105251111482325,,,,,,,,,,,,,,,無多頭訊號,0.0
XYZ,"Block, Inc.",US,60.43000030517578,70.95352341262455,"['RSI嚴重超賣', '接近布林通道下軌', '短期和中期動量均為負', 'ADX趨勢不明', '均線排列不佳', '成交量配合不佳', '動量減速', '指標斜率向下', '相對強度為負', '上漲動能不足', '反轉強度不足', '短期動能未轉折', '價格結構反轉', '高波動風險', '良好進場時機', '接近近期低點', '動量加速向上', '測試關鍵支撐位', '價格低於關鍵均線', '布林通道超賣區', '成交量短期放大', '多時間框架偏空，建議觀望', '月線趨勢不佳，避免長期持有', '週線壓力較大，中期謹慎', '日線短期弱勢，等待更好時機', '多時間框架高度一致', '接近抄底價位']",28.285707746233257,-0.840928849001827,1.1558400051136999,60.24890875965689,85,不建議進場,不建議進場,30.0,低,,,,,,0.30057232445701865,,,,,,,,,,,,,,,無多頭訊號,0.0
PEP,"PepsiCo, Inc.",US,153.6300048828125,146.7125015258789,"['RSI超買風險', 'MACD為正', 'MACD柱狀圖為正', 'SAR翻多且趨勢向上', 'OBV突破均線且斜率為正', '成交量適中', '價格在20日均線之上', '價格在5日均線之上', '接近布林通道上軌風險', '短期和中期動量均為正', 'ADX趨勢不明', '價格通道強勢向上', '成交量配合良好', '動量加速', '所有指標斜率向上', '相對強度強勁', '上漲動能強勁', '趨勢反轉初步確認', '反轉強度強勁', '短期動能未轉折', '適當進場時機', '放量上漲', 'RSI超買風險', 'MACD強勢多頭', '短期多頭排列', '布林通道超買區', '強勢長紅K', '錘子線形態', '十字星形態', '強勢長紅K', '上升底部結構', '接近突破阻力', '溫和放量', '價漲量增良好配合', '成交量短期放大', '多時間框架強烈看多，建議積極進場', '月線趨勢良好，適合中長期持有', '週線支持上漲，中期看好', '日線短期強勢，進場時機良好', '多時間框架高度一致', '成交量確認', '接近抄底價位']",82.20654794909157,1.4416045308760204,1.4990834078132442,147.0,85,謹慎觀望,謹慎觀望,24.57,低,,,,,,4.510207403273809,,,,,,,,,,,,,,,無多頭訊號,0.0
STUB,"StubHub Holdings, Inc.",US,14.119999885559082,12.778407172999005,"['MACD為正', 'MACD柱狀圖為正', 'SAR翻多且趨勢向上', '成交量萎縮', '價格在20日均線之上', '短期和中期動量均為負', 'ADX趨勢不明', '成交量配合不佳', '動量強勁加速', '主要指標斜率向上', '波動率過高', '趨勢反轉初步確認', '反轉強度不足', '價格結構未反轉', '高波動風險', '適當進場時機', '測試關鍵支撐位', '錘子線形態', 'MACD強勢多頭', '均線黃金交叉', '錘子線形態', '錘子線形態', '錘子線形態', '接近關鍵支撐位', '成交量萎縮', '多時間框架中性偏多，謹慎進場', '日線短期強勢，進場時機良好', '接近抄底價位']",57.475080109173,0.22752673009503255,0.659341707137227,13.924666659037273,55,不建議進場,不建議進場,43.5,中等,,,,,,1.4027856558780565,,,,,,,,,,,,,,,無多頭訊號,0.0
COF,Capital One Financial Corporation,US,218.92999267578125,237.73855285311106,"['RSI嚴重超賣', 'OBV突破均線', '成交量萎縮', '價格在5日均線之上', '接近布林通道下軌', 'ADX趨勢不明', '均線排列不佳', '成交量配合不佳', '動量強勁加速', '相對強度為負', '上漲動能不足', '波動率過高', '支撐位薄弱', '反轉強度不足', '反轉可信度低', '價格結構未反轉', '進場時機不佳', 'RSI超賣反彈', '價格低於關鍵均線', '布林通道理想位置', '錘子線形態', '接近關鍵支撐位', '上升底部結構', '成交量萎縮', '多時間框架看多，建議進場', '月線趨勢良好，適合中長期持有', '多時間框架較為一致', '接近抄底價位']",27.934091979445228,-5.423421339315723,0.6967942490771323,217.47000122070312,70,不建議進場,不建議進場,31.5,低,,,,,,0.6713530357671851,,,,,,,,,,,,,,,無多頭訊號,0.0
AMAT,"Applied Materials, Inc.",US,322.32000732421875,318.9933228531514,"['MACD為正', 'MACD柱狀圖為正', 'SAR翻多且趨勢向上', 'OBV突破均線', '成交量適中', '價格在20日均線之上', 'ADX趨勢不明', '均線完美多頭排列', '價格通道強勢向上', '成交量配合不佳', '指標斜率向下', '相對強度強勁', '波動率過高', '趨勢反轉初步確認', '反轉可信度極高', '短期動能未轉折', '價格結構未反轉', '高波動風險', '良好進場時機', '接近近期低點', '測試關鍵支撐位', 'MACD強勢多頭', '均線黃金交叉', '錘子線形態', '靠近支撐位', '上升底部結構', '溫和放量', '成交量短期放大', '多時間框架強烈看多，建議積極進場', '月線趨勢良好，適合中長期持有', '週線支持上漲，中期看好', '日線短期強勢，進場時機良好', '多時間框架高度一致']",59.9548070533647,16.89247274229274,1.247720404376569,293.3880009969076,55,不建議進場,不建議進場,63.0,高,,,,,,9.861346145378361,,,,,,,,,,,,,,,無多頭訊號,0.0
INTU,Intuit Inc.,US,498.9200134277344,553.0,"['RSI嚴重超賣', '成交量適中', '接近布林通道下軌', '短期和中期動量均為負', 'ADX趨勢不明', '均線排列不佳', '價格通道向下', '成交量配合不佳', '指標斜率向下', '相對強度為負', '上漲動能不足', '波動率過高', '支撐位薄弱', '反轉強度不足', '短期動能未轉折', '價格結構未反轉', '良好進場時機', '接近近期低點', '動量加速向上', 'RSI超賣反彈', '價格低於關鍵均線', '布林通道超賣區', '接近關鍵支撐位', '底部抬升', '溫和放量', '成交量多頭排列', '多時間框架偏空，建議觀望', '月線趨勢不佳，避免長期持有', '週線壓力較大，中期謹慎', '日線短期弱勢，等待更好時機', '多時間框架高度一致', '接近抄底價位']",17.272642477129025,-34.84334658142916,1.329002418607197,491.7200012207031,85,不建議進場,不建議進場,19.5,極低,,,,,,1.464250424867221,,,,,,,,,,,,,,,無多頭訊號,0.0
COST,Costco Wholesale Corporation,US,940.25,986.5861529838279,"['MACD為正', '價格在20日均線之上', '短期和中期動量均為負', 'ADX趨勢不明', '成交量配合不佳', '動量減速', '指標斜率向下', '相對強度強勁', '上漲動能不足', '支撐位良好', '反轉強度不足', '短期動能未轉折', '價格結構未反轉', '良好進場時機', '接近近期低點', '動量加速向上', '測試關鍵支撐位', '均線黃金交叉', '成交量短期放大', '多時間框架看多，建議進場', '週線支持上漲，中期看好', '日線短期強勢，進場時機良好', '多時間框架高度一致', '接近抄底價位']",57.193193451090934,18.55336991564093,0.8649400124579094,913.0807454427083,55,不建議進場,不建議進場,28.5,低,,,,,,2.9755588093272745,,,,,,,,,,,,,,,無多頭訊號,0.0
B,Barrick Mining Corporation,US,45.790000915527344,54.689998626708984,"['RSI從超賣區反轉', 'MACD為正', '成交量放大', '接近布林通道下軌', '短期和中期動量均為負', 'ADX趨勢不明', '均線完美多頭排列', '價格通道向上', '成交量配合不佳', '動量減速', '指標斜率向下', '相對強度為正', '上漲動能不足', '趨勢反轉初步確認', '短期動能未轉折', '極高波動風險', '接近近期低點', '放量下跌', '均線黃金交叉', '布林通道超賣區', '錘子線形態', '錘子線形態', '接近關鍵支撐位', '明顯放量', '成交量多頭排列', '多時間框架強烈看多，建議積極進場', '月線趨勢良好，適合中長期持有', '週線支持上漲，中期看好', '多時間框架較為一致', 'RSI+MACD同步', '接近抄底價位']",43.94484147848366,1.7113386878721997,1.914003187795403,44.423652363163356,55,不建議進場,不建議進場,51.0,中等,,,,,,3.075723133240123,,,,,,,,,,,,,,,無多頭訊號,0.0
BP,BP p.l.c.,US,37.880001068115234,35.18539001896602,"['RSI超買風險', 'MACD為正', 'MACD柱狀圖為正', 'SAR翻多且趨勢向上', 'OBV突破均線', '成交量適中', '價格在20日均線之上', '價格在5日均線之上', '接近布林通道上軌風險', '短期和中期動量均為正', 'ADX趨勢不明', '均線多頭排列', '價格通道強勢向上', '成交量配合良好', '動量減速', '主要指標斜率向上', '相對強度強勁', '支撐位薄弱', '趨勢反轉初步確認', '反轉強度極強', '短期動能未轉折', '適當進場時機', '錘子線形態', 'RSI超買風險', 'MACD強勢多頭', '完美多頭排列', '布林通道超買區', '錘子線形態', '強勢長紅K', '錘子線形態', '錘子線形態', '上升底部結構', '溫和放量', '成交量短期放大', '多時間框架強烈看多，建議積極進場', '月線趨勢良好，適合中長期持有', '週線支持上漲，中期看好', '日線短期強勢，進場時機良好', '多時間框架高度一致']",76.83112842774389,0.7169813683563149,1.2303867660447432,35.28333358764648,85,不建議進場,不建議進場,21.419999999999995,低,,,,,,7.359473202888932,,,,,,,,,,,,,,,無多頭訊號,0.0
LULU,lululemon athletica inc.,US,174.5,203.96681418841612,"['RSI嚴重超賣', '接近布林通道下軌', '短期和中期動量均為負', 'ADX趨勢不明', '均線排列不佳', '價格通道向下', '成交量配合不佳', '動量強勁加速', '相對強度為負', '上漲動能不足', '波動率過高', '反轉強度不足', '短期動能未轉折', '價格結構未反轉', '高波動風險', '絕佳進場時機', '接近近期低點', '短期動量轉正', '動量加速向上', '測試關鍵支撐位', '錘子線形態', 'RSI超賣反彈', '價格低於關鍵均線', '布林通道超賣區', '錘子線形態', '價漲量縮警告', '多時間框架偏空，建議觀望', '月線趨勢不佳，避免長期持有', '週線支持上漲，中期看好', '日線短期弱勢，等待更好時機', '接近抄底價位']",28.477306624415675,-5.772259692751618,0.9245084542819356,171.6754375407465,85,不建議進場,不建議進場,27.0,低,,,,,,1.6452921278171286,,,,,,,,,,,,,,,無多頭訊號,0.0
SHOP,Shopify Inc.,US,131.22999572753906,153.36132697096807,"['RSI嚴重超賣', 'OBV突破均線', '成交量放大', '接近布林通道下軌', '短期和中期動量均為負', 'ADX趨勢不明', '均線排列不佳', '成交量配合不佳', '動量強勁加速', '相對強度為負', '波動率過高', '短期動能未轉折', '高波動風險', '接近近期低點', '放量下跌', '價格低於關鍵均線', '布林通道超賣區', '錘子線形態', '錘子線形態', '錘子線形態', '明顯放量', '成交量多頭排列', '多時間框架偏空，建議觀望', '月線趨勢良好，適合中長期持有', '週線壓力較大，中期謹慎', '日線短期弱勢，等待更好時機', '接近抄底價位']",20.45495960639009,-7.226668972009492,1.6572313252112936,130.42999267578125,70,不建議進場,不建議進場,43.5,中等,,,,,,0.6133581972563893,,,,,,,,,,,,,,,無多頭訊號,0.0
APP,AppLovin Corporation,US,473.1099853515625,569.9199829101562,"['RSI嚴重超賣', 'KD低檔交叉', '成交量放大', '接近布林通道下軌', '短期和中期動量均為負', 'ADX趨勢不明', '均線排列不佳', '價格通道向下', '成交量配合不佳', '動量強勁加速', '指標斜率向下', '相對強度為負', '波動率過高', '反轉強度不足', '反轉可信度低', '短期動能未轉折', '價格結構未反轉', '高波動風險', '進場時機不佳', '放量下跌', '測試關鍵支撐位', '價格低於關鍵均線', '布林通道超賣區', '錘子線形態', '爆量確認', '成交量多頭排列', '多時間框架偏空，建議觀望', '月線趨勢良好，適合中長期持有', '週線壓力較大，中期謹慎', '日線短期弱勢，等待更好時機', '接近抄底價位']",22.145302710409922,-36.27636791318048,2.1635873101493703,463.0799865722656,100,不建議進場,不建議進場,30.0,低,,,,,,2.165932251475448,,,,,,,,,,,,,,,無多頭訊號,0.0
OWL,Blue Owl Capital Inc.,US,13.640000343322754,15.621452373753785,"['RSI嚴重超賣', '成交量放大', '接近布林通道下軌', '短期和中期動量均為負', 'ADX趨勢不明', '均線排列不佳', '價格通道向下', '成交量配合不佳', '動量強勁加速', '指標斜率向下', '相對強度為負', '上漲動能不足', '反轉強度不足', '短期動能未轉折', '價格結構未反轉', '適當進場時機', '接近近期低點', '動量加速向上', '放量下跌', '價格低於關鍵均線', '布林通道超賣區', '錘子線形態', '明顯放量', '成交量多頭排列', '多時間框架偏空，建議觀望', '月線趨勢不佳，避免長期持有', '週線壓力較大，中期謹慎', '日線短期弱勢，等待更好時機', '多時間框架高度一致', '接近抄底價位']",25.526938622451908,-0.34186539912554714,1.7917367396140138,13.449999809265137,85,不建議進場,不建議進場,30.0,低,,,,,,1.412643395925804,,,,,,,,,,,,,,,無多頭訊號,0.0
MP,MP Materials Corp.,US,58.77000045776367,72.34048973941803,"['RSI從超賣區反轉', 'MACD為正', '接近布林通道下軌', '短期和中期動量均為負', 'ADX趨勢不明', '價格通道向上', '成交量配合不佳', '動量減速', '指標斜率向下', '相對強度強勁', '上漲動能不足', '波動率過高', '反轉強度不足', '短期動能未轉折', '高波動風險', '動量加速向上', '價格低於關鍵均線', '布林通道超賣區', '錘子線形態', '多時間框架偏空，建議觀望', '月線趨勢良好，適合中長期持有', '週線壓力較大，中期謹慎', '日線短期弱勢，等待更好時機', 'RSI+MACD同步']",46.193733128648205,1.5538765042928446,0.9618042581091462,55.87626912322813,70,不建議進場,不建議進場,34.5,低,,,,,,5.17881988175299,,,,,,,,,,,,,,,無多頭訊號,0.0
CAT,Caterpillar Inc.,US,657.3599853515625,620.474609375,"['RSI偏高', 'MACD為正', 'MACD柱狀圖為正', 'SAR翻多且趨勢向上', 'OBV突破均線', '成交量適中', '價格在20日均線之上', '價格在5日均線之上', '接近布林通道上軌風險', '短期和中期動量均為正', 'ADX趨勢不明', '均線完美多頭排列', '價格通道強勢向上', '成交量配合良好', '動量強勁加速', '所有指標斜率向上', '相對強度強勁', '上漲動能良好', '趨勢反轉初步確認', '反轉強度極強', '十字星形態', 'MACD強勢多頭', '完美多頭排列', '布林通道超買區', '錘子線形態', '錘子線形態', '靠近支撐位', '上升底部結構', '溫和放量', '成交量多頭排列', '多時間框架強烈看多，建議積極進場', '月線趨勢良好，適合中長期持有', '週線支持上漲，中期看好', '日線短期強勢，進場時機良好', '多時間框架高度一致']",65.38232856062879,16.193628315730166,1.3070053393266978,612.8014668782552,55,不建議進場,不建議進場,43.67999999999999,中等,,,,,,7.271281300989404,,,,,,,,,,,,,,,無多頭訊號,0.0
U,Unity Software Inc.,US,29.100000381469727,45.551750271683595,"['RSI嚴重超賣', '成交量放大', '接近布林通道下軌', '短期和中期動量均為負', 'ADX趨勢不明', '均線排列不佳', '價格通道向下', '成交量配合不佳', '動量強勁加速', '指標斜率向下', '相對強度為負', '上漲動能不足', '波動率過高', '支撐位薄弱', '反轉強度不足', '反轉可信度低', '短期動能未轉折', '價格結構未反轉', '高波動風險', '進場時機不佳', '動量加速向上', '放量下跌', '價格低於關鍵均線', '布林通道超賣區', '爆量確認', '成交量多頭排列', '多時間框架偏空，建議觀望', '月線趨勢良好，適合中長期持有', '週線壓力較大，中期謹慎', '日線短期弱勢，等待更好時機']",22.986109533611497,-2.0172919302167998,7.266223405480155,27.540000915527344,85,不建議進場,不建議進場,21.0,低,,,,,,5.664485889914545,,,,,,,,,,,,,,,無多頭訊號,0.0
PANW,"Palo Alto Networks, Inc.",US,176.97000122070312,193.28441715922315,"['RSI嚴重超賣', '接近布林通道下軌', '短期和中期動量均為負', 'ADX趨勢不明', '均線排列不佳', '成交量配合不佳', '動量強勁加速', '指標斜率向下', '支撐位良好', '反轉強度不足', '短期動能未轉折', '價格結構未反轉', '適當進場時機', '短期動量轉正', '測試關鍵支撐位', 'RSI超賣反彈', '價格低於關鍵均線', '布林通道超賣區', '靠近支撐位', '底部抬升', '價漲量縮警告', '成交量多頭排列', '多時間框架偏空，建議觀望', '週線壓力較大，中期謹慎', '日線短期弱勢，等待更好時機', '接近抄底價位']",28.366258871047705,-2.858765799949822,1.1752684725116205,175.15524157757238,85,不建議進場,不建議進場,37.5,低,,,,,,1.0360864035730413,,,,,,,,,,,,,,,無多頭訊號,0.0
RCAT,"Red Cat Holdings, Inc.",US,13.5,18.02199935913086,"['MACD為正', 'OBV突破均線', '成交量萎縮', '價格在20日均線之上', '短期和中期動量均為負', 'ADX趨勢不明', '價格通道向上', '動量減速', '指標斜率向下', '相對強度強勁', '上漲動能不足', '波動率過高', '反轉強度不足', '短期動能未轉折', '價格結構反轉', '高波動風險', '適當進場時機', '動量加速向上', '測試關鍵支撐位', '均線黃金交叉', '強勢長紅K', '靠近支撐位', '成交量萎縮', '多時間框架強烈看多，建議積極進場', '月線趨勢良好，適合中長期持有', '週線支持上漲，中期看好', '日線短期強勢，進場時機良好', '多時間框架高度一致']",56.20689761766221,1.568375886446658,0.654135691616951,11.694666608174641,70,不建議進場,不建議進場,33.0,低,,,,,,15.43723692442348,,,,,,,,,,,,,,,無多頭訊號,0.0
SIRI,Sirius XM Holdings Inc.,US,20.350000381469727,21.354833159489683,"['RSI從超賣區反轉', '成交量適中', '價格在5日均線之上', '短期和中期動量均為負', 'ADX趨勢不明', '均線排列不佳', '成交量配合不佳', '動量加速', '指標斜率向下', '上漲動能不足', '支撐位可靠', '趨勢反轉初步確認', '反轉強度不足', '反轉可信度高', '良好進場時機', '動量加速向上', '放量上漲', '測試關鍵支撐位', '價格低於關鍵均線', '布林通道理想位置', '十字星形態', '錘子線形態', '接近關鍵支撐位', '底部抬升', '溫和放量', '價漲量增良好配合', '成交量多頭排列', '多時間框架偏空，建議觀望', '月線趨勢不佳，避免長期持有', '週線壓力較大，中期謹慎', '日線短期弱勢，等待更好時機', '多時間框架高度一致', '成交量確認', '接近抄底價位']",30.517737794547173,-0.2280509587373558,1.3880289754661737,19.979999542236328,85,不建議進場,不建議進場,45.0,中等,,,,,,1.851856094647262,,,,,,,,,,,,,,,無多頭訊號,0.0
RDDT,"Reddit, Inc.",US,180.27000427246094,234.07833394726214,"['RSI嚴重超賣', '接近布林通道下軌', '短期和中期動量均為負', 'ADX趨勢不明', '均線排列不佳', '價格通道向下', '成交量配合不佳', '動量強勁加速', '指標斜率向下', '相對強度為負', '上漲動能不足', '波動率過高', '反轉強度不足', '短期動能未轉折', '價格結構反轉', '高波動風險', '良好進場時機', '接近近期低點', '動量加速向上', '測試關鍵支撐位', '價格低於關鍵均線', '布林通道超賣區', '多時間框架偏空，建議觀望', '月線趨勢良好，適合中長期持有', '週線壓力較大，中期謹慎', '日線短期弱勢，等待更好時機', '接近抄底價位']",22.31980714502609,-10.461740653954308,0.9687045523145734,180.0,70,不建議進場,不建議進場,30.0,低,,,,,,0.15000237358940974,,,,,,,,,,,,,,,無多頭訊號,0.0
NBIS,Nebius Group N.V.,US,85.19000244140625,107.36119698501486,"['RSI從超賣區反轉', '成交量適中', '接近布林通道下軌', '短期和中期動量均為負', 'ADX趨勢不明', '均線排列不佳', '價格通道向上', '成交量配合不佳', '動量強勁加速', '指標斜率向下', '相對強度為負', '上漲動能不足', '波動率過高', '反轉強度不足', '短期動能未轉折', '價格結構未反轉', '高波動風險', '良好進場時機', '接近近期低點', '測試關鍵支撐位', '價格低於關鍵均線', '布林通道超賣區', '錘子線形態', '溫和放量', '成交量多頭排列', '多時間框架偏空，建議觀望', '月線趨勢良好，適合中長期持有', '週線壓力較大，中期謹慎', '日線短期弱勢，等待更好時機', '接近抄底價位']",39.88568022808231,-0.1341221457042252,1.4004209891505413,85.1500015258789,70,不建議進場,不建議進場,27.0,低,,,,,,0.04697699919028964,,,,,,,,,,,,,,,無多頭訊號,0.0
SMR,NuScale Power Corporation,US,17.479999542236328,22.085647079721454,"['RSI從超賣區反轉', '成交量萎縮', '接近布林通道下軌', '短期和中期動量均為負', 'ADX趨勢不明', '價格通道向上', '成交量配合不佳', '動量減速', '指標斜率向下', '相對強度強勁', '上漲動能不足', '波動率過高', '反轉強度不足', '反轉可信度低', '短期動能未轉折', '價格結構未反轉', '高波動風險', '良好進場時機', '接近近期低點', '動量加速向上', '測試關鍵支撐位', '價格低於關鍵均線', '布林通道超賣區', '成交量萎縮', '多時間框架偏空，建議觀望', '週線壓力較大，中期謹慎', '日線短期弱勢，等待更好時機', '接近抄底價位']",39.36842006637573,-0.04100295248255392,0.7844782139616997,17.34000015258789,70,不建議進場,不建議進場,22.5,低,,,,,,0.8073782492299657,,,,,,,,,,,,,,,無多頭訊號,0.0
MRVL,"Marvell Technology, Inc.",US,78.91999816894531,86.42059260795139,"['RSI從超賣區反轉', '接近布林通道下軌', '短期和中期動量均為負', 'ADX趨勢不明', '均線排列不佳', '動量加速', '相對強度為負', '上漲動能良好', '反轉強度不足', '短期動能未轉折', '高波動風險', '良好進場時機', '接近近期低點', '測試關鍵支撐位', '價格低於關鍵均線', '布林通道超賣區', '錘子線形態', '錘子線形態', '成交量短期放大', '多時間框架中性偏多，謹慎進場', '月線趨勢良好，適合中長期持有', '週線壓力較大，中期謹慎', '日線短期弱勢，等待更好時機', '接近抄底價位']",38.16078693659705,-1.3845393046982934,0.8617543763375953,76.95658453080499,55,不建議進場,不建議進場,39.0,低,,,,,,2.5513263746189097,,,,,,,,,,,,,,,無多頭訊號,0.0
TGT,Target Corporation,US,105.47000122070312,108.3653948776838,"['RSI從超賣區反轉', 'MACD為正', 'OBV突破均線且斜率為正', '價格在5日均線之上', '短期和中期動量均為負', 'ADX趨勢不明', '價格通道向上', '成交量配合不佳', '動量強勁加速', '相對強度為正', '支撐位良好', '反轉強度不足', '反轉可信度高', '價格結構未反轉', '適當進場時機', '動量加速向上', '測試關鍵支撐位', 'RSI健康上升', '價格低於關鍵均線', '布林通道理想位置', '錘子線形態', '錘子線形態', '強勢長紅K', '接近關鍵支撐位', '底部抬升', '成交量短期放大', '多時間框架中性偏多，謹慎進場', '週線支持上漲，中期看好', 'RSI+MACD同步', '接近抄底價位']",49.89330895921449,1.5788834551686222,0.9734352025553922,103.06799952189128,55,不建議進場,不建議進場,55.5,中等,,,,,,2.330501911315032,,,,,,,,,,,,,,,無多頭訊號,0.0
XLP,State Street Consumer Staples Select Sector SPDR ETF,US,83.51000213623047,81.94999694824219,"['RSI超買風險', 'MACD為正', 'MACD柱狀圖為正', 'SAR翻多', 'OBV突破均線且斜率為正', '價格在20日均線之上', '價格在5日均線之上', '接近布林通道上軌', '短期和中期動量均為正', 'ADX趨勢不明', '均線完美多頭排列', '價格通道向上', '成交量配合不佳', '指標斜率向下', '相對強度強勁', '上漲動能不足', '支撐位良好', '趨勢反轉初步確認', '短期動能未轉折', '價格結構完美反轉', '低波動風險', '良好進場時機', '接近近期低點', '測試關鍵支撐位', 'RSI超買風險', 'MACD強勢多頭', '完美多頭排列', '強勢長紅K', '接近關鍵支撐位', '底部抬升', '接近突破阻力', '成交量短期放大', '多時間框架強烈看多，建議積極進場', '月線趨勢良好，適合中長期持有', '週線支持上漲，中期看好', '日線短期強勢，進場時機良好', '多時間框架高度一致', '接近抄底價位']",78.62889043162244,1.2725394295574262,0.8718531989329454,81.05000305175781,70,不建議進場,不建議進場,28.35,低,,,,,,3.0351622354680514,,,,,,,,,,,,,,,無多頭訊號,0.0
DIA,SPDR Dow Jones Industrial Average ETF Trust,US,489.0299987792969,496.010009765625,"['RSI從超賣區反轉', 'MACD為正', 'OBV突破均線', '成交量適中', '短期和中期動量均為負', 'ADX趨勢不明', '成交量配合不佳', '動量加速', '指標斜率向下', '相對強度為正', '上漲動能不足', '波動率低', '支撐位可靠', '趨勢反轉初步確認', '反轉強度不足', '反轉可信度高', '短期動能未轉折', '低波動風險', '良好進場時機', '接近近期低點', '測試關鍵支撐位', '錘子線形態', '價格低於關鍵均線', '布林通道理想位置', '錘子線形態', '錘子線形態', '錘子線形態', '錘子線形態', '接近關鍵支撐位', '接近突破阻力', '溫和放量', '成交量多頭排列', '多時間框架中性偏多，謹慎進場', '月線趨勢良好，適合中長期持有', '週線支持上漲，中期看好', '日線短期弱勢，等待更好時機', 'RSI+MACD同步', '接近抄底價位']",42.262215351704924,1.9240694005342789,1.2669572261903552,488.4318135579427,70,謹慎觀望,謹慎觀望,51.0,中等,,,,,,0.12247056902308492,,,,,,,,,,,,,,,無多頭訊號,0.0
UPS,"United Parcel Service, Inc.",US,106.22000122070312,112.21599807739258,"['RSI從超賣區反轉', 'MACD為正', 'OBV突破均線且斜率為正', '價格在5日均線之上', '短期和中期動量均為負', 'ADX趨勢不明', '價格通道向上', '成交量配合不佳', '動量加速', '指標斜率向下', '相對強度強勁', '支撐位良好', '反轉強度不足', '反轉可信度高', '短期動能未轉折', '價格結構未反轉', '良好進場時機', '短期動量轉正', '動量加速向上', '測試關鍵支撐位', '價格低於關鍵均線', '布林通道理想位置', '錘子線形態', '接近關鍵支撐位', '底部抬升', '價漲量縮警告', '多時間框架強烈看多，建議積極進場', '週線支持上漲，中期看好', '多時間框架較為一致', 'RSI+MACD同步', '接近抄底價位']",44.56907888810823,1.4771203758732412,1.1569760793907193,104.47300084431966,70,不建議進場,不建議進場,49.5,中等,,,,,,1.6722027339740715,,,,,,,,,,,,,,,無多頭訊號,0.0
BIDU,"Baidu, Inc.",US,153.17999267578125,165.11820289611816,"['RSI偏高', 'MACD為正', '成交量萎縮', '價格在20日均線之上', 'ADX趨勢不明', '價格通道強勢向上', '動量減速', '指標斜率向下', '相對強度為正', '反轉可信度低', '短期動能未轉折', '價格結構未反轉', '高波動風險', '良好進場時機', '接近近期低點', '動量加速向上', '測試關鍵支撐位', '均線黃金交叉', '錘子線形態', '靠近支撐位', '成交量萎縮', '多時間框架強烈看多，建議積極進場', '月線趨勢良好，適合中長期持有', '週線支持上漲，中期看好', '日線短期強勢，進場時機良好', '多時間框架高度一致']",62.19635418456415,6.80020371185654,0.5399554006365151,143.5,85,不建議進場,不建議進場,22.8,低,,,,,,6.745639495317944,,,,,,,,,,,,,,,無多頭訊號,0.0
SBUX,Starbucks Corporation,US,91.94999694824219,104.81999969482422,"['MACD為正', '價格在20日均線之上', '短期和中期動量均為負', 'ADX趨勢不明', '價格通道強勢向上', '動量減速', '指標斜率向下', '相對強度強勁', '上漲動能不足', '反轉強度不足', '短期動能未轉折', '價格結構未反轉', '良好進場時機', '接近近期低點', '動量加速向上', '測試關鍵支撐位', '均線黃金交叉', '錘子線形態', '接近關鍵支撐位', '多時間框架強烈看多，建議積極進場', '月線趨勢良好，適合中長期持有', '週線支持上漲，中期看好', '多時間框架較為一致', '接近抄底價位']",59.481154370499944,2.2582924399315942,0.901185624880215,89.86433334350586,55,不建議進場,不建議進場,33.0,低,,,,,,2.320902550697048,,,,,,,,,,,,,,,無多頭訊號,0.0
USAR,"USA Rare Earth, Inc.",US,22.420000076293945,31.904399709701536,"['RSI偏高', 'MACD為正', 'MACD柱狀圖為正', 'OBV突破均線且斜率為正', '價格在20日均線之上', 'ADX趨勢不明', '均線完美多頭排列', '價格通道向上', '成交量配合不佳', '動量減速', '指標斜率向下', '相對強度強勁', '波動率過高', '支撐位薄弱', '反轉可信度高', '短期動能未轉折', '高波動風險', '適當進場時機', '短期動量轉正', 'MACD強勢多頭', '均線黃金交叉', '錘子線形態', '底部抬升', '價漲量縮警告', '多時間框架強烈看多，建議積極進場', '月線趨勢良好，適合中長期持有', '週線支持上漲，中期看好', '日線短期強勢，進場時機良好', '多時間框架高度一致']",63.13905938446848,2.3536646088723465,1.1426802195485375,17.61416676839193,55,不建議進場,不建議進場,34.800000000000004,低,,,,,,27.28390942980019,,,,,,,,,,,,,,,無多頭訊號,0.0
CLF,Cleveland-Cliffs Inc.,US,13.760000228881836,13.383885384833697,"['MACD為正', 'SAR翻多且趨勢向上', '價格在20日均線之上', '短期和中期動量均為負', 'ADX趨勢不明', '成交量配合不佳', '動量減速', '相對強度為正', '波動率過高', '支撐位良好', '趨勢反轉初步確認', '反轉強度不足', '反轉可信度高', '短期動能未轉折', '價格結構反轉', '高波動風險', '良好進場時機', '接近近期低點', '動量加速向上', '測試關鍵支撐位', '均線黃金交叉', '錘子線形態', '接近關鍵支撐位', '成交量短期放大', '多時間框架強烈看多，建議積極進場', '月線趨勢良好，適合中長期持有', '週線支持上漲，中期看好', '多時間框架較為一致', '接近抄底價位']",58.833922499637744,0.33899339348962876,1.172713460187305,13.619333394368489,55,不建議進場,不建議進場,45.0,中等,,,,,,1.0328466925665518,,,,,,,,,,,,,,,無多頭訊號,0.0
MRK,"Merck & Co., Inc.",US,110.2699966430664,106.02999877929688,"['RSI從超賣區反轉', 'MACD為正', 'SAR翻多', 'OBV突破均線且斜率為正', '成交量放大', '價格在20日均線之上', '價格在5日均線之上', '接近布林通道上軌', 'ADX趨勢不明', '成交量配合良好', '動量強勁加速', '相對強度為正', '波動率低', '支撐位可靠', '趨勢反轉確認', '適當進場時機', '放量上漲', '測試關鍵支撐位', 'RSI健康上升', '錘子線形態', '靠近支撐位', '上升底部結構', '接近突破阻力', '明顯放量', '價漲量增良好配合', '成交量短期放大', '多時間框架強烈看多，建議積極進場', '月線趨勢良好，適合中長期持有', '週線支持上漲，中期看好', '多時間框架較為一致', '成交量確認', 'RSI+MACD同步', '接近抄底價位']",49.28176138856795,1.4563517194395104,1.509894803222966,107.39266662597656,70,建議進場,建議進場,71.55000000000001,高,,,,,,2.6792611707007064,,,,,,,,,,,,,,,無多頭訊號,0.0
OSCR,"Oscar Health, Inc.",US,14.350000381469727,17.570318676828222,"['RSI嚴重超賣', '成交量萎縮', '接近布林通道下軌', '短期和中期動量均為負', 'ADX趨勢不明', '均線排列不佳', '價格通道向上', '成交量配合不佳', '動量強勁加速', '指標斜率向下', '上漲動能不足', '波動率過高', '反轉強度不足', '反轉可信度低', '短期動能未轉折', '價格結構未反轉', '高波動風險', '良好進場時機', '接近近期低點', '測試關鍵支撐位', '價格低於關鍵均線', '布林通道超賣區', '錘子線形態', '成交量萎縮', '多時間框架偏空，建議觀望', '週線壓力較大，中期謹慎', '日線短期弱勢，等待更好時機', '多時間框架高度一致', '接近抄底價位']",19.713258402078807,-0.3022640793503655,0.6935791842249096,14.300000190734863,85,不建議進場,不建議進場,25.5,低,,,,,,0.3496516787968925,,,,,,,,,,,,,,,無多頭訊號,0.0
AFRM,"Affirm Holdings, Inc.",US,60.29999923706055,75.00941114418654,"['RSI嚴重超賣', '接近布林通道下軌', '短期和中期動量均為負', 'ADX趨勢不明', '均線排列不佳', '價格通道向下', '成交量配合不佳', '動量加速', '指標斜率向下', '相對強度為負', '上漲動能不足', '波動率過高', '反轉強度不足', '短期動能未轉折', '價格結構未反轉', '高波動風險', '良好進場時機', '接近近期低點', '動量加速向上', '測試關鍵支撐位', '價格低於關鍵均線', '布林通道超賣區', '多時間框架偏空，建議觀望', '月線趨勢良好，適合中長期持有', '週線壓力較大，中期謹慎', '日線短期弱勢，等待更好時機', '接近抄底價位']",15.356120778433834,-2.7089932106612196,0.9911232936392681,59.689998626708984,85,不建議進場,不建議進場,22.5,低,,,,,,1.0219477707922255,,,,,,,,,,,,,,,無多頭訊號,0.0
PSTG,"Pure Storage, Inc.",US,69.54000091552734,66.4478447086532,"['MACD柱狀圖為正', 'SAR翻多且趨勢向上', '成交量萎縮', '短期和中期動量均為負', 'ADX趨勢不明', '均線多頭排列', '成交量配合不佳', '動量強勁加速', '相對強度為正', '支撐位良好', '反轉強度不足', '短期動能未轉折', '價格結構未反轉', '良好進場時機', '接近近期低點', '測試關鍵支撐位', 'MACD強勢多頭', '均線黃金交叉', '布林通道理想位置', '強勢長紅K', '錘子線形態', '接近關鍵支撐位', '成交量萎縮', '多時間框架中性偏多，謹慎進場', '月線趨勢良好，適合中長期持有', '週線壓力較大，中期謹慎', '日線短期強勢，進場時機良好', '接近抄底價位']",54.0764280448686,-0.10678731838434885,0.6524141742073634,68.33999633789062,100,不建議進場,不建議進場,39.0,低,,,,,,1.7559330435190332,,,,,,,,,,,,,,,無多頭訊號,0.0
LUNR,"Intuitive Machines, Inc.",US,18.989999771118164,18.235872066879274,"['MACD為正', 'SAR翻多且趨勢向上', '短期和中期動量均為負', 'ADX趨勢不明', '均線多頭排列', '價格通道強勢向上', '成交量配合不佳', '動量減速', '指標斜率向下', '相對強度強勁', '波動率過高', '反轉強度不足', '反轉可信度高', '短期動能未轉折', '價格結構未反轉', '高波動風險', '進場時機不佳', '均線黃金交叉', '布林通道理想位置', '強勢長紅K', '強勢長紅K', '靠近支撐位', '上升底部結構', '多時間框架強烈看多，建議積極進場', '月線趨勢良好，適合中長期持有', '週線支持上漲，中期看好', '日線短期強勢，進場時機良好', '多時間框架高度一致']",51.0648842327377,1.5066445127284638,0.8523260972179028,18.04800001780192,55,不建議進場,不建議進場,36.0,低,,,,,,5.219413521648307,,,,,,,,,,,,,,,無多頭訊號,0.0
TEM,"Tempus AI, Inc.",US,59.81999969482422,74.87332285251715,"['RSI從超賣區反轉', '接近布林通道下軌', '短期和中期動量均為負', 'ADX趨勢不明', '均線排列不佳', '價格通道向上', '成交量配合不佳', '動量強勁加速', '指標斜率向下', '上漲動能不足', '反轉強度不足', '短期動能未轉折', '高波動風險', '適當進場時機', '接近近期低點', '價格低於關鍵均線', '布林通道超賣區', '成交量短期放大', '多時間框架偏空，建議觀望', '週線壓力較大，中期謹慎', '日線短期弱勢，等待更好時機', '多時間框架較為一致', '接近抄底價位']",39.32473433499525,-1.272236559094452,1.138668564358206,58.79999923706055,70,不建議進場,不建議進場,34.5,低,,,,,,1.7346946785686088,,,,,,,,,,,,,,,無多頭訊號,0.0
GS,"The Goldman Sachs Group, Inc.",US,935.4099731445312,978.2002517648676,"['RSI從超賣區反轉', 'MACD為正', 'OBV突破均線', '成交量萎縮', '價格在5日均線之上', 'ADX趨勢不明', '價格通道向上', '成交量配合不佳', '動量強勁加速', '相對強度為正', '波動率低', '支撐位可靠', '趨勢反轉初步確認', '價格結構未反轉', '良好進場時機', '接近近期低點', '測試關鍵支撐位', '十字星形態', '價格低於關鍵均線', '布林通道理想位置', '強勢長紅K', '錘子線形態', '錘子線形態', '錘子線形態', '接近關鍵支撐位', '上升底部結構', '成交量萎縮', '多時間框架強烈看多，建議積極進場', '月線趨勢良好，適合中長期持有', '週線支持上漲，中期看好', '多時間框架較為一致', 'RSI+MACD同步', '接近抄底價位']",49.01058548858716,12.325179577336712,0.7602647996032423,925.0459981282552,70,建議進場,建議進場,61.5,高,,,,,,1.1203740178592865,,,,,,,,,,,,,,,無多頭訊號,0.0
KMX,"CarMax, Inc.",US,44.540000915527344,49.325757646320376,"['RSI從超賣區反轉', 'MACD為正', '短期和中期動量均為負', 'ADX趨勢不明', '成交量配合不佳', '動量強勁加速', '指標斜率向下', '相對強度強勁', '上漲動能不足', '波動率過高', '反轉強度不足', '短期動能未轉折', '價格結構未反轉', '良好進場時機', '接近近期低點', '測試關鍵支撐位', '均線黃金交叉', '布林通道理想位置', '錘子線形態', '接近關鍵支撐位', '成交量短期放大', '多時間框架中性偏多，謹慎進場', '月線趨勢不佳，避免長期持有', '週線支持上漲，中期看好', '日線短期強勢，進場時機良好', 'RSI+MACD同步', '接近抄底價位']",47.728773241968106,1.428113305008722,0.8859577385338311,43.28966687520345,55,不建議進場,不建議進場,33.0,低,,,,,,2.8882967474163914,,,,,,,,,,,,,,,無多頭訊號,0.0
AXP,American Express Company,US,352.1700134277344,372.6258484494077,"['RSI從超賣區反轉', '成交量放大', '接近布林通道下軌', '短期和中期動量均為負', 'ADX趨勢不明', '均線排列不佳', '成交量配合不佳', '指標斜率向下', '相對強度為負', '上漲動能不足', '支撐位良好', '反轉強度不足', '短期動能未轉折', '價格結構未反轉', '適當進場時機', '動量加速向上', '放量下跌', '測試關鍵支撐位', '錘子線形態', 'RSI健康上升', '價格低於關鍵均線', '布林通道超賣區', '錘子線形態', '接近關鍵支撐位', '明顯放量', '成交量多頭排列', '多時間框架中性偏多，謹慎進場', '月線趨勢良好，適合中長期持有', '日線短期弱勢，等待更好時機', '接近抄底價位']",34.69975844900597,-3.9111569872799237,1.7155911672849653,344.9631108220275,55,不建議進場,不建議進場,28.5,低,,,,,,2.089180662979658,,,,,,,,,,,,,,,無多頭訊號,0.0
DOW,Dow Inc.,US,27.549999237060547,28.964400647735594,"['MACD為正', '成交量放大', '價格在20日均線之上', '短期和中期動量均為負', 'ADX趨勢不明', '價格通道向上', '成交量配合不佳', '指標斜率向下', '相對強度強勁', '上漲動能不足', '趨勢反轉初步確認', '短期動能未轉折', '價格結構未反轉', '高波動風險', '絕佳進場時機', '短期動量轉正', '動量加速向上', '放量上漲', '測試關鍵支撐位', '均線黃金交叉', '靠近支撐位', '底部抬升', '明顯放量', '成交量多頭排列', '多時間框架看多，建議進場', '週線支持上漲，中期看好', '日線短期強勢，進場時機良好', '多時間框架較為一致', '成交量確認']",58.615814452691964,0.9849559891752833,1.5075765893493347,25.81999969482422,70,不建議進場,不建議進場,40.5,中等,,,,,,6.700230684290509,,,,,,,,,,,,,,,無多頭訊號,0.0
LLY,Eli Lilly and Company,US,1037.1500244140625,1107.0786432830396,"['RSI從超賣區反轉', 'OBV突破均線且斜率為正', '接近布林通道下軌', 'ADX趨勢不明', '均線排列不佳', '成交量配合不佳', '動量減速', '指標斜率向下', '支撐位良好', '反轉強度不足', '反轉可信度高', '短期動能未轉折', '價格結構未反轉', '良好進場時機', '短期動量轉正', '動量加速向上', '測試關鍵支撐位', 'RSI健康上升', '價格低於關鍵均線', '布林通道理想位置', '錘子線形態', '錘子線形態', '錘子線形態', '錘子線形態', '接近關鍵支撐位', '底部抬升', '價漲量增良好配合', '成交量短期放大', '多時間框架中性偏多，謹慎進場', '月線趨勢良好，適合中長期持有', '週線支持上漲，中期看好', '日線短期弱勢，等待更好時機', '接近抄底價位']",43.29047652127314,-3.9867026772951704,1.117687379938901,1012.430452017135,55,不建議進場,不建議進場,37.5,低,,,,,,2.441606961512955,,,,,,,,,,,,,,,無多頭訊號,0.0
DELL,Dell Technologies Inc.,US,114.44000244140625,110.60687512054444,"['RSI從超賣區反轉', 'MACD柱狀圖為正', 'SAR翻多且趨勢向上', '成交量適中', '接近布林通道下軌', '短期和中期動量均為負', 'ADX趨勢不明', '均線排列不佳', '成交量配合不佳', '動量強勁加速', '所有指標斜率向上', '相對強度為負', '上漲動能良好', '支撐位良好', '反轉可信度高', '短期動能未轉折', '高波動風險', '適當進場時機', '接近近期低點', 'MACD強勢多頭', '價格低於關鍵均線', '布林通道理想位置', '強勢長紅K', '接近關鍵支撐位', '溫和放量', '成交量短期放大', '多時間框架偏空，建議觀望', '週線壓力較大，中期謹慎', '日線短期弱勢，等待更好時機', '多時間框架較為一致', '接近抄底價位']",40.631424494711744,-3.214485964168631,1.4354394639856138,110.80486947545663,85,不建議進場,不建議進場,55.5,中等,,,,,,3.280661746327681,,,,,,,,,,,,,,,無多頭訊號,0.0
ROIV,Roivant Sciences Ltd.,US,21.6200008392334,23.78643988037109,"['RSI從超賣區反轉', 'MACD為正', '成交量萎縮', '接近布林通道下軌', '短期和中期動量均為負', 'ADX趨勢不明', '動量強勁加速', '指標斜率向下', '上漲動能不足', '支撐位良好', '反轉強度不足', '短期動能未轉折', '價格結構未反轉', '良好進場時機', '接近近期低點', '動量加速向上', '測試關鍵支撐位', '價格低於關鍵均線', '布林通道理想位置', '接近關鍵支撐位', '成交量萎縮', '多時間框架中性偏多，謹慎進場', '月線趨勢良好，適合中長期持有', '週線支持上漲，中期看好', '日線短期弱勢，等待更好時機', 'RSI+MACD同步', '接近抄底價位']",46.035255708708306,0.09454432938966661,0.6043451051450507,21.031460919661797,55,不建議進場,不建議進場,37.5,低,,,,,,2.7983786852457326,,,,,,,,,,,,,,,無多頭訊號,0.0
CLS,Celestica Inc.,US,280.989990234375,352.20001220703125,"['RSI從超賣區反轉', '成交量適中', '接近布林通道下軌', '短期和中期動量均為負', 'ADX趨勢不明', '均線多頭排列', '價格通道強勢向上', '成交量配合不佳', '動量強勁加速', '指標斜率向下', '相對強度為負', '短期動能未轉折', '價格結構未反轉', '高波動風險', '良好進場時機', '接近近期低點', '測試關鍵支撐位', '均線黃金交叉', '布林通道超賣區', '強勢長紅K', '錘子線形態', '靠近支撐位', '溫和放量', '多時間框架看多，建議進場', '月線趨勢良好，適合中長期持有', '多時間框架較為一致', '接近抄底價位']",44.3787939675192,-0.3831914468860873,1.4191530551844007,277.7573378439405,70,不建議進場,不建議進場,43.5,中等,,,,,,1.1638405003185888,,,,,,,,,,,,,,,無多頭訊號,0.0
XLV,State Street Health Care Select Sector SPDR ETF,US,154.74000549316406,159.24055350093803,"['RSI從超賣區反轉', 'MACD為正', '接近布林通道下軌', '短期和中期動量均為負', 'ADX趨勢不明', '均線排列不佳', '成交量配合不佳', '指標斜率向下', '上漲動能不足', '波動率低', '支撐位可靠', '反轉強度不足', '短期動能未轉折', '價格結構未反轉', '低波動風險', '絕佳進場時機', '接近近期低點', '短期動量轉正', '動量加速向上', 'RSI超賣反彈', '測試關鍵支撐位', 'RSI健康上升', '價格低於關鍵均線', '布林通道超賣區', '錘子線形態', '接近關鍵支撐位', '成交量短期放大', '多時間框架中性偏多，謹慎進場', '月線趨勢良好，適合中長期持有', '週線支持上漲，中期看好', '日線短期弱勢，等待更好時機', 'RSI+MACD同步', '接近抄底價位']",40.69518580679805,0.11633560736706272,0.9090902124444329,153.5116843711832,85,不建議進場,不建議進場,36.0,低,,,,,,0.8001482929539349,,,,,,,,,,,,,,,無多頭訊號,0.0
GLXY,Galaxy Digital,US,28.260000228881836,34.72999954223633,"['MACD為正', '短期和中期動量均為負', 'ADX趨勢不明', '價格通道向上', '成交量配合不佳', '動量加速', '指標斜率向下', '相對強度強勁', '上漲動能不足', '波動率過高', '反轉強度不足', '短期動能未轉折', '價格結構未反轉', '高波動風險', '進場時機不佳', '均線黃金交叉', '布林通道理想位置', '成交量短期放大', '多時間框架中性偏多，謹慎進場', '月線趨勢良好，適合中長期持有', '週線壓力較大，中期謹慎', '日線短期強勢，進場時機良好', '接近抄底價位']",57.58683490384455,1.3140918388014988,1.0944682700368664,27.216000048319497,55,不建議進場,不建議進場,27.0,低,,,,,,3.8359794926102766,,,,,,,,,,,,,,,無多頭訊號,0.0
AA,Alcoa Corporation,US,56.810001373291016,64.42206734551411,"['RSI從超賣區反轉', 'MACD為正', '接近布林通道下軌', '短期和中期動量均為負', 'ADX趨勢不明', '價格通道向上', '動量強勁加速', '指標斜率向下', '相對強度為正', '上漲動能不足', '反轉強度不足', '短期動能未轉折', '價格結構未反轉', '高波動風險', '良好進場時機', '接近近期低點', '測試關鍵支撐位', '價格低於關鍵均線', '布林通道超賣區', '成交量短期放大', '多時間框架中性偏多，謹慎進場', '月線趨勢良好，適合中長期持有', '週線支持上漲，中期看好', '日線短期弱勢，等待更好時機', 'RSI+MACD同步', '接近抄底價位']",34.849827437148036,1.90908929462924,0.9984264551213586,56.56286089271855,55,不建議進場,不建議進場,42.0,中等,,,,,,0.43693065851321494,,,,,,,,,,,,,,,無多頭訊號,0.0
CVNA,Carvana Co.,US,401.1099853515625,483.54509034881596,"['RSI從超賣區反轉', 'MACD為正', '接近布林通道下軌', '短期和中期動量均為負', 'ADX趨勢不明', '成交量配合不佳', '動量減速', '指標斜率向下', '相對強度為正', '上漲動能不足', '波動率過高', '反轉強度不足', '短期動能未轉折', '價格結構未反轉', '高波動風險', '測試關鍵支撐位', '價格低於關鍵均線', '布林通道超賣區', '錘子線形態', '錘子線形態', '錘子線形態', '多時間框架中性偏多，謹慎進場', '月線趨勢良好，適合中長期持有', '週線支持上漲，中期看好', '日線短期弱勢，等待更好時機', 'RSI+MACD同步', '接近抄底價位']",33.97455795837472,2.007783214998483,0.9595212900352978,399.5891707884421,70,不建議進場,不建議進場,28.5,低,,,,,,0.3805945391662177,,,,,,,,,,,,,,,無多頭訊號,0.0
LMND,"Lemonade, Inc.",US,86.7300033569336,82.72983652058497,"['MACD為正', 'MACD柱狀圖為正', 'SAR翻多且趨勢向上', '價格在20日均線之上', 'ADX趨勢不明', '均線完美多頭排列', '價格通道向上', '動量減速', '指標斜率向下', '相對強度強勁', '上漲動能不足', '波動率過高', '趨勢反轉初步確認', '反轉可信度高', '短期動能未轉折', '高波動風險', '適當進場時機', '接近近期低點', 'MACD強勢多頭', '均線黃金交叉', '強勢長紅K', '錘子線形態', '接近關鍵支撐位', '上升底部結構', '多時間框架強烈看多，建議積極進場', '月線趨勢良好，適合中長期持有', '週線支持上漲，中期看好', '日線短期強勢，進場時機良好', '多時間框架高度一致']",56.81818382198,3.4876129612473648,0.9496244228516298,81.95966669718425,55,不建議進場,不建議進場,55.5,中等,,,,,,5.820346582635913,,,,,,,,,,,,,,,無多頭訊號,0.0
CSGP,"CoStar Group, Inc.",US,61.5,59.13385705432522,"['SAR翻多且趨勢向上', 'OBV突破均線', '成交量萎縮', '接近布林通道下軌', '短期和中期動量均為負', 'ADX趨勢不明', '均線排列不佳', '價格通道向上', '動量減速', '相對強度為負', '支撐位可靠', '反轉強度不足', '短期動能未轉折', '價格結構未反轉', '良好進場時機', '接近近期低點', '十字星形態', 'RSI健康上升', '均線黃金交叉', '布林通道理想位置', '錘子線形態', '成交量萎縮', '多時間框架偏空，建議觀望', '月線趨勢不佳，避免長期持有', '週線壓力較大，中期謹慎', '多時間框架較為一致', '接近抄底價位']",58.45980554261236,-0.5533105116163171,0.6455873648795988,59.29999923706055,85,不建議進場,不建議進場,30.0,低,,,,,,3.709950744087911,,,,,,,,,,,,,,,無多頭訊號,0.0
UAL,"United Airlines Holdings, Inc.",US,102.31999969482422,112.18247083913863,"['RSI嚴重超賣', '接近布林通道下軌', '短期和中期動量均為負', 'ADX趨勢不明', '均線排列不佳', '價格通道向下', '成交量配合不佳', '動量強勁加速', '指標斜率向下', '相對強度為負', '上漲動能不足', '反轉強度不足', '短期動能未轉折', '價格結構未反轉', '良好進場時機', '接近近期低點', '動量加速向上', '測試關鍵支撐位', '價格低於關鍵均線', '布林通道超賣區', '錘子線形態', '成交量多頭排列', '多時間框架中性偏多，謹慎進場', '月線趨勢良好，適合中長期持有', '日線短期弱勢，等待更好時機', '接近抄底價位']",26.63551846122985,-1.5213848429514485,1.064269091460534,101.5244213327863,70,不建議進場,不建議進場,27.0,低,,,,,,0.7836325010216935,,,,,,,,,,,,,,,無多頭訊號,0.0
SCHW,The Charles Schwab Corporation,US,103.91999816894531,100.41769621745944,"['RSI偏高', 'MACD為正', 'SAR翻多且趨勢向上', 'OBV突破均線且斜率為正', '成交量適中', '價格在20日均線之上', '價格在5日均線之上', '接近布林通道上軌風險', '短期和中期動量均為正', 'ADX趨勢不明', '均線完美多頭排列', '成交量配合良好', '動量加速', '相對強度為正', '上漲動能良好', '波動率低', '支撐位可靠', '趨勢反轉初步確認', '反轉可信度高', '短期動能未轉折', '價格結構完美反轉', '絕佳進場時機', '接近近期低點', '上升底部結構', '放量上漲', '測試關鍵支撐位', '完美多頭排列', '布林通道超買區', '錘子線形態', '接近關鍵支撐位', '上升底部結構', '接近突破阻力', '溫和放量', '成交量短期放大', '多時間框架強烈看多，建議積極進場', '月線趨勢良好，適合中長期持有', '週線支持上漲，中期看好', '日線短期強勢，進場時機良好', '多時間框架高度一致', '成交量確認', '接近抄底價位']",62.42543776714236,1.2912298296160998,1.2220926070475198,101.70633366902669,70,謹慎觀望,謹慎觀望,41.160000000000004,中等,,,,,,2.1765257089320915,,,,,,,,,,,,,,,無多頭訊號,0.0
DJT,Trump Media & Technology Group Corp.,US,12.779999732971191,16.92446614766121,"['RSI從超賣區反轉', 'MACD為正', '接近布林通道下軌', '短期和中期動量均為負', 'ADX趨勢不明', '價格通道向上', '動量減速', '指標斜率向下', '相對強度為負', '上漲動能不足', '反轉強度不足', '短期動能未轉折', '高波動風險', '良好進場時機', '接近近期低點', '動量加速向上', '價格低於關鍵均線', '布林通道超賣區', '錘子線形態', '成交量短期放大', '多時間框架偏空，建議觀望', '月線趨勢不佳，避免長期持有', '週線壓力較大，中期謹慎', '日線短期弱勢，等待更好時機', '多時間框架高度一致', 'RSI+MACD同步', '接近抄底價位']",30.170313253034408,0.13682654069004663,1.0255561988255728,12.710000038146973,55,不建議進場,不建議進場,34.5,低,,,,,,0.5507450402370275,,,,,,,,,,,,,,,無多頭訊號,0.0
GIS,"General Mills, Inc.",US,46.2599983215332,43.069393714589516,"['RSI偏高', 'MACD柱狀圖為正', 'SAR翻多且趨勢向上', 'OBV突破均線且斜率為正', '價格在20日均線之上', '價格在5日均線之上', '接近布林通道上軌風險', '短期和中期動量均為正', 'ADX趨勢不明', '成交量配合良好', '動量強勁加速', '所有指標斜率向上', '相對強度為正', '上漲動能強勁', '短期動能未轉折', '進場時機不佳', 'MACD強勢多頭', '短期多頭排列', '布林通道超買區', '錘子線形態', '錘子線形態', '強勢長紅K', '靠近支撐位', '上升底部結構', '接近突破阻力', '價漲量增良好配合', '成交量短期放大', '多時間框架中性偏多，謹慎進場', '月線趨勢不佳，避免長期持有', '週線支持上漲，中期看好', '日線短期強勢，進場時機良好', '接近抄底價位']",60.506331192112555,-0.12750427044782953,1.1192822858817804,45.14862912495931,70,不建議進場,不建議進場,30.240000000000002,低,,,,,,2.4615790514877527,,,,,,,,,,,,,,,無多頭訊號,0.0
COHR,Coherent Corp.,US,212.17999267578125,181.22254238628193,"['RSI超買風險', 'MACD為正', 'MACD柱狀圖為正', 'SAR翻多且趨勢向上', '成交量放大', '價格在20日均線之上', '接近布林通道上軌風險', '短期和中期動量均為正', 'ADX趨勢不明', '均線完美多頭排列', '價格通道強勢向上', '成交量配合良好', '主要指標斜率向上', '相對強度強勁', '上漲動能良好', '波動率過高', '支撐位薄弱', '趨勢反轉初步確認', '反轉強度極強', '短期動能未轉折', '高波動風險', '進場時機不佳', '放量下跌', 'RSI超買風險', 'MACD強勢多頭', '均線黃金交叉', '布林通道超買區', '錘子線形態', '強勢長紅K', '靠近支撐位', '上升底部結構', '明顯放量', '成交量多頭排列', '多時間框架強烈看多，建議積極進場', '月線趨勢良好，適合中長期持有', '週線支持上漲，中期看好', '日線短期強勢，進場時機良好', '多時間框架高度一致']",70.0046806963502,8.990961610816527,1.5384983116109883,192.59299977620444,55,不建議進場,不建議進場,22.049999999999997,低,,,,,,10.170147888208374,,,,,,,,,,,,,,,無多頭訊號,0.0
AGNC,AGNC Investment Corp.,US,11.399999618530273,12.067793806593306,"['MACD為正', '成交量放大', '短期和中期動量均為負', 'ADX趨勢不明', '均線完美多頭排列', '價格通道向上', '成交量配合不佳', '指標斜率向下', '相對強度強勁', '上漲動能不足', '趨勢反轉初步確認', '短期動能未轉折', '價格結構反轉', '適當進場時機', '接近近期低點', '放量下跌', '測試關鍵支撐位', '均線黃金交叉', '布林通道理想位置', '強勢長紅K', '靠近支撐位', '明顯放量', '成交量多頭排列', '多時間框架強烈看多，建議積極進場', '月線趨勢良好，適合中長期持有', '週線支持上漲，中期看好', '日線短期強勢，進場時機良好', '多時間框架高度一致', '接近抄底價位']",52.42448043683486,0.3112653456438501,1.8607329516872555,11.369999885559082,70,不建議進場,不建議進場,49.5,中等,,,,,,0.26384989686142174,,,,,,,,,,,,,,,無多頭訊號,0.0
RTX,RTX Corporation,US,200.92999267578125,194.0855875301361,"['RSI偏高', 'MACD為正', 'SAR翻多且趨勢向上', 'OBV突破均線且斜率為正', '價格在20日均線之上', '價格在5日均線之上', '接近布林通道上軌', '短期和中期動量均為正', 'ADX趨勢不明', '均線完美多頭排列', '價格通道向上', '成交量配合良好', '動量強勁加速', '相對強度強勁', '上漲動能強勁', '趨勢反轉初步確認', '反轉強度強勁', '短期動能未轉折', '價格結構未反轉', '適當進場時機', '短期動量轉正', '完美多頭排列', '錘子線形態', '靠近支撐位', '上升底部結構', '多時間框架強烈看多，建議積極進場', '月線趨勢良好，適合中長期持有', '週線支持上漲，中期看好', '日線短期強勢，進場時機良好', '多時間框架高度一致']",68.31713312532548,4.520353394223633,1.167926981733311,190.99866485595703,55,建議進場,建議進場,49.68000000000001,中等,,,,,,5.199684420471734,,,,,,,,,,,,,,,無多頭訊號,0.0
AIG,"American International Group, Inc.",US,74.87999725341797,71.31779998779297,"['RSI從超賣區反轉', 'MACD柱狀圖為正', 'SAR翻多且趨勢向上', 'OBV突破均線且斜率為正', '成交量萎縮', '價格在5日均線之上', '短期和中期動量均為正', 'ADX趨勢不明', '成交量配合不佳', '動量強勁加速', '所有指標斜率向上', '相對強度為負', '上漲動能強勁', '短期動能轉折', '測試關鍵支撐位', 'RSI健康上升', 'MACD強勢多頭', '價格低於關鍵均線', '布林通道理想位置', '錘子線形態', '錘子線形態', '靠近支撐位', '上升底部結構', '接近突破阻力', '成交量萎縮', '多時間框架偏空，建議觀望', '週線壓力較大，中期謹慎', '日線短期強勢，進場時機良好', '接近抄底價位']",47.49314954167999,-1.848175450754951,0.5673311281337048,73.87000274658203,70,不建議進場,不建議進場,66.0,高,,,,,,1.3672593329945015,,,,,,,,,,,,,,,無多頭訊號,0.0
IBM,International Business Machines Corporation,US,306.70001220703125,290.39220825195315,"['MACD柱狀圖為正', 'SAR翻多且趨勢向上', 'OBV突破均線', '成交量適中', '價格在20日均線之上', '價格在5日均線之上', '接近布林通道上軌', '短期和中期動量均為正', 'ADX趨勢不明', '均線排列不佳', '價格通道向上', '成交量配合良好', '動量加速', '所有指標斜率向上', '相對強度強勁', '上漲動能良好', '趨勢反轉初步確認', '反轉強度強勁', '短期動能轉折', '適當進場時機', '測試關鍵支撐位', '錘子線形態', 'MACD強勢多頭', '短期多頭排列', '強勢長紅K', '錘子線形態', '錘子線形態', '靠近支撐位', '上升底部結構', '溫和放量', '成交量多頭排列', '多時間框架強烈看多，建議積極進場', '月線趨勢良好，適合中長期持有', '週線支持上漲，中期看好', '日線短期強勢，進場時機良好', '多時間框架高度一致', '接近抄底價位']",51.35460585995177,-0.4834014794139989,1.2747894812534746,302.4700012207031,85,建議進場,建議進場,67.5,高,,,,,,1.3984894268048802,,,,,,,,,,,,,,,無多頭訊號,0.0
SPOT,Spotify Technology S.A.,US,500.3500061035156,519.0150146484375,"['RSI嚴重超賣', '成交量萎縮', '接近布林通道下軌', '短期和中期動量均為負', 'ADX趨勢不明', '均線排列不佳', '所有指標斜率向上', '相對強度為負', '上漲動能良好', '波動率過高', '反轉強度不足', '反轉可信度低', '短期動能未轉折', '良好進場時機', '接近近期低點', '動量加速向上', 'RSI超賣反彈', '價格低於關鍵均線', '布林通道理想位置', '錘子線形態', '錘子線形態', '接近關鍵支撐位', '底部抬升', '成交量萎縮', '多時間框架偏空，建議觀望', '週線壓力較大，中期謹慎', '日線短期弱勢，等待更好時機', '接近抄底價位']",28.583981119971597,-19.326471599521824,0.6715257625901375,491.29998779296875,85,不建議進場,不建議進場,34.5,低,,,,,,1.8420554722994427,,,,,,,,,,,,,,,無多頭訊號,0.0
VALE,Vale S.A.,US,16.06999969482422,17.34000015258789,"['RSI超買風險', 'MACD為正', 'MACD柱狀圖為正', 'OBV突破均線', '成交量適中', '價格在20日均線之上', '接近布林通道上軌', 'ADX趨勢不明', '均線完美多頭排列', '價格通道強勢向上', '成交量配合不佳', '動量減速', '相對強度強勁', '波動率過高', '支撐位薄弱', '短期動能未轉折', '高波動風險', '進場時機不佳', 'RSI超買風險', 'MACD強勢多頭', '均線黃金交叉', '強勢長紅K', '靠近支撐位', '上升底部結構', '溫和放量', '成交量多頭排列', '多時間框架強烈看多，建議積極進場', '月線趨勢良好，適合中長期持有', '週線支持上漲，中期看好', '日線短期強勢，進場時機良好', '多時間框架高度一致']",70.75096512325476,0.8712518273234284,1.4998448812085414,14.31966667175293,55,不建議進場,不建議進場,17.82,極低,,,,,,12.223280493840035,,,,,,,,,,,,,,,無多頭訊號,0.0
PAAS,Pan American Silver Corp.,US,54.599998474121094,69.98999786376953,"['MACD為正', '成交量放大', '短期和中期動量均為負', 'ADX趨勢不明', '均線完美多頭排列', '成交量配合不佳', '動量減速', '指標斜率向下', '相對強度強勁', '上漲動能不足', '波動率過高', '趨勢反轉初步確認', '反轉可信度低', '短期動能未轉折', '極高波動風險', '良好進場時機', '接近近期低點', '動量加速向上', '放量下跌', '十字星形態', '均線黃金交叉', '布林通道理想位置', '錘子線形態', '錘子線形態', '十字星形態', '靠近支撐位', '爆量確認', '成交量多頭排列', '多時間框架強烈看多，建議積極進場', '月線趨勢良好，適合中長期持有', '週線支持上漲，中期看好', '多時間框架較為一致', '接近抄底價位']",50.576315061205044,3.1521443912904843,2.206440397475051,53.93000030517578,55,不建議進場,不建議進場,36.0,低,,,,,,1.2423477937214313,,,,,,,,,,,,,,,無多頭訊號,0.0
NEM,Newmont Corporation,US,112.3499984741211,134.8800048828125,"['MACD為正', '成交量放大', '短期和中期動量均為負', 'ADX趨勢不明', '均線完美多頭排列', '價格通道強勢向上', '成交量配合不佳', '動量減速', '指標斜率向下', '相對強度強勁', '上漲動能不足', '波動率過高', '趨勢反轉初步確認', '短期動能未轉折', '極高波動風險', '接近近期低點', '放量下跌', '均線黃金交叉', '布林通道理想位置', '接近關鍵支撐位', '明顯放量', '成交量多頭排列', '多時間框架強烈看多，建議積極進場', '月線趨勢良好，適合中長期持有', '週線支持上漲，中期看好', '日線短期強勢，進場時機良好', '多時間框架高度一致', '接近抄底價位']",53.83912500427149,6.206733878711518,1.8556678048832496,111.271666208903,55,不建議進場,不建議進場,42.0,中等,,,,,,0.9690986950744657,,,,,,,,,,,,,,,無多頭訊號,0.0
CDE,"Coeur Mining, Inc.",US,20.440000534057617,27.705950450897216,"['MACD為正', '成交量放大', '短期和中期動量均為負', 'ADX趨勢不明', '均線多頭排列', '成交量配合不佳', '動量減速', '指標斜率向下', '相對強度強勁', '上漲動能不足', '波動率過高', '趨勢反轉初步確認', '短期動能未轉折', '價格結構未反轉', '極高波動風險', '進場時機不佳', '動量加速向上', '放量下跌', '均線黃金交叉', '布林通道理想位置', '錘子線形態', '錘子線形態', '接近關鍵支撐位', '明顯放量', '成交量多頭排列', '多時間框架強烈看多，建議積極進場', '月線趨勢良好，適合中長期持有', '週線支持上漲，中期看好', '日線短期強勢，進場時機良好', '多時間框架高度一致', '接近抄底價位']",50.147062205938695,1.6278921801936796,1.6229328718928673,20.020000457763672,55,不建議進場,不建議進場,33.0,低,,,,,,2.097902431021529,,,,,,,,,,,,,,,無多頭訊號,0.0
JOBY,"Joby Aviation, Inc.",US,10.569999694824219,15.762820291853274,"['RSI嚴重超賣', '成交量放大', '接近布林通道下軌', '短期和中期動量均為負', 'ADX趨勢不明', '均線排列不佳', '價格通道向下', '成交量配合不佳', '動量強勁加速', '指標斜率向下', '相對強度為負', '上漲動能不足', '波動率過高', '支撐位薄弱', '反轉強度不足', '短期動能未轉折', '價格結構未反轉', '高波動風險', '適當進場時機', '接近近期低點', '動量加速向上', '放量下跌', '價格低於關鍵均線', '布林通道超賣區', '錘子線形態', '明顯放量', '成交量多頭排列', '多時間框架偏空，建議觀望', '月線趨勢良好，適合中長期持有', '週線壓力較大，中期謹慎', '日線短期弱勢，等待更好時機', '接近抄底價位']",15.373558749420567,-0.6892512371103585,1.6712852070209292,10.489999771118164,85,不建議進場,不建議進場,24.0,低,,,,,,0.7626303665545955,,,,,,,,,,,,,,,無多頭訊號,0.0
HD,"The Home Depot, Inc.",US,374.5899963378906,389.4565653808594,"['RSI從超賣區反轉', 'MACD為正', '價格在20日均線之上', '短期和中期動量均為負', 'ADX趨勢不明', '成交量配合不佳', '指標斜率向下', '相對強度強勁', '上漲動能不足', '支撐位良好', '反轉強度不足', '短期動能未轉折', '價格結構反轉', '絕佳進場時機', '接近近期低點', '短期動量轉正', '動量加速向上', '測試關鍵支撐位', '均線黃金交叉', '接近關鍵支撐位', '價漲量縮警告', '多時間框架看多，建議進場', '週線支持上漲，中期看好', '日線短期強勢，進場時機良好', '多時間框架較為一致', 'RSI+MACD同步', '接近抄底價位']",49.95395112807093,5.903771335391411,0.8344081147944362,363.62266743977864,55,不建議進場,不建議進場,43.5,中等,,,,,,3.01612904809581,,,,,,,,,,,,,,,無多頭訊號,0.0
HAL,Halliburton Company,US,33.52000045776367,32.77864117148376,"['MACD為正', 'SAR翻多且趨勢向上', 'OBV突破均線且斜率為正', '成交量萎縮', '價格在20日均線之上', 'ADX趨勢不明', '均線完美多頭排列', '價格通道向上', '動量減速', '指標斜率向下', '相對強度強勁', '短期動能未轉折', '價格結構未反轉', '適當進場時機', '短期動量轉正', '測試關鍵支撐位', '均線黃金交叉', '錘子線形態', '錘子線形態', '靠近支撐位', '成交量萎縮', '價漲量縮警告', '多時間框架強烈看多，建議積極進場', '月線趨勢良好，適合中長期持有', '週線支持上漲，中期看好', '日線短期強勢，進場時機良好', '多時間框架高度一致']",57.28314121442293,1.256398682338272,0.7941300780193963,31.190000534057617,70,不建議進場,不建議進場,49.5,中等,,,,,,7.4703426861497935,,,,,,,,,,,,,,,無多頭訊號,0.0
PG,The Procter & Gamble Company,US,151.77000427246094,145.44051822838827,"['RSI超買風險', 'MACD為正', 'MACD柱狀圖為正', 'SAR翻多且趨勢向上', 'OBV突破均線且斜率為正', '價格在20日均線之上', '價格在5日均線之上', '接近布林通道上軌風險', '短期和中期動量均為正', 'ADX趨勢不明', '均線多頭排列', '價格通道向上', '成交量配合不佳', '動量減速', '所有指標斜率向上', '相對強度強勁', '上漲動能良好', '趨勢反轉初步確認', '反轉強度強勁', '短期動能未轉折', '進場時機不佳', 'RSI超買風險', 'MACD強勢多頭', '完美多頭排列', '布林通道超買區', '強勢長紅K', '靠近支撐位', '上升底部結構', '接近突破阻力', '成交量短期放大', '多時間框架中性偏多，謹慎進場', '週線支持上漲，中期看好', '日線短期強勢，進場時機良好']",74.77170382771901,1.9358445366955834,1.0454650462634834,144.23885498046874,85,不建議進場,不建議進場,20.16,低,,,,,,5.221304129883713,,,,,,,,,,,,,,,無多頭訊號,0.0
ZETA,Zeta Global Holdings Corp.,US,18.579999923706055,23.5912964896202,"['RSI嚴重超賣', '接近布林通道下軌', '短期和中期動量均為負', 'ADX趨勢不明', '均線排列不佳', '指標斜率向下', '相對強度為負', '上漲動能不足', '波動率過高', '反轉強度不足', '短期動能未轉折', '高波動風險', '良好進場時機', '接近近期低點', '動量加速向上', '測試關鍵支撐位', '價格低於關鍵均線', '布林通道超賣區', '多時間框架偏空，建議觀望', '月線趨勢不佳，避免長期持有', '週線支持上漲，中期看好', '日線短期弱勢，等待更好時機', '接近抄底價位']",20.606055351655442,-0.11215599006368748,0.8035785308288317,18.549999237060547,85,不建議進場,不建議進場,30.0,低,,,,,,0.1617287756301911,,,,,,,,,,,,,,,無多頭訊號,0.0
WDC,Western Digital Corporation,US,250.22999572753906,227.3551693546784,"['RSI超買風險', 'MACD為正', 'MACD柱狀圖為正', 'SAR翻多且趨勢向上', '成交量放大', '價格在20日均線之上', '接近布林通道上軌', '短期和中期動量均為正', 'ADX趨勢不明', '均線完美多頭排列', '價格通道強勢向上', '成交量配合良好', '動量減速', '主要指標斜率向上', '相對強度強勁', '波動率過高', '支撐位薄弱', '趨勢反轉初步確認', '反轉強度極強', '反轉可信度低', '短期動能未轉折', '價格結構未反轉', '高波動風險', '進場時機不佳', '放量下跌', 'RSI超買風險', 'MACD強勢多頭', '均線黃金交叉', '強勢長紅K', '上升底部結構', '爆量確認', '成交量多頭排列', '多時間框架強烈看多，建議積極進場', '月線趨勢良好，適合中長期持有', '週線支持上漲，中期看好', '日線短期強勢，進場時機良好', '多時間框架高度一致']",70.11883569882127,21.50363407858012,2.104721789452961,209.35333302815755,55,不建議進場,不建議進場,25.92,低,,,,,,19.525202731729948,,,,,,,,,,,,,,,無多頭訊號,0.0
MA,Mastercard Incorporated,US,538.7899780273438,518.27001953125,"['RSI從超賣區反轉', 'SAR翻多', 'OBV突破均線', '價格在5日均線之上', 'ADX趨勢不明', '均線排列不佳', '成交量配合不佳', '動量強勁加速', '所有指標斜率向上', '上漲動能良好', '支撐位良好', '反轉可信度高', '測試關鍵支撐位', '價格低於關鍵均線', '布林通道理想位置', '錘子線形態', '錘子線形態', '接近關鍵支撐位', '上升底部結構', '接近突破阻力', '多時間框架偏空，建議觀望', '週線壓力較大，中期謹慎', '接近抄底價位']",32.13764861263233,-8.47194671456191,0.9916352576308416,533.7000122070312,100,不建議進場,不建議進場,60.0,高,,,,,,0.9537128918666796,,,,,,,,,,,,,,,無多頭訊號,0.0
XLB,State Street Materials Select Sector SPDR ETF,US,49.27000045776367,50.619998931884766,"['RSI偏高', 'MACD為正', '成交量放大', '價格在20日均線之上', 'ADX趨勢不明', '均線完美多頭排列', '價格通道向上', '成交量配合不佳', '動量減速', '指標斜率向下', '相對強度強勁', '上漲動能不足', '支撐位良好', '短期動能未轉折', '價格結構未反轉', '良好進場時機', '接近近期低點', '放量下跌', '測試關鍵支撐位', '十字星形態', '均線黃金交叉', '錘子線形態', '錘子線形態', '靠近支撐位', '明顯放量', '成交量多頭排列', '多時間框架強烈看多，建議積極進場', '月線趨勢良好，適合中長期持有', '週線支持上漲，中期看好', '日線短期強勢，進場時機良好', '多時間框架高度一致', '接近抄底價位']",62.110342682547525,1.1297919764596642,1.7288844027309742,48.810001373291016,70,不建議進場,不建議進場,31.200000000000003,低,,,,,,0.942427927740992,,,,,,,,,,,,,,,無多頭訊號,0.0
XRT,State Street SPDR S&P Retail ETF,US,86.33000183105469,90.52599339044093,"['RSI從超賣區反轉', 'MACD為正', '接近布林通道下軌', '短期和中期動量均為負', 'ADX趨勢不明', '成交量配合不佳', '動量強勁加速', '指標斜率向下', '相對強度為正', '上漲動能不足', '波動率低', '支撐位可靠', '反轉強度不足', '短期動能未轉折', '價格結構未反轉', '良好進場時機', '接近近期低點', '動量加速向上', '測試關鍵支撐位', '價格低於關鍵均線', '布林通道超賣區', '錘子線形態', '成交量短期放大', '多時間框架中性偏多，謹慎進場', '月線趨勢良好，適合中長期持有', '週線支持上漲，中期看好', '日線短期弱勢，等待更好時機', 'RSI+MACD同步', '接近抄底價位']",31.422943078055084,0.19897744224722658,1.0624538997059685,85.76919658194176,85,不建議進場,不建議進場,43.5,中等,,,,,,0.6538539142979519,,,,,,,,,,,,,,,無多頭訊號,0.0
XPEV,XPeng Inc.,US,17.979999542236328,20.86070864511448,"['RSI從超賣區反轉', '接近布林通道下軌', '短期和中期動量均為負', 'ADX趨勢不明', '均線排列不佳', '價格通道向下', '動量強勁加速', '指標斜率向下', '相對強度為負', '上漲動能不足', '反轉強度不足', '短期動能未轉折', '價格結構未反轉', '良好進場時機', '接近近期低點', '測試關鍵支撐位', '價格低於關鍵均線', '布林通道超賣區', '錘子線形態', '成交量短期放大', '多時間框架偏空，建議觀望', '月線趨勢良好，適合中長期持有', '週線壓力較大，中期謹慎', '日線短期弱勢，等待更好時機', '接近抄底價位']",35.174406032546926,-0.5154951025284831,0.991368530032746,17.961182651035415,85,不建議進場,不建議進場,27.0,低,,,,,,0.10476421050051785,,,,,,,,,,,,,,,無多頭訊號,0.0
CRML,Critical Metals Corp.,US,13.170000076293945,21.539117606163025,"['RSI從超賣區反轉', 'MACD為正', '成交量萎縮', '短期和中期動量均為負', 'ADX趨勢不明', '價格通道向上', '動量減速', '指標斜率向下', '相對強度強勁', '上漲動能不足', '波動率過高', '反轉強度不足', '反轉可信度低', '短期動能未轉折', '高波動風險', '良好進場時機', '接近近期低點', '動量加速向上', '均線黃金交叉', '布林通道理想位置', '錘子線形態', '成交量萎縮', '多時間框架強烈看多，建議積極進場', '月線趨勢良好，適合中長期持有', '週線支持上漲，中期看好', '日線短期強勢，進場時機良好', '多時間框架高度一致', 'RSI+MACD同步', '接近抄底價位']",45.91905837772458,1.5870439516496315,0.5682430619382525,12.671666669845582,55,不建議進場,不建議進場,28.5,低,,,,,,3.9326587372617205,,,,,,,,,,,,,,,無多頭訊號,0.0
ANET,"Arista Networks, Inc.",US,141.74000549316406,126.17720843648358,"['RSI偏高', 'MACD為正', 'MACD柱狀圖為正', 'SAR翻多且趨勢向上', 'OBV突破均線', '成交量萎縮', '價格在20日均線之上', '接近布林通道上軌', '短期和中期動量均為正', 'ADX趨勢不明', '均線完美多頭排列', '價格通道強勢向上', '成交量配合不佳', '動量減速', '所有指標斜率向上', '相對強度強勁', '上漲動能良好', '波動率過高', '支撐位薄弱', '反轉強度強勁', '反轉可信度低', '短期動能未轉折', '高波動風險', '適當進場時機', '接近近期低點', 'MACD強勢多頭', '均線黃金交叉', '錘子線形態', '靠近支撐位', '上升底部結構', '成交量萎縮', '多時間框架強烈看多，建議積極進場', '月線趨勢良好，適合中長期持有', '日線短期強勢，進場時機良好', '多時間框架高度一致']",66.80336286522558,4.029127497200335,0.7676496122777603,132.6436663309733,55,不建議進場,不建議進場,34.56,低,,,,,,6.857725976522329,,,,,,,,,,,,,,,無多頭訊號,0.0
VRT,Vertiv Holdings Co,US,186.17999267578125,168.45703514070553,"['RSI超買風險', 'MACD為正', 'MACD柱狀圖為正', 'SAR翻多且趨勢向上', 'OBV突破均線', '價格在20日均線之上', '接近布林通道上軌', '短期和中期動量均為正', 'ADX趨勢不明', '均線多頭排列', '價格通道強勢向上', '成交量配合良好', '動量減速', '主要指標斜率向上', '相對強度強勁', '上漲動能良好', '波動率過高', '反轉強度強勁', '短期動能未轉折', '高波動風險', '進場時機不佳', 'RSI超買風險', 'MACD強勢多頭', '均線黃金交叉', '錘子線形態', '錘子線形態', '靠近支撐位', '上升底部結構', '多時間框架強烈看多，建議積極進場', '月線趨勢良好，適合中長期持有', '週線支持上漲，中期看好', '日線短期強勢，進場時機良好', '多時間框架高度一致']",72.20908838722737,5.375323829803847,0.8854495320543048,172.4066650390625,55,不建議進場,不建議進場,25.92,低,,,,,,7.98886031093874,,,,,,,,,,,,,,,無多頭訊號,0.0
ENPH,"Enphase Energy, Inc.",US,36.97999954223633,35.015177488317725,"['MACD為正', 'MACD柱狀圖為正', 'SAR翻多且趨勢向上', '成交量萎縮', '價格在20日均線之上', 'ADX趨勢不明', '均線完美多頭排列', '價格通道向上', '動量減速', '指標斜率向下', '相對強度強勁', '上漲動能不足', '波動率過高', '趨勢反轉初步確認', '短期動能未轉折', '價格結構反轉', '高波動風險', '良好進場時機', '接近近期低點', '測試關鍵支撐位', 'MACD強勢多頭', '均線黃金交叉', '錘子線形態', '成交量萎縮', '多時間框架中性偏多，謹慎進場', '月線趨勢不佳，避免長期持有', '週線支持上漲，中期看好', '日線短期強勢，進場時機良好', '接近抄底價位']",55.79709434738916,1.6539352223757788,0.7064096341685373,36.900001525878906,55,不建議進場,不建議進場,52.5,中等,,,,,,0.21679678333161376,,,,,,,,,,,,,,,無多頭訊號,0.0
UBER,"Uber Technologies, Inc.",US,80.05000305175781,85.16909114570703,"['RSI嚴重超賣', '成交量適中', '接近布林通道下軌', '短期和中期動量均為負', 'ADX趨勢不明', '均線排列不佳', '成交量配合不佳', '動量強勁加速', '指標斜率向下', '上漲動能不足', '支撐位良好', '反轉強度不足', '短期動能未轉折', '價格結構未反轉', '良好進場時機', '接近近期低點', '測試關鍵支撐位', 'RSI超賣反彈', '價格低於關鍵均線', '布林通道超賣區', '接近關鍵支撐位', '溫和放量', '成交量多頭排列', '多時間框架偏空，建議觀望', '月線趨勢良好，適合中長期持有', '週線壓力較大，中期謹慎', '日線短期弱勢，等待更好時機', '接近抄底價位']",28.82955719583734,-1.0233061015021008,1.2616880571851612,79.41999816894531,100,不建議進場,不建議進場,36.0,低,,,,,,0.793257236637464,,,,,,,,,,,,,,,無多頭訊號,0.0
SLB,SLB N.V.,US,48.380001068115234,51.60359817504883,"['RSI偏高', 'MACD為正', '成交量萎縮', '價格在20日均線之上', 'ADX趨勢不明', '均線完美多頭排列', '價格通道向上', '動量減速', '指標斜率向下', '相對強度強勁', '上漲動能不足', '波動率過高', '反轉可信度低', '短期動能未轉折', '價格結構未反轉', '適當進場時機', '錘子線形態', '均線黃金交叉', '錘子線形態', '錘子線形態', '靠近支撐位', '成交量萎縮', '多時間框架強烈看多，建議積極進場', '月線趨勢良好，適合中長期持有', '週線支持上漲，中期看好', '日線短期強勢，進場時機良好', '多時間框架高度一致']",66.66667999545754,2.471732101367529,0.6809783758674872,43.74366722106934,70,不建議進場,不建議進場,22.8,低,,,,,,10.598868685643223,,,,,,,,,,,,,,,無多頭訊號,0.0
COIN,"Coinbase Global, Inc.",US,194.74000549316406,242.08190868152295,"['RSI嚴重超賣', '接近布林通道下軌', '短期和中期動量均為負', 'ADX趨勢不明', '均線排列不佳', '價格通道向下', '動量強勁加速', '指標斜率向下', '相對強度為負', '上漲動能不足', '波動率過高', '反轉強度不足', '短期動能未轉折', '價格結構未反轉', '良好進場時機', '接近近期低點', '動量加速向上', '測試關鍵支撐位', 'RSI超賣反彈', '價格低於關鍵均線', '布林通道超賣區', '成交量多頭排列', '多時間框架偏空，建議觀望', '週線壓力較大，中期謹慎', '日線短期弱勢，等待更好時機', '多時間框架高度一致', '接近抄底價位']",21.203402134054812,-13.282117727007119,1.0373167325224764,193.85080873963412,85,不建議進場,不建議進場,27.0,低,,,,,,0.45870159599088733,,,,,,,,,,,,,,,無多頭訊號,0.0
ONDS,Ondas Inc.,US,10.359999656677246,14.184709853145693,"['RSI從超賣區反轉', 'MACD為正', '成交量萎縮', '接近布林通道下軌', '短期和中期動量均為負', 'ADX趨勢不明', '價格通道強勢向上', '動量強勁加速', '指標斜率向下', '相對強度為負', '上漲動能不足', '波動率過高', '反轉強度不足', '反轉可信度低', '短期動能未轉折', '價格結構未反轉', '高波動風險', '測試關鍵支撐位', '價格低於關鍵均線', '布林通道超賣區', '強勢長紅K', '成交量萎縮', '多時間框架中性偏多，謹慎進場', '月線趨勢良好，適合中長期持有', '週線支持上漲，中期看好', '日線短期弱勢，等待更好時機', 'RSI+MACD同步']",31.561467513194074,0.40955779350223764,0.7079512335584593,6.309999942779541,55,不建議進場,不建議進場,30.0,低,,,,,,64.18383123017414,,,,,,,,,,,,,,,無多頭訊號,0.0
BA,The Boeing Company,US,233.72000122070312,253.09000610351563,"['RSI從超賣區反轉', 'MACD為正', '成交量萎縮', '短期和中期動量均為負', 'ADX趨勢不明', '價格通道向上', '指標斜率向下', '相對強度為正', '上漲動能不足', '反轉強度不足', '反轉可信度低', '短期動能未轉折', '價格結構未反轉', '良好進場時機', '接近近期低點', '動量加速向上', '錘子線形態', '均線黃金交叉', '布林通道理想位置', '錘子線形態', '靠近支撐位', '成交量萎縮', '多時間框架強烈看多，建議積極進場', '月線趨勢良好，適合中長期持有', '週線支持上漲，中期看好', '多時間框架較為一致', 'RSI+MACD同步', '接近抄底價位']",48.98876755521927,6.564860323671098,0.7570627843833001,231.76566670735676,55,不建議進場,不建議進場,30.0,低,,,,,,0.8432372840685003,,,,,,,,,,,,,,,無多頭訊號,0.0
EOSE,"Eos Energy Enterprises, Inc.",US,14.640000343322754,18.571551937663195,"['RSI從超賣區反轉', 'MACD為正', '短期和中期動量均為負', 'ADX趨勢不明', '價格通道向上', '成交量配合不佳', '指標斜率向下', '相對強度強勁', '上漲動能不足', '波動率過高', '反轉強度不足', '短期動能未轉折', '價格結構未反轉', '高波動風險', '適當進場時機', '接近近期低點', '價格低於關鍵均線', '布林通道理想位置', '強勢長紅K', '錘子線形態', '多時間框架中性偏多，謹慎進場', '月線趨勢良好，適合中長期持有', '週線支持上漲，中期看好', '日線短期弱勢，等待更好時機', 'RSI+MACD同步', '接近抄底價位']",47.080295019471144,0.5436524388889818,0.829801886556165,14.592666753133138,55,不建議進場,不建議進場,31.5,低,,,,,,0.3243655939683097,,,,,,,,,,,,,,,無多頭訊號,0.0
NKE,"NIKE, Inc.",US,61.810001373291016,65.91671288438606,"['RSI嚴重超賣', '接近布林通道下軌', '短期和中期動量均為負', 'ADX趨勢不明', '均線排列不佳', '價格通道向上', '成交量配合不佳', '指標斜率向下', '上漲動能不足', '支撐位良好', '反轉強度不足', '短期動能未轉折', '價格結構反轉', '良好進場時機', '接近近期低點', '動量加速向上', '測試關鍵支撐位', '價格低於關鍵均線', '布林通道超賣區', '接近關鍵支撐位', '成交量短期放大', '多時間框架偏空，建議觀望', '月線趨勢不佳，避免長期持有', '週線壓力較大，中期謹慎', '日線短期弱勢，等待更好時機', '多時間框架高度一致', '接近抄底價位']",29.051990740506696,-0.19390755614107036,0.8851674271011741,61.78017342858934,85,不建議進場,不建議進場,39.0,低,,,,,,0.048280772044368106,,,,,,,,,,,,,,,無多頭訊號,0.0
IREN,IREN Limited,US,53.7400016784668,63.59000015258789,"['MACD為正', 'MACD柱狀圖為正', '價格在20日均線之上', 'ADX趨勢不明', '均線多頭排列', '價格通道強勢向上', '動量減速', '相對強度強勁', '上漲動能良好', '波動率過高', '趨勢反轉初步確認', '短期動能未轉折', '高波動風險', '測試關鍵支撐位', 'MACD強勢多頭', '均線黃金交叉', '強勢長紅K', '強勢長紅K', '上升底部結構', '成交量多頭排列', '多時間框架強烈看多，建議積極進場', '月線趨勢良好，適合中長期持有', '週線支持上漲，中期看好', '日線短期強勢，進場時機良好', '多時間框架高度一致']",58.01955724596812,3.4269025381586147,1.093277360476656,47.83383331298828,55,不建議進場,不建議進場,55.5,中等,,,,,,12.347261250907978,,,,,,,,,,,,,,,無多頭訊號,0.0
NOW,"ServiceNow, Inc.",US,117.01000213623047,133.6699981689453,"['RSI嚴重超賣', '成交量放大', '接近布林通道下軌', '短期和中期動量均為負', 'ADX趨勢不明', '均線排列不佳', '價格通道向下', '成交量配合不佳', '指標斜率向下', '相對強度為負', '上漲動能不足', '波動率過高', '反轉強度不足', '短期動能未轉折', '價格結構未反轉', '極高波動風險', '絕佳進場時機', '短期動量轉正', '動量加速向上', '放量上漲', '測試關鍵支撐位', 'RSI超賣反彈', '價格低於關鍵均線', '布林通道超賣區', '錘子線形態', '靠近支撐位', '底部抬升', '明顯放量', '價漲量縮警告', '成交量多頭排列', '多時間框架偏空，建議觀望', '月線趨勢不佳，避免長期持有', '週線壓力較大，中期謹慎', '日線短期弱勢，等待更好時機', '多時間框架高度一致', '成交量確認', '接近抄底價位']",24.760728811797776,-8.569201838578692,1.731495664204363,114.5026045278103,100,不建議進場,不建議進場,24.0,低,,,,,,2.189817095218274,,,,,,,,,,,,,,,無多頭訊號,0.0
WFC,Wells Fargo & Company,US,90.48999786376953,86.02999877929688,"['RSI從超賣區反轉', 'SAR翻多', '價格在5日均線之上', '短期和中期動量均為正', 'ADX趨勢不明', '成交量配合良好', '動量強勁加速', '所有指標斜率向上', '上漲動能良好', '反轉可信度高', '短期動能未轉折', '價格結構完美反轉', '測試關鍵支撐位', '價格低於關鍵均線', '布林通道理想位置', '強勢長紅K', '錘子線形態', '強勢長紅K', '靠近支撐位', '上升底部結構', '接近突破阻力', '成交量短期放大', '多時間框架強烈看多，建議積極進場', '月線趨勢良好，適合中長期持有', '多時間框架較為一致']",34.85016619974368,-0.8129436661775031,1.0463744796749943,84.66000366210938,70,不建議進場,不建議進場,70.5,高,,,,,,6.8863618585802655,,,,,,,,,,,,,,,無多頭訊號,0.0
GDX,VanEck Gold Miners ETF,US,94.19999694824219,113.5,"['MACD為正', '成交量放大', '短期和中期動量均為負', 'ADX趨勢不明', '均線完美多頭排列', '價格通道向上', '成交量配合不佳', '動量減速', '指標斜率向下', '相對強度強勁', '上漲動能不足', '波動率過高', '趨勢反轉初步確認', '短期動能未轉折', '極高波動風險', '接近近期低點', '放量下跌', '均線黃金交叉', '布林通道理想位置', '錘子線形態', '爆量確認', '成交量多頭排列', '多時間框架強烈看多，建議積極進場', '月線趨勢良好，適合中長期持有', '週線支持上漲，中期看好', '多時間框架較為一致', '接近抄底價位']",52.02269245680002,5.025975016587665,3.324429243188969,93.12000274658203,70,不建議進場,不建議進場,40.5,中等,,,,,,1.1597875534854378,,,,,,,,,,,,,,,無多頭訊號,0.0
HOOD,"Robinhood Markets, Inc.",US,99.4800033569336,109.74045200872266,"['RSI嚴重超賣', '接近布林通道下軌', '短期和中期動量均為負', 'ADX趨勢不明', '均線排列不佳', '價格通道向下', '成交量配合不佳', '動量強勁加速', '相對強度為負', '波動率過高', '反轉強度不足', '短期動能未轉折', '價格結構未反轉', '高波動風險', '良好進場時機', '接近近期低點', '動量加速向上', '測試關鍵支撐位', '價格低於關鍵均線', '布林通道超賣區', '成交量短期放大', '多時間框架偏空，建議觀望', '月線趨勢良好，適合中長期持有', '週線壓力較大，中期謹慎', '日線短期弱勢，等待更好時機', '接近抄底價位']",21.9737410144035,-5.0019767886114295,1.1032063682679922,98.37000274658203,85,不建議進場,不建議進場,30.0,低,,,,,,1.1283933916430948,,,,,,,,,,,,,,,無多頭訊號,0.0
PATH,"UiPath, Inc.",US,12.59000015258789,15.504373298170762,"['RSI嚴重超賣', '接近布林通道下軌', '短期和中期動量均為負', 'ADX趨勢不明', '均線排列不佳', '價格通道向下', '成交量配合不佳', '指標斜率向下', '相對強度為負', '上漲動能不足', '波動率過高', '反轉強度不足', '短期動能未轉折', '價格結構未反轉', '高波動風險', '良好進場時機', '接近近期低點', '動量加速向上', '測試關鍵支撐位', '價格低於關鍵均線', '布林通道超賣區', '成交量短期放大', '多時間框架偏空，建議觀望', '月線趨勢良好，適合中長期持有', '週線壓力較大，中期謹慎', '日線短期弱勢，等待更好時機', '接近抄底價位']",25.935480901774966,-0.717596886386378,1.0110124111596757,12.524999618530273,85,不建議進場,不建議進場,21.0,低,,,,,,0.518966355587359,,,,,,,,,,,,,,,無多頭訊號,0.0
PDD,PDD Holdings Inc.,US,101.05000305175781,112.18665868664688,"['RSI嚴重超賣', '成交量萎縮', '接近布林通道下軌', '短期和中期動量均為負', 'ADX趨勢不明', '均線排列不佳', '成交量配合不佳', '動量加速', '指標斜率向下', '相對強度為負', '上漲動能不足', '波動率過高', '反轉強度不足', '反轉可信度低', '短期動能未轉折', '適當進場時機', '接近近期低點', '價格低於關鍵均線', '布林通道超賣區', '錘子線形態', '錘子線形態', '成交量萎縮', '多時間框架偏空，建議觀望', '週線壓力較大，中期謹慎', '日線短期弱勢，等待更好時機', '多時間框架較為一致', '接近抄底價位']",10.04099859981902,-3.524312413178336,0.7174804153104457,101.02999877929688,70,不建議進場,不建議進場,22.5,低,,,,,,0.019800329310740116,,,,,,,,,,,,,,,無多頭訊號,0.0
WMT,Walmart Inc.,US,119.13999938964844,121.17091935372352,"['RSI偏高', 'MACD為正', '成交量萎縮', '價格在20日均線之上', '價格在5日均線之上', '接近布林通道上軌', 'ADX趨勢不明', '成交量配合良好', '動量加速', '相對強度強勁', '支撐位良好', '反轉可信度低', '低波動風險', '測試關鍵支撐位', '完美多頭排列', '錘子線形態', '錘子線形態', '強勢長紅K', '接近關鍵支撐位', '底部抬升', '成交量萎縮', '價漲量增良好配合', '成交量短期放大', '多時間框架強烈看多，建議積極進場', '月線趨勢良好，適合中長期持有', '週線支持上漲，中期看好', '日線短期強勢，進場時機良好', '多時間框架高度一致', '接近抄底價位']",65.90751850482879,1.3912695944015638,0.4884701512280285,116.9000015258789,70,不建議進場,不建議進場,31.320000000000004,低,,,,,,1.916165812259334,,,,,,,,,,,,,,,無多頭訊號,0.0
FCX,Freeport-McMoRan Inc.,US,60.22999954223633,69.44000244140625,"['MACD為正', 'OBV突破均線', '成交量放大', '價格在20日均線之上', 'ADX趨勢不明', '均線完美多頭排列', '價格通道強勢向上', '成交量配合不佳', '指標斜率向下', '相對強度強勁', '波動率過高', '趨勢反轉初步確認', '短期動能未轉折', '價格結構未反轉', '進場時機不佳', '放量下跌', '測試關鍵支撐位', '均線黃金交叉', '強勢長紅K', '錘子線形態', '靠近支撐位', '明顯放量', '成交量多頭排列', '多時間框架強烈看多，建議積極進場', '月線趨勢良好，適合中長期持有', '週線支持上漲，中期看好', '日線短期強勢，進場時機良好', '多時間框架高度一致']",59.562776026674854,3.332599758374279,1.6392812812212805,56.076721318562825,55,不建議進場,不建議進場,52.5,中等,,,,,,7.406421285009511,,,,,,,,,,,,,,,無多頭訊號,0.0
ADBE,Adobe Inc.,US,293.25,305.86598815917966,"['RSI嚴重超賣', 'OBV突破均線且斜率為正', '接近布林通道下軌', '短期和中期動量均為負', 'ADX趨勢不明', '均線排列不佳', '成交量配合不佳', '動量加速', '相對強度為負', '波動率過高', '反轉強度不足', '短期動能未轉折', '價格結構未反轉', '適當進場時機', '短期動量轉正', '動量加速向上', 'RSI超賣反彈', '價格低於關鍵均線', '布林通道理想位置', '錘子線形態', '錘子線形態', '接近關鍵支撐位', '底部抬升', '價漲量縮警告', '成交量多頭排列', '多時間框架偏空，建議觀望', '月線趨勢不佳，避免長期持有', '週線壓力較大，中期謹慎', '日線短期弱勢，等待更好時機', '多時間框架高度一致', '接近抄底價位']",23.54392794485568,-11.715603287849149,1.1370194772294495,284.6000061035156,70,不建議進場,不建議進場,34.5,低,,,,,,3.0393512687902655,,,,,,,,,,,,,,,無多頭訊號,0.0
MRNA,"Moderna, Inc.",US,44.06999969482422,55.20000076293945,"['RSI偏高', 'MACD為正', '成交量萎縮', '價格在20日均線之上', 'ADX趨勢不明', '價格通道向上', '動量減速', '指標斜率向下', '相對強度強勁', '上漲動能不足', '波動率過高', '支撐位薄弱', '反轉可信度低', '短期動能未轉折', '價格結構未反轉', '高波動風險', '適當進場時機', '接近近期低點', '均線黃金交叉', '錘子線形態', '接近關鍵支撐位', '成交量萎縮', '多時間框架強烈看多，建議積極進場', '週線支持上漲，中期看好', '日線短期強勢，進場時機良好', '多時間框架高度一致']",65.33751923966682,4.110232440073801,0.7423007267872532,37.94866682688395,55,不建議進場,不建議進場,15.600000000000001,極低,,,,,,16.130561044120096,,,,,,,,,,,,,,,無多頭訊號,0.0
C,Citigroup Inc.,US,115.70999908447266,117.15860408755499,"['RSI從超賣區反轉', 'MACD為正', 'OBV突破均線且斜率為正', '價格在5日均線之上', 'ADX趨勢不明', '成交量配合良好', '動量強勁加速', '上漲動能良好', '支撐位可靠', '趨勢反轉初步確認', '反轉強度不足', '反轉可信度高', '短期動能未轉折', '測試關鍵支撐位', '價格低於關鍵均線', '布林通道理想位置', '錘子線形態', '錘子線形態', '錘子線形態', '靠近支撐位', '上升底部結構', '成交量短期放大', '多時間框架強烈看多，建議積極進場', '月線趨勢良好，適合中長期持有', '週線支持上漲，中期看好', '多時間框架較為一致', 'RSI+MACD同步', '接近抄底價位']",40.00712656474573,0.19543078534960046,0.8337204737454884,113.05000305175781,70,謹慎觀望,謹慎觀望,66.0,高,,,,,,2.3529376036345746,,,,,,,,,,,,,,,無多頭訊號,0.0
PFE,Pfizer Inc.,US,26.440000534057617,25.3494595741721,"['RSI偏高', 'MACD為正', 'MACD柱狀圖為正', 'SAR翻多且趨勢向上', 'OBV突破均線且斜率為正', '價格在20日均線之上', '價格在5日均線之上', '接近布林通道上軌風險', '短期和中期動量均為正', 'ADX趨勢不明', '均線完美多頭排列', '價格通道向上', '成交量配合良好', '相對強度強勁', '趨勢反轉初步確認', '反轉強度強勁', '反轉可信度高', '短期動能未轉折', '價格結構反轉', '適當進場時機', '短期動量轉正', 'MACD強勢多頭', '完美多頭排列', '布林通道超買區', '強勢長紅K', '靠近支撐位', '上升底部結構', '接近突破阻力', '多時間框架強烈看多，建議積極進場', '月線趨勢良好，適合中長期持有', '週線支持上漲，中期看好', '日線短期強勢，進場時機良好', '多時間框架高度一致']",66.92274402011813,0.36012585758125226,1.0413940178777505,25.122516886393228,55,不建議進場,不建議進場,38.64,低,,,,,,5.244234300337798,,,,,,,,,,,,,,,無多頭訊號,0.0
CIFR,Cipher Mining Inc.,US,15.960000038146973,15.296152429492137,"['RSI從超賣區反轉', 'MACD為正', 'SAR翻多且趨勢向上', '接近布林通道下軌', '短期和中期動量均為負', 'ADX趨勢不明', '價格通道向上', '指標斜率向下', '上漲動能良好', '波動率過高', '支撐位良好', '反轉強度不足', '反轉可信度高', '短期動能未轉折', '價格結構未反轉', '高波動風險', '測試關鍵支撐位', '均線黃金交叉', '布林通道超賣區', '強勢長紅K', '錘子線形態', '靠近支撐位', '多時間框架強烈看多，建議積極進場', '月線趨勢良好，適合中長期持有', '週線支持上漲，中期看好', '多時間框架較為一致', 'RSI+MACD同步', '接近抄底價位']",47.1586122426727,0.12052192737233369,0.9301841241424904,15.671949013394608,55,不建議進場,不建議進場,46.5,中等,,,,,,1.8380038405317136,,,,,,,,,,,,,,,無多頭訊號,0.0
CRWV,"CoreWeave, Inc.",US,93.19000244140625,114.44999694824219,"['MACD為正', 'MACD柱狀圖為正', '價格在20日均線之上', 'ADX趨勢不明', '均線完美多頭排列', '價格通道強勢向上', '成交量配合良好', '動量強勁加速', '指標斜率向下', '相對強度強勁', '波動率過高', '趨勢反轉初步確認', '短期動能未轉折', '價格結構未反轉', '高波動風險', '良好進場時機', '接近近期低點', '測試關鍵支撐位', 'MACD強勢多頭', '均線黃金交叉', '多時間框架中性偏多，謹慎進場', '日線短期強勢，進場時機良好']",59.57166158301491,5.002379781212056,0.8397672903074759,88.0,70,不建議進場,不建議進場,58.5,中等,,,,,,5.897730047052557,,,,,,,,,,,,,,,無多頭訊號,0.0
XLE,State Street Energy Select Sector SPDR ETF,US,51.04999923706055,49.024221511948674,"['RSI超買風險', 'MACD為正', 'MACD柱狀圖為正', 'SAR翻多且趨勢向上', 'OBV突破均線且斜率為正', '成交量適中', '價格在20日均線之上', '價格在5日均線之上', '接近布林通道上軌風險', '短期和中期動量均為正', 'ADX趨勢不明', '均線完美多頭排列', '價格通道強勢向上', '成交量配合良好', '動量減速', '主要指標斜率向上', '相對強度強勁', '上漲動能極強', '趨勢反轉初步確認', '反轉強度極強', '短期動能未轉折', '低波動風險', '適當進場時機', '放量上漲', 'RSI超買風險', 'MACD強勢多頭', '完美多頭排列', '布林通道超買區', '錘子線形態', '靠近支撐位', '上升底部結構', '接近突破阻力', '溫和放量', '成交量多頭排列', '多時間框架強烈看多，建議積極進場', '月線趨勢良好，適合中長期持有', '週線支持上漲，中期看好', '日線短期強勢，進場時機良好', '多時間框架高度一致', '成交量確認']",85.78432869731182,1.3822170039151231,1.4044011437220152,46.72218310038249,70,不建議進場,不建議進場,27.089999999999996,低,,,,,,9.26287225787322,,,,,,,,,,,,,,,無多頭訊號,0.0
MU,"Micron Technology, Inc.",US,414.8800048828125,396.18228321477693,"['RSI超買風險', 'MACD為正', 'MACD柱狀圖為正', 'SAR翻多且趨勢向上', 'OBV突破均線', '成交量適中', '價格在20日均線之上', '接近布林通道上軌風險', '短期和中期動量均為正', 'ADX趨勢不明', '均線完美多頭排列', '價格通道強勢向上', '成交量配合良好', '動量減速', '相對強度強勁', '波動率過高', '趨勢反轉初步確認', '反轉強度強勁', '短期動能未轉折', '價格結構未反轉', '高波動風險', '進場時機不佳', 'RSI超買風險', 'MACD強勢多頭', '均線黃金交叉', '布林通道超買區', '錘子線形態', '上升底部結構', '溫和放量', '成交量多頭排列', '多時間框架強烈看多，建議積極進場', '月線趨勢良好，適合中長期持有', '週線支持上漲，中期看好', '日線短期強勢，進場時機良好', '多時間框架高度一致']",72.1176438501476,37.43134203169882,1.3496548919308973,335.7329040527344,55,不建議進場,不建議進場,18.269999999999996,極低,,,,,,23.57442475094615,,,,,,,,,,,,,,,無多頭訊號,0.0
CMG,"Chipotle Mexican Grill, Inc.",US,38.869998931884766,41.25876624755859,"['RSI從超賣區反轉', 'MACD為正', '短期和中期動量均為負', 'ADX趨勢不明', '成交量配合不佳', '指標斜率向下', '相對強度為正', '上漲動能不足', '支撐位良好', '反轉強度不足', '短期動能未轉折', '價格結構未反轉', '絕佳進場時機', '接近近期低點', '動量加速向上', '測試關鍵支撐位', '錘子線形態', '價格低於關鍵均線', '布林通道理想位置', '錘子線形態', '錘子線形態', '錘子線形態', '接近關鍵支撐位', '成交量短期放大', '多時間框架偏空，建議觀望', '月線趨勢不佳，避免長期持有', '週線支持上漲，中期看好', '日線短期弱勢，等待更好時機', 'RSI+MACD同步', '接近抄底價位']",42.401950357511005,0.7193763216632547,0.9271837257968337,38.856000137329104,70,不建議進場,不建議進場,33.0,低,,,,,,0.036027369019418255,,,,,,,,,,,,,,,無多頭訊號,0.0
MARA,"MARA Holdings, Inc.",US,9.5,11.31975136572013,"['RSI從超賣區反轉', '接近布林通道下軌', '短期和中期動量均為負', 'ADX趨勢不明', '均線排列不佳', '價格通道向上', '動量加速', '指標斜率向下', '上漲動能不足', '反轉強度不足', '短期動能未轉折', '價格結構未反轉', '高波動風險', '良好進場時機', '接近近期低點', '測試關鍵支撐位', '價格低於關鍵均線', '布林通道超賣區', '多時間框架偏空，建議觀望', '月線趨勢不佳，避免長期持有', '週線壓力較大，中期謹慎', '日線短期弱勢，等待更好時機', '多時間框架高度一致']",43.77162575520507,-0.24113750472650075,0.9076380139801632,8.949999809265137,70,不建議進場,不建議進場,33.0,低,,,,,,6.145253658726307,,,,,,,,,,,,,,,無多頭訊號,0.0
IWM,iShares Russell 2000 ETF,US,259.6499938964844,269.2383274609566,"['RSI從超賣區反轉', 'MACD為正', '成交量放大', '短期和中期動量均為負', 'ADX趨勢不明', '成交量配合不佳', '動量加速', '指標斜率向下', '相對強度為正', '上漲動能不足', '波動率低', '支撐位可靠', '趨勢反轉初步確認', '反轉強度不足', '短期動能未轉折', '價格結構未反轉', '良好進場時機', '接近近期低點', '動量加速向上', '放量下跌', '測試關鍵支撐位', '均線黃金交叉', '布林通道理想位置', '錘子線形態', '明顯放量', '成交量多頭排列', '多時間框架強烈看多，建議積極進場', '月線趨勢良好，適合中長期持有', '週線支持上漲，中期看好', '日線短期強勢，進場時機良好', '多時間框架高度一致', 'RSI+MACD同步', '接近抄底價位']",48.964257454447164,3.163502599675155,1.5212735360107479,257.64933420817056,70,不建議進場,不建議進場,45.0,中等,,,,,,0.7765048935454895,,,,,,,,,,,,,,,無多頭訊號,0.0
TSLA,"Tesla, Inc.",US,430.4100036621094,451.86284271240237,"['RSI從超賣區反轉', 'OBV突破均線且斜率為正', '成交量適中', '價格在5日均線之上', '短期和中期動量均為負', 'ADX趨勢不明', '均線排列不佳', '價格通道向下', '成交量配合不佳', '動量減速', '指標斜率向下', '支撐位可靠', '反轉強度不足', '反轉可信度高', '短期動能未轉折', '價格結構未反轉', '高波動風險', '絕佳進場時機', '短期動量轉正', '動量加速向上', '放量上漲', '測試關鍵支撐位', 'RSI健康上升', '價格低於關鍵均線', '布林通道理想位置', '錘子線形態', '接近關鍵支撐位', '底部抬升', '溫和放量', '成交量短期放大', '多時間框架看多，建議進場', '月線趨勢良好，適合中長期持有', '多時間框架較為一致', '成交量確認', '接近抄底價位']",43.45525687008354,-5.910517012583455,1.29398037843,426.5799865722656,85,不建議進場,不建議進場,34.5,低,,,,,,0.8978426579782637,,,,,,,,,,,,,,,無多頭訊號,0.0
INTC,Intel Corporation,US,46.470001220703125,53.18680592832695,"['MACD為正', '成交量萎縮', '價格在20日均線之上', '價格在5日均線之上', 'ADX趨勢不明', '價格通道強勢向上', '成交量配合不佳', '動量強勁加速', '指標斜率向下', '相對強度強勁', '上漲動能不足', '波動率過高', '趨勢反轉初步確認', '反轉可信度低', '價格結構未反轉', '極高波動風險', '測試關鍵支撐位', '完美多頭排列', '錘子線形態', '強勢長紅K', '上升底部結構', '成交量萎縮', '多時間框架強烈看多，建議積極進場', '月線趨勢良好，適合中長期持有', '週線支持上漲，中期看好', '日線短期強勢，進場時機良好', '多時間框架高度一致', '接近抄底價位']",51.28851843220401,2.068664497523173,0.7783207618394228,44.45000076293945,55,不建議進場,不建議進場,42.0,中等,,,,,,4.54443289784567,,,,,,,,,,,,,,,無多頭訊號,0.0
AMD,"Advanced Micro Devices, Inc.",US,236.72999572753906,226.68875417820027,"['RSI超買風險', 'MACD為正', 'MACD柱狀圖為正', 'SAR翻多且趨勢向上', 'OBV突破均線', '價格在20日均線之上', 'ADX趨勢不明', '動量減速', '指標斜率向下', '相對強度強勁', '波動率過高', '反轉強度不足', '反轉可信度高', '短期動能未轉折', '高波動風險', '良好進場時機', '接近近期低點', '測試關鍵支撐位', '十字星形態', 'RSI超買風險', 'MACD強勢多頭', '均線黃金交叉', '錘子線形態', '錘子線形態', '錘子線形態', '靠近支撐位', '成交量短期放大', '多時間框架強烈看多，建議積極進場', '月線趨勢良好，適合中長期持有', '週線支持上漲，中期看好', '日線短期強勢，進場時機良好', '多時間框架高度一致']",70.3838645363679,8.69684339250847,1.0517846923155612,224.88299916585285,55,不建議進場,不建議進場,18.9,極低,,,,,,5.268071221759616,,,,,,,,,,,,,,,無多頭訊號,0.0
META,"Meta Platforms, Inc.",US,716.5,634.1485078880312,"['RSI偏高', 'MACD為正', 'MACD柱狀圖為正', 'SAR翻多且趨勢向上', 'OBV突破均線', '成交量適中', '價格在20日均線之上', '價格在5日均線之上', '接近布林通道上軌風險', '短期和中期動量均為正', 'ADX趨勢不明', '均線多頭排列', '價格通道強勢向上', '成交量配合良好', '動量減速', '所有指標斜率向上', '相對強度強勁', '上漲動能良好', '波動率過高', '支撐位薄弱', '趨勢反轉初步確認', '反轉強度極強', '短期動能未轉折', '價格結構未反轉', '高波動風險', '進場時機不佳', 'MACD強勢多頭', '短期多頭排列', '布林通道超買區', '錘子線形態', '錘子線形態', '上升底部結構', '溫和放量', '多時間框架強烈看多，建議積極進場', '月線趨勢良好，適合中長期持有', '週線支持上漲，中期看好', '日線短期強勢，進場時機良好', '多時間框架高度一致', '接近抄底價位']",64.16198438722431,13.455182176569224,1.3001682353825283,712.5499877929688,55,不建議進場,不建議進場,31.92,低,,,,,,0.5543487860081089,,,,,,,,,,,,,,,無多頭訊號,0.0
GLD,SPDR Gold Shares,US,444.95001220703125,509.70001220703125,"['RSI偏高', 'MACD為正', 'MACD柱狀圖為正', 'OBV突破均線', '成交量放大', '價格在20日均線之上', 'ADX趨勢不明', '均線完美多頭排列', '價格通道強勢向上', '成交量配合不佳', '動量減速', '相對強度強勁', '波動率過高', '反轉強度強勁', '反轉可信度高', '短期動能未轉折', '價格結構未反轉', '高波動風險', '進場時機不佳', '放量下跌', '測試關鍵支撐位', 'MACD強勢多頭', '均線黃金交叉', '錘子線形態', '強勢長紅K', '強勢長紅K', '爆量確認', '成交量多頭排列', '多時間框架強烈看多，建議積極進場', '月線趨勢良好，適合中長期持有', '週線支持上漲，中期看好', '日線短期強勢，進場時機良好', '多時間框架高度一致', '接近抄底價位']",60.66629915134718,19.550880299744392,3.3017219922398113,430.79998779296875,70,不建議進場,不建議進場,42.0,中等,,,,,,3.28459257544423,,,,,,,,,,,,,,,無多頭訊號,0.0
NFLX,"Netflix, Inc.",US,83.48999786376953,86.47000122070312,"['RSI嚴重超賣', '接近布林通道下軌', '短期和中期動量均為負', 'ADX趨勢不明', '均線排列不佳', '動量強勁加速', '指標斜率向下', '相對強度為負', '上漲動能良好', '支撐位良好', '反轉強度不足', '短期動能未轉折', '價格結構未反轉', '絕佳進場時機', '接近近期低點', '短期動量轉正', '動量加速向上', '測試關鍵支撐位', 'RSI超賣反彈', '價格低於關鍵均線', '布林通道超賣區', '錘子線形態', '接近關鍵支撐位', '底部抬升', '成交量短期放大', '多時間框架偏空，建議觀望', '週線壓力較大，中期謹慎', '日線短期弱勢，等待更好時機', '接近抄底價位']",28.067569264438134,-3.118433624609068,0.8719486249745093,82.1004158580397,85,不建議進場,不建議進場,39.0,低,,,,,,1.6925395458807047,,,,,,,,,,,,,,,無多頭訊號,0.0
MSFT,Microsoft Corporation,US,430.2900085449219,483.739990234375,"['RSI從超賣區反轉', '成交量放大', '接近布林通道下軌', '短期和中期動量均為負', 'ADX趨勢不明', '均線排列不佳', '成交量配合不佳', '指標斜率向下', '相對強度為負', '上漲動能不足', '反轉強度不足', '短期動能未轉折', '價格結構未反轉', '高波動風險', '進場時機不佳', '放量下跌', '測試關鍵支撐位', '價格低於關鍵均線', '布林通道超賣區', '強勢長紅K', '錘子線形態', '靠近支撐位', '底部抬升', '明顯放量', '成交量多頭排列', '多時間框架偏空，建議觀望', '月線趨勢良好，適合中長期持有', '週線壓力較大，中期謹慎', '日線短期弱勢，等待更好時機', '接近抄底價位']",31.219814082121147,-8.291352499375307,1.7097453061277004,421.0199890136719,85,不建議進場,不建議進場,27.0,低,,,,,,2.2018003356484273,,,,,,,,,,,,,,,無多頭訊號,0.0
GOOGL,Alphabet Inc.,US,338.0,320.9731830683594,"['RSI偏高', 'MACD為正', 'MACD柱狀圖為正', 'SAR翻多且趨勢向上', 'OBV突破均線', '價格在20日均線之上', '價格在5日均線之上', '接近布林通道上軌風險', '短期和中期動量均為正', 'ADX趨勢不明', '均線完美多頭排列', '價格通道向上', '成交量配合良好', '動量加速', '相對強度強勁', '趨勢反轉初步確認', '反轉強度強勁', '反轉可信度高', '短期動能未轉折', '適當進場時機', '測試關鍵支撐位', '錘子線形態', 'MACD強勢多頭', '完美多頭排列', '布林通道超買區', '錘子線形態', '錘子線形態', '錘子線形態', '靠近支撐位', '上升底部結構', '接近突破阻力', '成交量短期放大', '多時間框架強烈看多，建議積極進場', '月線趨勢良好，適合中長期持有', '週線支持上漲，中期看好', '日線短期強勢，進場時機良好', '多時間框架高度一致', '接近抄底價位']",60.94219865238311,6.11190355111097,0.9968901583462703,322.5290008544922,85,不建議進場,不建議進場,36.96,低,,,,,,4.796777686508716,,,,,,,,,,,,,,,無多頭訊號,0.0
MSTR,Strategy Inc,US,149.7100067138672,182.08441224670827,"['RSI從超賣區反轉', '接近布林通道下軌', '短期和中期動量均為負', 'ADX趨勢不明', '均線排列不佳', '價格通道向下', '成交量配合不佳', '動量強勁加速', '指標斜率向下', '上漲動能不足', '波動率過高', '反轉強度不足', '短期動能未轉折', '價格結構未反轉', '高波動風險', '良好進場時機', '短期動量轉正', '動量加速向上', '測試關鍵支撐位', 'RSI健康上升', '價格低於關鍵均線', '布林通道超賣區', '錘子線形態', '強勢長紅K', '底部抬升', '價漲量縮警告', '成交量短期放大', '多時間框架偏空，建議觀望', '月線趨勢不佳，避免長期持有', '週線壓力較大，中期謹慎', '日線短期弱勢，等待更好時機', '多時間框架高度一致', '接近抄底價位']",45.4469449060859,-4.98387756174904,1.0271772569306652,146.06999717840387,70,不建議進場,不建議進場,24.0,低,,,,,,2.4919624876952406,,,,,,,,,,,,,,,無多頭訊號,0.0
XLF,State Street Financial Select Sector SPDR ETF,US,53.439998626708984,54.15763247290623,"['RSI從超賣區反轉', '價格在5日均線之上', '接近布林通道下軌', 'ADX趨勢不明', '均線排列不佳', '成交量配合不佳', '動量強勁加速', '支撐位可靠', '趨勢反轉初步確認', '反轉強度不足', '反轉可信度高', '低波動風險', '良好進場時機', '接近近期低點', '測試關鍵支撐位', '十字星形態', 'RSI健康上升', '價格低於關鍵均線', '布林通道理想位置', '錘子線形態', '錘子線形態', '接近關鍵支撐位', '底部抬升', '成交量短期放大', '多時間框架中性偏多，謹慎進場', '月線趨勢良好，適合中長期持有', '日線短期弱勢，等待更好時機', '接近抄底價位']",30.560236679952283,-0.3421095555651874,0.9249254198808795,52.7599983215332,100,不建議進場,不建議進場,57.0,中等,,,,,,1.2888558127535976,,,,,,,,,,,,,,,無多頭訊號,0.0
CMCSA,Comcast Corporation,US,29.75,30.110000610351562,"['RSI偏高', 'MACD為正', 'MACD柱狀圖為正', 'OBV突破均線且斜率為正', '成交量適中', '價格在20日均線之上', '價格在5日均線之上', '接近布林通道上軌風險', '短期和中期動量均為正', 'ADX趨勢不明', '均線完美多頭排列', '價格通道向上', '成交量配合良好', '動量減速', '指標斜率向下', '相對強度強勁', '趨勢反轉初步確認', '絕佳進場時機', '放量上漲', 'MACD柱狀圖轉正', '測試關鍵支撐位', '錘子線形態', 'MACD強勢多頭', '完美多頭排列', '布林通道超買區', '錘子線形態', '靠近支撐位', '底部抬升', '接近突破阻力', '溫和放量', '價漲量縮警告', '成交量多頭排列', '多時間框架中性偏多，謹慎進場', '月線趨勢不佳，避免長期持有', '週線支持上漲，中期看好', '日線短期強勢，進場時機良好', '成交量確認']",64.01678013220331,0.6197742235573251,1.318393962973157,28.145628229777017,55,不建議進場,不建議進場,31.08,低,,,,,,5.700252121306774,,,,,,,,,,,,,,,無多頭訊號,0.0
PLTR,Palantir Technologies Inc.,US,146.58999633789062,169.5521266392897,"['RSI嚴重超賣', '接近布林通道下軌', '短期和中期動量均為負', 'ADX趨勢不明', '均線排列不佳', '價格通道向下', '成交量配合不佳', '動量強勁加速', '指標斜率向下', '相對強度為負', '上漲動能不足', '波動率過高', '反轉強度不足', '短期動能未轉折', '價格結構未反轉', '高波動風險', '良好進場時機', '接近近期低點', '動量加速向上', '價格低於關鍵均線', '布林通道超賣區', '成交量多頭排列', '多時間框架偏空，建議觀望', '月線趨勢良好，適合中長期持有', '週線壓力較大，中期謹慎', '日線短期弱勢，等待更好時機', '接近抄底價位']",14.302219116562938,-6.83075040042462,1.1922258614937589,145.13900756835938,70,不建議進場,不建議進場,24.0,低,,,,,,0.9997235022072514,,,,,,,,,,,,,,,無多頭訊號,0.0
GOOG,Alphabet Inc.,US,338.5299987792969,321.1599568808594,"['RSI偏高', 'MACD為正', 'MACD柱狀圖為正', 'SAR翻多且趨勢向上', 'OBV突破均線', '價格在20日均線之上', '價格在5日均線之上', '接近布林通道上軌風險', '短期和中期動量均為正', 'ADX趨勢不明', '均線完美多頭排列', '價格通道向上', '成交量配合良好', '動量加速', '相對強度強勁', '趨勢反轉初步確認', '反轉強度強勁', '反轉可信度高', '短期動能未轉折', '測試關鍵支撐位', 'MACD強勢多頭', '完美多頭排列', '布林通道超買區', '錘子線形態', '錘子線形態', '靠近支撐位', '上升底部結構', '接近突破阻力', '成交量短期放大', '多時間框架強烈看多，建議積極進場', '月線趨勢良好，適合中長期持有', '週線支持上漲，中期看好', '日線短期強勢，進場時機良好', '多時間框架高度一致', '接近抄底價位']",60.91605284985785,6.010865674783304,1.0408531806549322,323.2136657714844,70,不建議進場,不建議進場,36.96,低,,,,,,4.7387640529535355,,,,,,,,,,,,,,,無多頭訊號,0.0
BABA,Alibaba Group Holding Limited,US,169.55999755859375,163.62002119907146,"['RSI偏高', 'MACD為正', 'MACD柱狀圖為正', 'SAR翻多且趨勢向上', '成交量萎縮', '價格在20日均線之上', '短期和中期動量均為負', 'ADX趨勢不明', '均線完美多頭排列', '指標斜率向下', '相對強度強勁', '波動率過高', '反轉強度不足', '短期動能未轉折', '高波動風險', '良好進場時機', '接近近期低點', '測試關鍵支撐位', 'MACD強勢多頭', '均線黃金交叉', '接近關鍵支撐位', '上升底部結構', '成交量萎縮', '成交量短期放大', '多時間框架強烈看多，建議積極進場', '月線趨勢良好，適合中長期持有', '週線支持上漲，中期看好', '日線短期強勢，進場時機良好', '多時間框架高度一致']",65.63024841571415,4.871086562184701,0.6984306709843973,159.69266560872396,70,不建議進場,不建議進場,31.200000000000003,低,,,,,,6.17895124504124,,,,,,,,,,,,,,,無多頭訊號,0.0
SMCI,"Super Micro Computer, Inc.",US,29.110000610351562,33.63999938964844,"['RSI從超賣區反轉', 'MACD柱狀圖為正', '成交量萎縮', '接近布林通道下軌', '短期和中期動量均為負', 'ADX趨勢不明', '動量減速', '指標斜率向下', '相對強度為負', '上漲動能不足', '支撐位良好', '反轉強度不足', '短期動能未轉折', '價格結構未反轉', '高波動風險', '良好進場時機', '接近近期低點', '動量加速向上', 'MACD強勢多頭', '價格低於關鍵均線', '布林通道理想位置', '錘子線形態', '靠近支撐位', '成交量萎縮', '成交量短期放大', '多時間框架偏空，建議觀望', '月線趨勢不佳，避免長期持有', '週線壓力較大，中期謹慎', '日線短期弱勢，等待更好時機', '多時間框架高度一致', '接近抄底價位']",45.86288671911049,-0.41028591214161025,0.7465749218596357,29.020000457763672,70,不建議進場,不建議進場,28.5,低,,,,,,0.31013146508691053,,,,,,,,,,,,,,,無多頭訊號,0.0
SOFI,"SoFi Technologies, Inc.",US,22.809999465942383,28.397912297762947,"['RSI嚴重超賣', '成交量放大', '接近布林通道下軌', '短期和中期動量均為負', 'ADX趨勢不明', '均線排列不佳', '價格通道向下', '成交量配合不佳', '動量加速', '指標斜率向下', '相對強度為負', '上漲動能不足', '波動率過高', '反轉強度不足', '反轉可信度低', '短期動能未轉折', '高波動風險', '進場時機不佳', '動量加速向上', '放量下跌', '價格低於關鍵均線', '布林通道超賣區', '爆量確認', '成交量多頭排列', '多時間框架偏空，建議觀望', '月線趨勢良好，適合中長期持有', '週線壓力較大，中期謹慎', '日線短期弱勢，等待更好時機', '接近抄底價位']",16.59388015851819,-0.8175831971368765,2.4047841846951914,22.309999465942383,70,不建議進場,不建議進場,25.5,低,,,,,,2.2411475211520355,,,,,,,,,,,,,,,無多頭訊號,0.0
ORCL,Oracle Corporation,US,164.5800018310547,199.44421171773254,"['RSI嚴重超賣', '接近布林通道下軌', '短期和中期動量均為負', 'ADX趨勢不明', '均線排列不佳', '價格通道向下', '成交量配合不佳', '動量強勁加速', '指標斜率向下', '相對強度為負', '上漲動能不足', '波動率過高', '反轉強度不足', '短期動能未轉折', '價格結構未反轉', '高波動風險', '良好進場時機', '接近近期低點', '動量加速向上', '測試關鍵支撐位', '價格低於關鍵均線', '布林通道超賣區', '錘子線形態', '接近關鍵支撐位', '底部抬升', '多時間框架偏空，建議觀望', '週線壓力較大，中期謹慎', '日線短期弱勢，等待更好時機', '接近抄底價位']",25.007337260022155,-8.030395885597613,1.1592130232910527,163.24000549316406,85,不建議進場,不建議進場,24.0,低,,,,,,0.8208749649587211,,,,,,,,,,,,,,,無多頭訊號,0.0
BAC,Bank of America Corporation,US,53.20000076293945,53.498895926136214,"['RSI從超賣區反轉', 'OBV突破均線且斜率為正', '價格在5日均線之上', '短期和中期動量均為正', 'ADX趨勢不明', '成交量配合不佳', '動量加速', '所有指標斜率向上', '上漲動能強勁', '支撐位良好', '反轉可信度高', '短期動能未轉折', '測試關鍵支撐位', 'RSI健康上升', '價格低於關鍵均線', '布林通道理想位置', '錘子線形態', '錘子線形態', '強勢長紅K', '靠近支撐位', '上升底部結構', '接近突破阻力', '成交量短期放大', '多時間框架看多，建議進場', '月線趨勢良好，適合中長期持有', '多時間框架較為一致', '接近抄底價位']",33.581170606868056,-0.6190070213534966,0.8718520666615684,52.71604919433594,85,不建議進場,不建議進場,63.0,高,,,,,,0.9180345947767149,,,,,,,,,,,,,,,無多頭訊號,0.0
WULF,TeraWulf Inc.,US,13.369999885559082,12.40963482210374,"['MACD為正', 'MACD柱狀圖為正', 'SAR翻多且趨勢向上', '成交量適中', '短期和中期動量均為負', 'ADX趨勢不明', '均線多頭排列', '價格通道強勢向上', '成交量配合不佳', '相對強度為正', '上漲動能良好', '波動率過高', '趨勢反轉初步確認', '反轉可信度高', '短期動能未轉折', '價格結構未反轉', '高波動風險', '進場時機不佳', 'MACD強勢多頭', '均線黃金交叉', '布林通道理想位置', '錘子線形態', '強勢長紅K', '錘子線形態', '錘子線形態', '靠近支撐位', '溫和放量', '成交量多頭排列', '多時間框架強烈看多，建議積極進場', '月線趨勢良好，適合中長期持有', '週線支持上漲，中期看好', '日線短期強勢，進場時機良好', '多時間框架高度一致', '接近抄底價位']",51.802399719372765,0.30093586614578705,1.2899466050165578,13.076000054677328,55,不建議進場,不建議進場,52.5,中等,,,,,,2.2483927015325245,,,,,,,,,,,,,,,無多頭訊號,0.0
PYPL,"PayPal Holdings, Inc.",US,52.689998626708984,55.976939086914065,"['RSI嚴重超賣', '接近布林通道下軌', '短期和中期動量均為負', 'ADX趨勢不明', '均線排列不佳', '價格通道向下', '成交量配合不佳', '動量加速', '指標斜率向下', '相對強度為負', '上漲動能不足', '反轉強度不足', '短期動能未轉折', '價格結構反轉', '良好進場時機', '接近近期低點', '動量加速向上', '測試關鍵支撐位', 'RSI超賣反彈', '價格低於關鍵均線', '布林通道超賣區', '錘子線形態', '成交量多頭排列', '多時間框架偏空，建議觀望', '月線趨勢不佳，避免長期持有', '週線壓力較大，中期謹慎', '日線短期弱勢，等待更好時機', '多時間框架高度一致', '接近抄底價位']",28.596019701066865,-1.609627981657212,1.1904270656457245,52.060001373291016,85,不建議進場,不建議進場,31.5,低,,,,,,1.2101368359571039,,,,,,,,,,,,,,,無多頭訊號,0.0
SNDK,Sandisk Corporation,US,576.25,472.697744930764,"['RSI超買風險', 'MACD為正', 'MACD柱狀圖為正', 'SAR翻多且趨勢向上', 'OBV突破均線且斜率為正', '成交量放大', '價格在20日均線之上', '價格在5日均線之上', '接近布林通道上軌風險', '短期和中期動量均為正', 'ADX趨勢不明', '均線完美多頭排列', '價格通道強勢向上', '成交量配合良好', '動量減速', '主要指標斜率向上', '相對強度強勁', '上漲動能強勁', '波動率過高', '支撐位薄弱', '趨勢反轉初步確認', '反轉強度極強', '價格結構未反轉', '高波動風險', '適當進場時機', '放量上漲', 'RSI超買風險', 'MACD強勢多頭', '完美多頭排列', '布林通道超買區', '錘子線形態', '錘子線形態', '強勢長紅K', '錘子線形態', '上升底部結構', '爆量確認', '價漲量增完美配合', '成交量多頭排列', '多時間框架強烈看多，建議積極進場', '月線趨勢良好，適合中長期持有', '週線支持上漲，中期看好', '日線短期強勢，進場時機良好', '多時間框架高度一致', '成交量確認']",87.08040752777478,71.52110897560584,2.2797794755056593,361.7709981282552,55,不建議進場,不建議進場,23.939999999999998,低,,,,,,59.28584739556918,,,,,,,,,,,,,,,無多頭訊號,0.0
BE,Bloom Energy Corporation,US,151.3699951171875,140.9480010986328,"['RSI偏高', 'MACD為正', 'MACD柱狀圖為正', 'SAR翻多且趨勢向上', '價格在20日均線之上', '短期和中期動量均為正', 'ADX趨勢不明', '均線完美多頭排列', '價格通道強勢向上', '成交量配合良好', '動量減速', '相對強度強勁', '波動率過高', '支撐位薄弱', '反轉強度強勁', '反轉可信度高', '短期動能未轉折', '價格結構未反轉', '高波動風險', '進場時機不佳', 'MACD強勢多頭', '均線黃金交叉', '強勢長紅K', '上升底部結構', '多時間框架強烈看多，建議積極進場', '月線趨勢良好，適合中長期持有', '週線支持上漲，中期看好', '日線短期強勢，進場時機良好', '多時間框架高度一致']",60.52054702999237,13.158731813393956,0.8965337869660267,120.02100016276042,55,不建議進場,不建議進場,44.400000000000006,中等,,,,,,26.119591498083444,,,,,,,,,,,,,,,無多頭訊號,0.0
ARM,Arm Holdings plc,US,105.36000061035156,104.11000061035156,"['RSI從超賣區反轉', 'MACD柱狀圖為正', 'SAR翻多且趨勢向上', '成交量萎縮', '接近布林通道下軌', 'ADX趨勢不明', '均線排列不佳', '動量減速', '指標斜率向下', '相對強度為負', '上漲動能不足', '反轉強度不足', '短期動能未轉折', '價格結構未反轉', '良好進場時機', '接近近期低點', '動量加速向上', '測試關鍵支撐位', 'MACD強勢多頭', '價格低於關鍵均線', '布林通道超賣區', '錘子線形態', '接近關鍵支撐位', '底部抬升', '成交量萎縮', '多時間框架偏空，建議觀望', '月線趨勢不佳，避免長期持有', '週線壓力較大，中期謹慎', '日線短期弱勢，等待更好時機', '多時間框架高度一致', '接近抄底價位']",40.85348105641218,-3.0297994021334773,0.748415615775748,102.70808010966081,70,不建議進場,不建議進場,30.0,低,,,,,,2.5819979283609524,,,,,,,,,,,,,,,無多頭訊號,0.0
ET,Energy Transfer LP,US,18.450000762939453,17.979999542236328,"['RSI超買風險', 'MACD為正', 'MACD柱狀圖為正', 'SAR翻多且趨勢向上', 'OBV突破均線', '價格在20日均線之上', '價格在5日均線之上', '接近布林通道上軌風險', '短期和中期動量均為正', 'ADX趨勢不明', '均線完美多頭排列', '價格通道向上', '成交量配合不佳', '動量減速', '相對強度強勁', '上漲動能良好', '趨勢反轉初步確認', '反轉強度強勁', '短期動能未轉折', '價格結構反轉', '適當進場時機', '測試關鍵支撐位', '錘子線形態', 'RSI超買風險', 'MACD強勢多頭', '完美多頭排列', '布林通道超買區', '錘子線形態', '強勢長紅K', '錘子線形態', '靠近支撐位', '上升底部結構', '接近突破阻力', '多時間框架強烈看多，建議積極進場', '月線趨勢良好，適合中長期持有', '週線支持上漲，中期看好', '日線短期強勢，進場時機良好', '多時間框架高度一致']",82.8194136122487,0.46316636267449596,0.8546668444960498,17.079999923706055,55,不建議進場,不建議進場,20.79,低,,,,,,8.021082232745893,,,,,,,,,,,,,,,無多頭訊號,0.0
QBTS,D-Wave Quantum Inc.,US,21.219999313354492,29.91787039697523,"['RSI嚴重超賣', '成交量萎縮', '接近布林通道下軌', '短期和中期動量均為負', 'ADX趨勢不明', '均線排列不佳', '價格通道向下', '動量強勁加速', '相對強度為負', '波動率過高', '反轉強度不足', '反轉可信度低', '短期動能未轉折', '價格結構未反轉', '高波動風險', '動量加速向上', '價格低於關鍵均線', '布林通道超賣區', '錘子線形態', '成交量萎縮', '多時間框架偏空，建議觀望', '月線趨勢良好，適合中長期持有', '週線壓力較大，中期謹慎', '日線短期弱勢，等待更好時機']",29.00669664261268,-1.0890449330309977,0.7976911263702318,18.545000076293945,70,不建議進場,不建議進場,27.0,低,,,,,,14.424368973068896,,,,,,,,,,,,,,,無多頭訊號,0.0
EFA,iShares MSCI EAFE ETF,US,100.73999786376953,99.32241541391373,"['MACD為正', 'MACD柱狀圖為正', 'SAR翻多且趨勢向上', 'OBV突破均線', '成交量適中', '價格在20日均線之上', '接近布林通道上軌', '短期和中期動量均為正', 'ADX趨勢不明', '均線完美多頭排列', '價格通道向上', '成交量配合良好', '相對強度為正', '波動率低', '支撐位可靠', '趨勢反轉初步確認', '反轉強度強勁', '反轉可信度高', '短期動能未轉折', '價格結構完美反轉', '低波動風險', '良好進場時機', '接近近期低點', '測試關鍵支撐位', 'MACD強勢多頭', '均線黃金交叉', '錘子線形態', '錘子線形態', '接近關鍵支撐位', '接近突破阻力', '溫和放量', '成交量多頭排列', '多時間框架強烈看多，建議積極進場', '月線趨勢良好，適合中長期持有', '週線支持上漲，中期看好', '日線短期強勢，進場時機良好', '多時間框架高度一致', '接近抄底價位']",59.43302440432287,1.3939982509266713,1.3099736577237315,98.17000020345053,85,建議進場,建議進場,76.95,高,,,,,,2.617905322392647,,,,,,,,,,,,,,,無多頭訊號,0.0
FIG,"Figma, Inc.",US,25.920000076293945,32.48804308098683,"['RSI嚴重超賣', '接近布林通道下軌', '短期和中期動量均為負', 'ADX趨勢不明', '均線排列不佳', '價格通道向下', '成交量配合不佳', '動量強勁加速', '相對強度為負', '上漲動能不足', '波動率過高', '支撐位薄弱', '反轉強度不足', '短期動能未轉折', '高波動風險', '良好進場時機', '接近近期低點', '動量加速向上', '價格低於關鍵均線', '布林通道超賣區', '錘子線形態', '成交量短期放大', '多時間框架偏空，建議觀望', '月線趨勢不佳，避免長期持有', '週線壓力較大，中期謹慎', '日線短期弱勢，等待更好時機', '多時間框架高度一致', '接近抄底價位']",19.670388716772365,-2.702432518576149,1.088908265431913,25.90999984741211,70,不建議進場,不建議進場,27.0,低,,,,,,0.038596020612615946,,,,,,,,,,,,,,,無多頭訊號,0.0
RGTI,"Rigetti Computing, Inc.",US,18.170000076293945,25.99521532595068,"['RSI嚴重超賣', '接近布林通道下軌', '短期和中期動量均為負', 'ADX趨勢不明', '均線排列不佳', '價格通道向下', '成交量配合不佳', '動量強勁加速', '指標斜率向下', '相對強度為負', '上漲動能不足', '波動率過高', '支撐位薄弱', '反轉強度不足', '短期動能未轉折', '價格結構未反轉', '高波動風險', '動量加速向上', '價格低於關鍵均線', '布林通道超賣區', '錘子線形態', '成交量短期放大', '多時間框架偏空，建議觀望', '月線趨勢良好，適合中長期持有', '週線壓力較大，中期謹慎', '日線短期弱勢，等待更好時機', '接近抄底價位']",29.77146450693678,-1.2845778408622195,1.0188631419869714,17.625,70,不建議進場,不建議進場,21.0,低,,,,,,3.0921990144337324,,,,,,,,,,,,,,,無多頭訊號,0.0
CLSK,"CleanSpark, Inc.",US,11.84000015258789,11.461273669297867,"['MACD為正', 'SAR翻多且趨勢向上', 'OBV突破均線', '成交量萎縮', '接近布林通道下軌', '短期和中期動量均為負', 'ADX趨勢不明', '價格通道向上', '動量減速', '指標斜率向下', '相對強度為正', '波動率過高', '反轉強度不足', '短期動能未轉折', '高波動風險', '動量加速向上', '均線黃金交叉', '布林通道理想位置', '錘子線形態', '靠近支撐位', '成交量萎縮', '多時間框架看多，建議進場', '月線趨勢良好，適合中長期持有', '日線短期強勢，進場時機良好', '多時間框架較為一致']",51.364178301095635,0.09783247358367575,0.7687589740289119,11.24389185032972,70,不建議進場,不建議進場,34.5,低,,,,,,5.301618960704349,,,,,,,,,,,,,,,無多頭訊號,0.0
CORZ,"Core Scientific, Inc.",US,17.989999771118164,20.059999465942383,"['MACD為正', 'MACD柱狀圖為正', '成交量適中', '價格在20日均線之上', '短期和中期動量均為負', 'ADX趨勢不明', '均線完美多頭排列', '價格通道向上', '成交量配合不佳', '動量減速', '指標斜率向下', '相對強度強勁', '波動率過高', '趨勢反轉初步確認', '短期動能未轉折', '價格結構未反轉', '高波動風險', '良好進場時機', '接近近期低點', '測試關鍵支撐位', 'MACD強勢多頭', '均線黃金交叉', '錘子線形態', '接近關鍵支撐位', '溫和放量', '多時間框架強烈看多，建議積極進場', '月線趨勢良好，適合中長期持有', '週線支持上漲，中期看好', '日線短期強勢，進場時機良好', '多時間框架高度一致']",56.44916628051793,0.6637679714573572,1.2065382641539948,16.960666688283286,55,不建議進場,不建議進場,45.0,中等,,,,,,6.06894234615175,,,,,,,,,,,,,,,無多頭訊號,0.0
NU,Nu Holdings Ltd.,US,17.75,16.950254168714842,"['MACD為正', 'MACD柱狀圖為正', 'SAR翻多且趨勢向上', 'OBV突破均線', '價格在20日均線之上', 'ADX趨勢不明', '均線完美多頭排列', '價格通道向上', '動量減速', '相對強度為正', '支撐位良好', '趨勢反轉初步確認', '反轉可信度極高', '短期動能未轉折', '價格結構未反轉', '良好進場時機', '接近近期低點', '測試關鍵支撐位', 'MACD強勢多頭', '均線黃金交叉', '錘子線形態', '錘子線形態', '靠近支撐位', '多時間框架強烈看多，建議積極進場', '月線趨勢良好，適合中長期持有', '週線支持上漲，中期看好', '日線短期強勢，進場時機良好', '多時間框架高度一致', '接近抄底價位']",53.46063258444459,0.4109654685704207,1.0444341854811958,17.22400007247925,55,建議進場,建議進場,66.0,高,,,,,,3.0538778756811586,,,,,,,,,,,,,,,無多頭訊號,0.0
TVTX,"Travere Therapeutics, Inc.",US,31.09000015258789,33.59582240737698,"['RSI從超賣區反轉', 'MACD柱狀圖為正', 'OBV突破均線', '成交量萎縮', '價格在5日均線之上', '短期和中期動量均為正', 'ADX趨勢不明', '均線排列不佳', '成交量配合良好', '動量減速', '所有指標斜率向上', '相對強度為負', '上漲動能良好', '波動率過高', '高波動風險', '進場時機不佳', 'RSI健康上升', 'MACD強勢多頭', '價格低於關鍵均線', '布林通道理想位置', '強勢長紅K', '錘子線形態', '強勢長紅K', '上升底部結構', '成交量萎縮', '成交量短期放大', '多時間框架強烈看多，建議積極進場', '月線趨勢良好，適合中長期持有', '日線短期強勢，進場時機良好', '多時間框架高度一致']",35.82452327120737,-1.3134780818937521,0.6379718090645388,26.780099868774414,55,不建議進場,不建議進場,49.5,中等,,,,,,16.093667704498813,,,,,,,,,,,,,,,無多頭訊號,0.0
LRCX,Lam Research Corporation,US,233.4600067138672,216.77701917926026,"['MACD為正', 'MACD柱狀圖為正', 'SAR翻多且趨勢向上', 'OBV突破均線', '成交量適中', '價格在20日均線之上', '接近布林通道上軌', '短期和中期動量均為正', 'ADX趨勢不明', '均線完美多頭排列', '價格通道強勢向上', '成交量配合良好', '相對強度強勁', '波動率過高', '支撐位薄弱', '趨勢反轉初步確認', '反轉強度強勁', '短期動能未轉折', '價格結構未反轉', '高波動風險', '進場時機不佳', 'MACD強勢多頭', '均線黃金交叉', '強勢長紅K', '錘子線形態', '上升底部結構', '溫和放量', '成交量多頭排列', '多時間框架強烈看多，建議積極進場', '月線趨勢良好，適合中長期持有', '週線支持上漲，中期看好', '日線短期強勢，進場時機良好', '多時間框架高度一致']",58.413197986805415,15.588383713216274,1.2924874659508112,202.79200032552083,55,不建議進場,不建議進場,58.050000000000004,中等,,,,,,15.122887657855442,,,,,,,,,,,,,,,無多頭訊號,0.0
WBD,"Warner Bros. Discovery, Inc.",US,27.540000915527344,29.461199989318846,"['RSI從超賣區反轉', 'MACD為正', '接近布林通道下軌', '短期和中期動量均為負', 'ADX趨勢不明', '均線排列不佳', '成交量配合不佳', '指標斜率向下', '上漲動能不足', '波動率低', '支撐位良好', '反轉強度不足', '短期動能未轉折', '價格結構未反轉', '絕佳進場時機', '接近近期低點', '動量加速向上', '測試關鍵支撐位', '十字星形態', '價格低於關鍵均線', '布林通道超賣區', '錘子線形態', '成交量短期放大', '多時間框架中性偏多，謹慎進場', '月線趨勢良好，適合中長期持有', '週線支持上漲，中期看好', '日線短期弱勢，等待更好時機', 'RSI+MACD同步']",30.54757926212568,0.05917360463506682,0.9991233409041052,24.979999542236328,55,不建議進場,不建議進場,34.5,低,,,,,,10.248204244209655,,,,,,,,,,,,,,,無多頭訊號,0.0
HL,Hecla Mining Company,US,22.520000457763672,33.79594622783661,"['MACD為正', '成交量放大', '短期和中期動量均為負', 'ADX趨勢不明', '成交量配合不佳', '動量減速', '指標斜率向下', '相對強度強勁', '上漲動能不足', '波動率過高', '趨勢反轉初步確認', '反轉強度不足', '短期動能未轉折', '價格結構未反轉', '高波動風險', '適當進場時機', '接近近期低點', '動量加速向上', '放量下跌', '均線黃金交叉', '布林通道理想位置', '明顯放量', '成交量多頭排列', '多時間框架強烈看多，建議積極進場', '月線趨勢良好，適合中長期持有', '週線支持上漲，中期看好', '日線短期強勢，進場時機良好', '多時間框架高度一致']",50.17526215302153,1.966592459233695,1.6006549791772775,19.149999618530273,55,不建議進場,不建議進場,27.0,低,,,,,,17.597915960125952,,,,,,,,,,,,,,,無多頭訊號,0.0
DVN,Devon Energy Corporation,US,40.209999084472656,36.622886680821395,"['RSI超買風險', 'MACD為正', 'MACD柱狀圖為正', 'SAR翻多且趨勢向上', 'OBV突破均線且斜率為正', '價格在20日均線之上', '價格在5日均線之上', '接近布林通道上軌風險', '短期和中期動量均為正', 'ADX趨勢不明', '均線完美多頭排列', '價格通道強勢向上', '成交量配合良好', '動量減速', '主要指標斜率向上', '相對強度強勁', '上漲動能極強', '支撐位薄弱', '趨勢反轉初步確認', '反轉強度強勁', '短期動能未轉折', '進場時機不佳', 'RSI超買風險', 'MACD強勢多頭', '完美多頭排列', '布林通道超買區', '上升底部結構', '價漲量縮警告', '成交量短期放大', '多時間框架強烈看多，建議積極進場', '月線趨勢良好，適合中長期持有', '週線支持上漲，中期看好', '日線短期強勢，進場時機良好', '多時間框架高度一致']",77.8473612419415,0.9655070376247537,1.111607350774714,37.037666702270506,70,不建議進場,不建議進場,23.939999999999998,低,,,,,,8.565151816131218,,,,,,,,,,,,,,,無多頭訊號,0.0
INFY,Infosys Limited,US,17.579999923706055,18.719999313354492,"['RSI從超賣區反轉', '成交量適中', '接近布林通道下軌', '短期和中期動量均為負', 'ADX趨勢不明', '均線排列不佳', '成交量配合不佳', '動量強勁加速', '指標斜率向下', '上漲動能不足', '支撐位良好', '反轉強度不足', '短期動能未轉折', '價格結構反轉', '良好進場時機', '接近近期低點', '測試關鍵支撐位', 'RSI健康上升', '價格低於關鍵均線', '布林通道超賣區', '接近關鍵支撐位', '溫和放量', '成交量短期放大', '多時間框架中性偏多，謹慎進場', '週線支持上漲，中期看好', '日線短期弱勢，等待更好時機', '接近抄底價位']",47.357293613163854,-0.03581635766132507,1.401126084638921,17.459999084472656,70,不建議進場,不建議進場,39.0,低,,,,,,0.6872900660121817,,,,,,,,,,,,,,,無多頭訊號,0.0
RKT,"Rocket Companies, Inc.",US,17.93000030517578,23.6704435893197,"['RSI嚴重超賣', 'MACD為正', '成交量放大', '接近布林通道下軌', '短期和中期動量均為負', 'ADX趨勢不明', '價格通道向下', '成交量配合不佳', '動量強勁加速', '指標斜率向下', '相對強度為負', '上漲動能不足', '波動率過高', '支撐位薄弱', '反轉強度不足', '反轉可信度低', '短期動能未轉折', '價格結構未反轉', '高波動風險', '進場時機不佳', '動量加速向上', '放量下跌', '價格低於關鍵均線', '布林通道超賣區', '錘子線形態', '爆量確認', '成交量多頭排列', '多時間框架中性偏多，謹慎進場', '月線趨勢良好，適合中長期持有', '日線短期弱勢，等待更好時機', 'RSI+MACD同步', '接近抄底價位']",15.463923100443509,0.048285572734496185,2.507856258515657,17.440000534057617,85,不建議進場,不建議進場,27.0,低,,,,,,2.8096316290889467,,,,,,,,,,,,,,,無多頭訊號,0.0
QCOM,QUALCOMM Incorporated,US,151.58999633789062,160.01902459345408,"['RSI嚴重超賣', 'KD低檔交叉', '接近布林通道下軌', '短期和中期動量均為負', 'ADX趨勢不明', '均線排列不佳', '成交量配合不佳', '動量強勁加速', '指標斜率向下', '相對強度為負', '波動率過高', '支撐位薄弱', '反轉強度不足', '短期動能未轉折', '價格結構未反轉', '良好進場時機', '接近近期低點', '動量加速向上', 'RSI超賣反彈', '價格低於關鍵均線', '布林通道理想位置', '錘子線形態', '錘子線形態', '接近關鍵支撐位', '底部抬升', '成交量短期放大', '多時間框架偏空，建議觀望', '週線壓力較大，中期謹慎', '日線短期弱勢，等待更好時機', '接近抄底價位']",11.084684707561749,-5.7597628460758585,1.0262682567332173,149.72999572753906,70,不建議進場,不建議進場,30.0,低,,,,,,1.2422364679260203,,,,,,,,,,,,,,,無多頭訊號,0.0
SLV,iShares Silver Trust,US,75.44000244140625,109.83000183105469,"['MACD為正', '成交量放大', '短期和中期動量均為負', 'ADX趨勢不明', '均線完美多頭排列', '價格通道強勢向上', '成交量配合不佳', '動量減速', '指標斜率向下', '相對強度強勁', '上漲動能不足', '波動率過高', '趨勢反轉初步確認', '反轉可信度低', '短期動能未轉折', '極高波動風險', '進場時機不佳', '放量下跌', '均線黃金交叉', '布林通道理想位置', '爆量確認', '成交量多頭排列', '多時間框架強烈看多，建議積極進場', '月線趨勢良好，適合中長期持有', '週線支持上漲，中期看好', '日線短期強勢，進場時機良好', '多時間框架高度一致']",52.0867465907834,8.498703480611695,3.100527413484144,69.12000274658203,55,不建議進場,不建議進場,39.0,低,,,,,,9.143517713671882,,,,,,,,,,,,,,,無多頭訊號,0.0
OKLO,Oklo Inc.,US,79.62000274658203,113.69083227408726,"['RSI嚴重超賣', '成交量萎縮', '接近布林通道下軌', '短期和中期動量均為負', 'ADX趨勢不明', '均線排列不佳', '價格通道向上', '成交量配合不佳', '動量強勁加速', '指標斜率向下', '相對強度為正', '波動率過高', '反轉強度不足', '反轉可信度低', '短期動能未轉折', '價格結構未反轉', '高波動風險', '適當進場時機', '接近近期低點', '價格低於關鍵均線', '布林通道超賣區', '強勢長紅K', '成交量萎縮', '多時間框架中性偏多，謹慎進場', '月線趨勢良好，適合中長期持有', '週線壓力較大，中期謹慎', '日線短期弱勢，等待更好時機', '接近抄底價位']",28.17332584697624,-1.3738245956013913,0.7498587956891803,77.24865497569573,55,不建議進場,不建議進場,30.0,低,,,,,,3.069759300834927,,,,,,,,,,,,,,,無多頭訊號,0.0
RIVN,"Rivian Automotive, Inc.",US,14.75,16.66925433462082,"['RSI嚴重超賣', 'KD低檔交叉', '接近布林通道下軌', '短期和中期動量均為負', 'ADX趨勢不明', '均線排列不佳', '價格通道向下', '成交量配合不佳', '動量強勁加速', '指標斜率向下', '相對強度為負', '波動率過高', '支撐位薄弱', '反轉強度不足', '短期動能未轉折', '價格結構未反轉', '高波動風險', '良好進場時機', '接近近期低點', '動量加速向上', 'RSI超賣反彈', '價格低於關鍵均線', '布林通道超賣區', '錘子線形態', '成交量短期放大', '多時間框架中性偏多，謹慎進場', '月線趨勢良好，適合中長期持有', '日線短期弱勢，等待更好時機', '接近抄底價位']",6.090364888285151,-0.963615624450771,0.8666766871058518,14.5,55,不建議進場,不建議進場,27.0,低,,,,,,1.7241379310344827,,,,,,,,,,,,,,,無多頭訊號,0.0
KRE,State Street SPDR S&P Regional Banking ETF,US,68.80999755859375,67.6500015258789,"['MACD為正', 'SAR翻多且趨勢向上', '價格在20日均線之上', '價格在5日均線之上', '接近布林通道上軌', '短期和中期動量均為正', 'ADX趨勢不明', '成交量配合不佳', '動量加速', '相對強度強勁', '波動率低', '支撐位良好', '趨勢反轉初步確認', '價格結構完美反轉', '適當進場時機', '測試關鍵支撐位', '十字星形態', 'RSI健康上升', '完美多頭排列', '錘子線形態', '錘子線形態', '接近關鍵支撐位', '上升底部結構', '成交量短期放大', '多時間框架強烈看多，建議積極進場', '月線趨勢良好，適合中長期持有', '週線支持上漲，中期看好', '日線短期強勢，進場時機良好', '多時間框架高度一致', '接近抄底價位']",55.23207199355073,0.8256166839783248,0.8777033629851808,67.5199966430664,70,建議進場,建議進場,62.099999999999994,高,,,,,,1.91054647461955,,,,,,,,,,,,,,,無多頭訊號,0.0
APLD,Applied Digital Corporation,US,33.880001068115234,42.27000045776367,"['RSI從超賣區反轉', 'MACD為正', '成交量萎縮', '短期和中期動量均為負', 'ADX趨勢不明', '均線完美多頭排列', '價格通道強勢向上', '動量減速', '指標斜率向下', '相對強度強勁', '上漲動能不足', '波動率過高', '反轉強度不足', '反轉可信度低', '短期動能未轉折', '高波動風險', '適當進場時機', '接近近期低點', '均線黃金交叉', '布林通道理想位置', '強勢長紅K', '接近關鍵支撐位', '成交量萎縮', '多時間框架強烈看多，建議積極進場', '月線趨勢良好，適合中長期持有', '週線支持上漲，中期看好', '日線短期強勢，進場時機良好', '多時間框架高度一致', 'RSI+MACD同步']",42.537311308365375,2.327615587474355,0.7349061018710721,31.82766672770182,70,不建議進場,不建議進場,36.0,低,,,,,,6.448271429922711,,,,,,,,,,,,,,,無多頭訊號,0.0
OXY,Occidental Petroleum Corporation,US,45.38999938964844,42.30609531860352,"['RSI偏高', 'MACD為正', 'MACD柱狀圖為正', 'SAR翻多且趨勢向上', 'OBV突破均線', '價格在20日均線之上', '價格在5日均線之上', '接近布林通道上軌風險', '短期和中期動量均為正', 'ADX趨勢不明', '均線完美多頭排列', '價格通道強勢向上', '成交量配合良好', '動量減速', '所有指標斜率向上', '相對強度強勁', '上漲動能良好', '趨勢反轉初步確認', '反轉強度強勁', '短期動能未轉折', '適當進場時機', '錘子線形態', 'MACD強勢多頭', '完美多頭排列', '布林通道超買區', '錘子線形態', '錘子線形態', '靠近支撐位', '上升底部結構', '多時間框架強烈看多，建議積極進場', '週線支持上漲，中期看好', '日線短期強勢，進場時機良好', '多時間框架較為一致']",65.59804777458343,0.9799671850129883,0.9527860237558934,42.298333231608076,55,不建議進場,不建議進場,36.12,低,,,,,,7.309191454688495,,,,,,,,,,,,,,,無多頭訊號,0.0
EWZ,iShares MSCI Brazil ETF,US,37.040000915527344,36.035476485261356,"['RSI超買風險', 'MACD為正', 'MACD柱狀圖為正', 'SAR翻多且趨勢向上', 'OBV突破均線', '成交量放大', '價格在20日均線之上', '接近布林通道上軌', '短期和中期動量均為正', 'ADX趨勢不明', '均線完美多頭排列', '價格通道強勢向上', '成交量配合良好', '動量減速', '相對強度強勁', '波動率過高', '趨勢反轉初步確認', '反轉強度強勁', '短期動能未轉折', '價格結構未反轉', '適當進場時機', '接近近期低點', '放量下跌', '測試關鍵支撐位', 'RSI超買風險', 'MACD強勢多頭', '均線黃金交叉', '錘子線形態', '上升底部結構', '明顯放量', '成交量多頭排列', '多時間框架強烈看多，建議積極進場', '月線趨勢良好，適合中長期持有', '週線支持上漲，中期看好', '日線短期強勢，進場時機良好', '多時間框架高度一致']",75.51279511914805,1.5082423182777376,1.727175425350818,33.491145833333334,55,不建議進場,不建議進場,27.54,低,,,,,,10.596397925155122,,,,,,,,,,,,,,,無多頭訊號,0.0
CRM,"Salesforce, Inc.",US,212.2899932861328,232.6553510883587,"['RSI嚴重超賣', '接近布林通道下軌', '短期和中期動量均為負', 'ADX趨勢不明', '均線排列不佳', '價格通道向下', '成交量配合不佳', '動量強勁加速', '指標斜率向下', '相對強度為負', '波動率過高', '反轉強度不足', '短期動能未轉折', '價格結構未反轉', '適當進場時機', '接近近期低點', '價格低於關鍵均線', '布林通道超賣區', '錘子線形態', '接近關鍵支撐位', '底部抬升', '成交量多頭排列', '多時間框架偏空，建議觀望', '月線趨勢不佳，避免長期持有', '週線壓力較大，中期謹慎', '日線短期弱勢，等待更好時機', '多時間框架高度一致', '接近抄底價位']",14.113547600020496,-9.618635096501407,1.151822885682771,208.77999877929688,85,不建議進場,不建議進場,27.0,低,,,,,,1.6811928955639006,,,,,,,,,,,,,,,無多頭訊號,0.0
RBLX,Roblox Corporation,US,65.76000213623047,85.38474436501778,"['RSI從超賣區反轉', '成交量放大', '接近布林通道下軌', '短期和中期動量均為負', 'ADX趨勢不明', '均線排列不佳', '價格通道向下', '成交量配合不佳', '動量強勁加速', '指標斜率向下', '相對強度為負', '波動率過高', '反轉強度不足', '反轉可信度低', '短期動能未轉折', '價格結構未反轉', '極高波動風險', '適當進場時機', '接近近期低點', '放量下跌', '測試關鍵支撐位', '價格低於關鍵均線', '布林通道超賣區', '錘子線形態', '錘子線形態', '爆量確認', '成交量多頭排列', '多時間框架偏空，建議觀望', '週線壓力較大，中期謹慎', '日線短期弱勢，等待更好時機', '接近抄底價位']",41.936876394981404,-3.6931215169539797,2.204202154825386,64.54000091552734,70,不建議進場,不建議進場,24.0,低,,,,,,1.890302453357436,,,,,,,,,,,,,,,無多頭訊號,0.0
TSM,Taiwan Semiconductor Manufacturing Company Limited,US,330.55999755859375,345.5,"['MACD為正', '成交量萎縮', '價格在20日均線之上', '短期和中期動量均為負', 'ADX趨勢不明', '均線完美多頭排列', '價格通道強勢向上', '動量加速', '指標斜率向下', '相對強度為正', '支撐位良好', '短期動能未轉折', '價格結構未反轉', '良好進場時機', '接近近期低點', '測試關鍵支撐位', '均線黃金交叉', '錘子線形態', '錘子線形態', '錘子線形態', '接近關鍵支撐位', '底部抬升', '成交量萎縮', '成交量短期放大', '多時間框架強烈看多，建議積極進場', '月線趨勢良好，適合中長期持有', '週線支持上漲，中期看好', '日線短期強勢，進場時機良好', '多時間框架高度一致', '接近抄底價位']",54.52290432114011,8.534406557955265,0.7858849509881405,318.3189971923828,70,不建議進場,不建議進場,46.5,中等,,,,,,3.8455136118730664,,,,,,,,,,,,,,,無多頭訊號,0.0
V,Visa Inc.,US,321.8299865722656,337.7315439072571,"['RSI嚴重超賣', 'OBV突破均線', '成交量適中', '接近布林通道下軌', '短期和中期動量均為負', 'ADX趨勢不明', '成交量配合不佳', '動量加速', '所有指標斜率向上', '相對強度為負', '支撐位良好', '短期動能未轉折', '價格結構未反轉', '適當進場時機', '接近近期低點', '價格低於關鍵均線', '布林通道理想位置', '錘子線形態', '錘子線形態', '錘子線形態', '接近關鍵支撐位', '溫和放量', '成交量多頭排列', '多時間框架偏空，建議觀望', '週線壓力較大，中期謹慎', '日線短期弱勢，等待更好時機', '接近抄底價位']",22.863203022833687,-4.900798099304666,1.3123337429870967,321.55999755859375,85,不建議進場,不建議進場,48.0,中等,,,,,,0.08396225143728532,,,,,,,,,,,,,,,無多頭訊號,0.0
TTD,"The Trade Desk, Inc.",US,30.329999923706055,35.40839683651258,"['RSI嚴重超賣', '成交量適中', '接近布林通道下軌', '短期和中期動量均為負', 'ADX趨勢不明', '均線排列不佳', '價格通道向下', '成交量配合不佳', '相對強度為負', '上漲動能不足', '波動率過高', '反轉強度不足', '短期動能未轉折', '價格結構未反轉', '高波動風險', '良好進場時機', '接近近期低點', '動量加速向上', '測試關鍵支撐位', '價格低於關鍵均線', '布林通道超賣區', '溫和放量', '多時間框架偏空，建議觀望', '月線趨勢不佳，避免長期持有', '週線壓力較大，中期謹慎', '日線短期弱勢，等待更好時機', '多時間框架高度一致', '接近抄底價位']",22.769934378515174,-1.8267111221217647,1.2079849995351435,30.312685047014018,85,不建議進場,不建議進場,25.5,低,,,,,,0.05712089399267069,,,,,,,,,,,,,,,無多頭訊號,0.0
RIOT,"Riot Platforms, Inc.",US,15.470000267028809,19.197377818123343,"['MACD為正', '短期和中期動量均為負', 'ADX趨勢不明', '價格通道向上', '動量減速', '指標斜率向下', '相對強度強勁', '上漲動能不足', '波動率過高', '反轉強度不足', '短期動能未轉折', '價格結構未反轉', '高波動風險', '適當進場時機', '接近近期低點', '均線黃金交叉', '布林通道理想位置', '強勢長紅K', '錘子線形態', '錘子線形態', '靠近支撐位', '成交量短期放大', '多時間框架中性偏多，謹慎進場', '月線趨勢良好，適合中長期持有', '週線壓力較大，中期謹慎', '日線短期強勢，進場時機良好']",50.61425295551168,0.498959576725003,0.9608971432015929,14.15999984741211,70,不建議進場,不建議進場,25.5,低,,,,,,9.251415492466377,,,,,,,,,,,,,,,無多頭訊號,0.0
HIMS,"Hims & Hers Health, Inc.",US,27.09000015258789,33.277256573579905,"['RSI從超賣區反轉', '成交量適中', '接近布林通道下軌', '短期和中期動量均為負', 'ADX趨勢不明', '均線排列不佳', '成交量配合不佳', '動量強勁加速', '相對強度為負', '波動率過高', '反轉強度不足', '短期動能未轉折', '價格結構反轉', '高波動風險', '良好進場時機', '接近近期低點', '測試關鍵支撐位', '價格低於關鍵均線', '布林通道超賣區', '溫和放量', '成交量多頭排列', '多時間框架偏空，建議觀望', '週線壓力較大，中期謹慎', '日線短期弱勢，等待更好時機', '接近抄底價位']",32.54931862948196,-1.7857434469444549,1.2846828717188299,26.8700008392334,70,不建議進場,不建議進場,37.5,低,,,,,,0.8187543970347296,,,,,,,,,,,,,,,無多頭訊號,0.0
AAL,American Airlines Group Inc.,US,13.300000190734863,15.624875623944604,"['RSI嚴重超賣', '成交量萎縮', '接近布林通道下軌', '短期和中期動量均為負', 'ADX趨勢不明', '均線排列不佳', '價格通道向下', '成交量配合不佳', '動量強勁加速', '指標斜率向下', '相對強度為負', '上漲動能不足', '波動率過高', '反轉強度不足', '反轉可信度低', '短期動能未轉折', '價格結構未反轉', '高波動風險', '良好進場時機', '接近近期低點', '動量加速向上', '測試關鍵支撐位', '價格低於關鍵均線', '布林通道超賣區', '接近關鍵支撐位', '底部抬升', '成交量萎縮', '多時間框架中性偏多，謹慎進場', '月線趨勢良好，適合中長期持有', '日線短期弱勢，等待更好時機', '接近抄底價位']",21.44374141617193,-0.40188519171300996,0.7897179685370435,13.197973916656641,100,不建議進場,不建議進場,18.0,極低,,,,,,0.773044974346089,,,,,,,,,,,,,,,無多頭訊號,0.0
DAL,"Delta Air Lines, Inc.",US,65.88999938964844,69.64021349733888,"['RSI從超賣區反轉', '接近布林通道下軌', '短期和中期動量均為負', 'ADX趨勢不明', '均線排列不佳', '成交量配合不佳', '動量強勁加速', '指標斜率向下', '上漲動能不足', '反轉強度不足', '短期動能未轉折', '價格結構未反轉', '測試關鍵支撐位', '價格低於關鍵均線', '布林通道超賣區', '錘子線形態', '錘子線形態', '接近關鍵支撐位', '底部抬升', '多時間框架中性偏多，謹慎進場', '月線趨勢良好，適合中長期持有', '週線支持上漲，中期看好', '日線短期弱勢，等待更好時機', '接近抄底價位']",30.568999883619327,-0.5859921253850757,0.8134674983876929,64.80041588807089,55,不建議進場,不建議進場,30.0,低,,,,,,1.6814452293941708,,,,,,,,,,,,,,,無多頭訊號,0.0
NVO,Novo Nordisk A/S,US,59.43000030517578,63.938530000495916,"['MACD為正', '成交量萎縮', '價格在20日均線之上', 'ADX趨勢不明', '價格通道向上', '動量減速', '指標斜率向下', '相對強度強勁', '上漲動能不足', '反轉強度不足', '反轉可信度低', '短期動能未轉折', '價格結構未反轉', '高波動風險', '良好進場時機', '接近近期低點', '短期動量轉正', '測試關鍵支撐位', '均線黃金交叉', '強勢長紅K', '錘子線形態', '錘子線形態', '靠近支撐位', '成交量萎縮', '價漲量縮警告', '多時間框架看多，建議進場', '週線支持上漲，中期看好', '日線短期強勢，進場時機良好', '多時間框架較為一致']",51.44724293760156,2.367658061775167,0.5377829841889865,56.21666692097982,55,不建議進場,不建議進場,28.5,低,,,,,,5.715979904523227,,,,,,,,,,,,,,,無多頭訊號,0.0
MO,"Altria Group, Inc.",US,61.9900016784668,64.22000122070312,"['RSI偏高', 'MACD為正', 'MACD柱狀圖為正', '價格在20日均線之上', '短期和中期動量均為正', 'ADX趨勢不明', '均線完美多頭排列', '價格通道向上', '成交量配合良好', '指標斜率向下', '相對強度強勁', '上漲動能不足', '支撐位良好', '趨勢反轉初步確認', '反轉可信度高', '短期動能未轉折', '價格結構未反轉', '適當進場時機', '短期動量轉正', 'MACD強勢多頭', '均線黃金交叉', '強勢長紅K', '強勢長紅K', '靠近支撐位', '底部抬升', '價漲量縮警告', '多時間框架強烈看多，建議積極進場', '月線趨勢良好，適合中長期持有', '週線支持上漲，中期看好', '日線短期強勢，進場時機良好', '多時間框架高度一致', '接近抄底價位']",66.34898039374714,1.2251483487003654,1.1560340429023674,59.11247189839681,55,不建議進場,不建議進場,44.400000000000006,中等,,,,,,4.8678894447451215,,,,,,,,,,,,,,,無多頭訊號,0.0
CRCL,Circle Internet Group,US,63.93000030517578,78.1770990090118,"['RSI嚴重超賣', '成交量放大', '接近布林通道下軌', '短期和中期動量均為負', 'ADX趨勢不明', '均線排列不佳', '價格通道向下', '成交量配合不佳', '動量強勁加速', '指標斜率向下', '相對強度為負', '波動率過高', '反轉強度不足', '短期動能未轉折', '價格結構未反轉', '高波動風險', '動量加速向上', '放量下跌', '測試關鍵支撐位', '價格低於關鍵均線', '布林通道超賣區', '錘子線形態', '錘子線形態', '明顯放量', '成交量多頭排列', '多時間框架偏空，建議觀望', '月線趨勢不佳，避免長期持有', '週線壓力較大，中期謹慎', '日線短期弱勢，等待更好時機', '多時間框架高度一致', '接近抄底價位']",20.86021591067305,-4.176776128488584,1.5463283170578022,63.59500673839649,85,不建議進場,不建議進場,30.0,低,,,,,,0.5267608008240551,,,,,,,,,,,,,,,無多頭訊號,0.0
PBR,Petróleo Brasileiro S.A. - Petrobras,US,15.34000015258789,14.176578733747748,"['RSI超買風險', 'MACD為正', 'MACD柱狀圖為正', 'SAR翻多且趨勢向上', 'OBV突破均線', '成交量適中', '價格在20日均線之上', '價格在5日均線之上', '接近布林通道上軌風險', '短期和中期動量均為正', 'ADX趨勢不明', '均線完美多頭排列', '價格通道強勢向上', '成交量配合良好', '動量減速', '相對強度強勁', '波動率過高', '支撐位薄弱', '趨勢反轉初步確認', '反轉強度強勁', '短期動能未轉折', '價格結構未反轉', '進場時機不佳', 'RSI超買風險', 'MACD強勢多頭', '完美多頭排列', '布林通道超買區', '強勢長紅K', '上升底部結構', '溫和放量', '成交量多頭排列', '多時間框架強烈看多，建議積極進場', '月線趨勢良好，適合中長期持有', '週線支持上漲，中期看好', '日線短期強勢，進場時機良好', '多時間框架高度一致']",93.90861334596508,0.8545064609385307,1.3604941972274538,12.668000062306723,70,不建議進場,不建議進場,18.269999999999996,極低,,,,,,21.09251718613129,,,,,,,,,,,,,,,無多頭訊號,0.0
RKLB,Rocket Lab Corporation,US,80.06999969482422,98.43195814468861,"['RSI從超賣區反轉', 'MACD為正', '接近布林通道下軌', '短期和中期動量均為負', 'ADX趨勢不明', '動量加速', '指標斜率向下', '相對強度強勁', '上漲動能不足', '波動率過高', '反轉強度不足', '短期動能未轉折', '價格結構未反轉', '高波動風險', '動量加速向上', '價格低於關鍵均線', '布林通道超賣區', '強勢長紅K', '接近關鍵支撐位', '成交量短期放大', '多時間框架中性偏多，謹慎進場', '月線趨勢良好，適合中長期持有', '週線支持上漲，中期看好', '日線短期弱勢，等待更好時機', 'RSI+MACD同步', '接近抄底價位']",45.28971397141368,4.345780872690753,0.8504730098102609,76.42574305999204,55,不建議進場,不建議進場,37.5,低,,,,,,4.768362712511067,,,,,,,,,,,,,,,無多頭訊號,0.0
SNOW,Snowflake Inc.,US,192.6999969482422,223.0500030517578,"['RSI嚴重超賣', '成交量適中', '接近布林通道下軌', '短期和中期動量均為負', 'ADX趨勢不明', '均線排列不佳', '價格通道向下', '成交量配合不佳', '相對強度為負', '上漲動能不足', '反轉強度不足', '短期動能未轉折', '價格結構反轉', '高波動風險', '良好進場時機', '接近近期低點', '測試關鍵支撐位', '價格低於關鍵均線', '布林通道超賣區', '錘子線形態', '錘子線形態', '溫和放量', '成交量多頭排列', '多時間框架偏空，建議觀望', '月線趨勢良好，適合中長期持有', '週線壓力較大，中期謹慎', '日線短期弱勢，等待更好時機', '接近抄底價位']",27.88671007251442,-6.54178370211676,1.2790420866918664,191.80999755859375,85,不建議進場,不建議進場,34.5,低,,,,,,0.46400052185838864,,,,,,,,,,,,,,,無多頭訊號,0.0
UNH,UnitedHealth Group Incorporated,US,286.92999267578125,354.4358758518257,"['RSI嚴重超賣', '接近布林通道下軌', '短期和中期動量均為負', 'ADX趨勢不明', '均線排列不佳', '價格通道向下', '成交量配合不佳', '動量減速', '相對強度為負', '上漲動能不足', '波動率過高', '反轉強度不足', '價格結構未反轉', '極高波動風險', '測試關鍵支撐位', '價格低於關鍵均線', '布林通道超賣區', '強勢長紅K', '靠近支撐位', '多時間框架偏空，建議觀望', '月線趨勢不佳，避免長期持有', '週線壓力較大，中期謹慎', '日線短期弱勢，等待更好時機', '多時間框架高度一致', '接近抄底價位']",29.658413377679537,-8.608277477880108,1.0321359579368632,285.7381437467136,100,不建議進場,不建議進場,24.0,低,,,,,,0.4171122949983656,,,,,,,,,,,,,,,無多頭訊號,0.0
JD,"JD.com, Inc.",US,28.479999542236328,30.05081212821343,"['RSI從超賣區反轉', '接近布林通道下軌', '短期和中期動量均為負', 'ADX趨勢不明', '均線排列不佳', '成交量配合不佳', '指標斜率向下', '上漲動能不足', '波動率低', '支撐位良好', '反轉強度不足', '短期動能未轉折', '價格結構反轉', '良好進場時機', '接近近期低點', '動量加速向上', '測試關鍵支撐位', '價格低於關鍵均線', '布林通道超賣區', '錘子線形態', '接近關鍵支撐位', '成交量短期放大', '多時間框架偏空，建議觀望', '月線趨勢不佳，避免長期持有', '週線壓力較大，中期謹慎', '日線短期弱勢，等待更好時機', '多時間框架高度一致', '接近抄底價位']",42.83603282780616,-0.11011711213604514,0.9181453753005315,28.370130735359517,100,不建議進場,不建議進場,37.5,低,,,,,,0.3872693005953429,,,,,,,,,,,,,,,無多頭訊號,0.0
ASTS,"AST SpaceMobile, Inc.",US,111.20999908447266,106.11174705505371,"['MACD為正', 'MACD柱狀圖為正', 'SAR翻多且趨勢向上', 'OBV突破均線', '價格在20日均線之上', 'ADX趨勢不明', '均線完美多頭排列', '價格通道強勢向上', '成交量配合不佳', '動量減速', '相對強度強勁', '波動率過高', '趨勢反轉初步確認', '反轉可信度高', '短期動能未轉折', '高波動風險', '進場時機不佳', 'MACD強勢多頭', '均線黃金交叉', '錘子線形態', '上升底部結構', '成交量短期放大', '多時間框架強烈看多，建議積極進場', '月線趨勢良好，適合中長期持有', '週線支持上漲，中期看好', '日線短期強勢，進場時機良好', '多時間框架高度一致', '接近抄底價位']",57.174651294357275,10.028388270126925,1.0955130644210385,106.30000305175781,55,不建議進場,不建議進場,61.5,高,,,,,,4.618998957435731,,,,,,,,,,,,,,,無多頭訊號,0.0
OCUL,"Ocular Therapeutix, Inc.",US,9.140000343322754,12.812563983083628,"['RSI從超賣區反轉', '成交量適中', '接近布林通道下軌', '短期和中期動量均為負', 'ADX趨勢不明', '均線排列不佳', '價格通道向下', '成交量配合不佳', '動量強勁加速', '指標斜率向下', '相對強度為負', '上漲動能不足', '波動率過高', '支撐位薄弱', '反轉強度不足', '短期動能未轉折', '價格結構未反轉', '高波動風險', '適當進場時機', '接近近期低點', '價格低於關鍵均線', '布林通道超賣區', '強勢長紅K', '錘子線形態', '溫和放量', '成交量短期放大', '多時間框架偏空，建議觀望', '月線趨勢良好，適合中長期持有', '週線壓力較大，中期謹慎', '日線短期弱勢，等待更好時機', '接近抄底價位']",30.442795435522342,-0.6099226929649557,1.3610087271621083,9.020000457763672,55,不建議進場,不建議進場,19.5,極低,,,,,,1.330375603870353,,,,,,,,,,,,,,,無多頭訊號,0.0
NVDA,NVIDIA Corporation,US,191.1300048828125,178.52780852050782,"['MACD為正', 'MACD柱狀圖為正', 'SAR翻多且趨勢向上', 'OBV突破均線', '價格在20日均線之上', '價格在5日均線之上', '接近布林通道上軌風險', '短期和中期動量均為正', 'ADX趨勢不明', '均線完美多頭排列', '價格通道向上', '成交量配合良好', '所有指標斜率向上', '相對強度為正', '上漲動能良好', '波動率低', '趨勢反轉確認', '反轉強度強勁', '反轉可信度高', '短期動能未轉折', '價格結構反轉', '良好進場時機', '上升底部結構', '測試關鍵支撐位', '十字星形態', 'MACD強勢多頭', '完美多頭排列', '布林通道超買區', '錘子線形態', '錘子線形態', '錘子線形態', '靠近支撐位', '上升底部結構', '接近突破阻力', '成交量短期放大', '多時間框架強烈看多，建議積極進場', '月線趨勢良好，適合中長期持有', '週線支持上漲，中期看好', '日線短期強勢，進場時機良好', '多時間框架高度一致', '多重多頭訊號確認', '接近抄底價位']",59.0267931950917,1.4292614242425827,1.0872084615861342,185.8270009358724,70,謹慎觀望,謹慎觀望,57.75,中等,0.0,2026-01-30,191.1300048828125,"['均線多頭排列', '價格通道向上', '指標斜率向上', '相對強度為正', '上漲動能延續', '趨勢反轉確認', '價格結構反轉']",2026-01-30,2.8537316537601143,0.0,65.0,65.0,70.0,20.0,70.0,166.5,161.5,2026-03-04,12.89,24.2,,,False,,
KWEB,KraneShares CSI China Internet ETF,US,35.380001068115234,36.73654734394054,"['RSI從超賣區反轉', 'MACD為正', 'OBV突破均線', '接近布林通道下軌', '短期和中期動量均為負', 'ADX趨勢不明', '價格通道向上', '成交量配合不佳', '動量加速', '指標斜率向下', '波動率低', '支撐位可靠', '反轉可信度高', '短期動能未轉折', '價格結構反轉', '良好進場時機', '接近近期低點', '測試關鍵支撐位', '價格低於關鍵均線', '布林通道理想位置', '錘子線形態', '接近關鍵支撐位', '成交量短期放大', '多時間框架中性偏多，謹慎進場', '月線趨勢良好，適合中長期持有', '週線壓力較大，中期謹慎', '日線短期弱勢，等待更好時機', '多重多頭訊號確認', 'RSI+MACD同步', '接近抄底價位']",46.74384390103869,0.12799102840464371,1.0113555576365485,34.84021656001044,85,謹慎觀望,謹慎觀望,58.5,中等,1.0,2026-01-29,36.290000915527344,"['價格通道向上', '動量加速', '指標斜率向上', '反轉可信度高', '價格結構反轉']",2026-01-30,1.5493144457786143,-2.5075773614068693,40.0,35.0,75.0,0.0,55.0,32.0,27.0,2026-03-04,9.55,3.26,,,False,,
JPM,JPMorgan Chase & Co.,US,305.8900146484375,296.510009765625,"['RSI嚴重超賣', 'SAR翻多', '價格在5日均線之上', 'ADX趨勢不明', '均線排列不佳', '成交量配合良好', '動量強勁加速', '所有指標斜率向上', '相對強度為負', '上漲動能良好', '支撐位良好', '反轉可信度高', '價格結構反轉', '進場時機不佳', 'RSI超賣反彈', '價格低於關鍵均線', '布林通道理想位置', '強勢長紅K', '錘子線形態', '錘子線形態', '強勢長紅K', '錘子線形態', '接近關鍵支撐位', '上升底部結構', '成交量短期放大', '多時間框架看多，建議進場', '月線趨勢良好，適合中長期持有', '多時間框架較為一致', '多重多頭訊號確認', '接近抄底價位']",28.63955710934843,-4.150408609966917,0.9817469845620915,296.510009765625,85,謹慎觀望,謹慎觀望,66.0,高,0.0,2026-01-30,305.8900146484375,"['動量加速', '指標斜率向上', '上漲動能延續', '反轉可信度高', '價格結構反轉']",2026-01-30,3.163469891025562,0.0,40.0,40.0,75.0,50.0,70.0,283.0,278.0,2026-03-04,7.48,22.42,,,False,,
AVGO,Broadcom Inc.,US,331.29998779296875,352.17701704251925,"['RSI從超賣區反轉', 'MACD柱狀圖為正', 'OBV突破均線且斜率為正', '價格在5日均線之上', 'ADX趨勢不明', '均線排列不佳', '成交量配合不佳', '動量強勁加速', '上漲動能強勁', '支撐位良好', '反轉可信度高', '價格結構反轉', '高波動風險', '良好進場時機', '短期動量轉正', 'MACD柱狀圖轉正', '測試關鍵支撐位', 'MACD強勢多頭', '價格低於關鍵均線', '布林通道理想位置', '錘子線形態', '錘子線形態', '接近關鍵支撐位', '上升底部結構', '價漲量增良好配合', '成交量短期放大', '多時間框架中性偏多，謹慎進場', '月線趨勢良好，適合中長期持有', '週線壓力較大，中期謹慎', '日線短期強勢，進場時機良好', '多重多頭訊號確認', '接近抄底價位']",41.87371853040859,-6.4213151106947635,1.099058814890419,320.80617864389535,85,謹慎觀望,謹慎觀望,64.5,高,0.0,2026-01-30,331.29998779296875,"['MACD柱狀圖轉正+RSI未超買', 'OBV突破均線', '動量加速', '上漲動能延續', '反轉可信度高', '價格結構反轉']",2026-01-30,3.271074514036043,0.0,40.0,40.0,75.0,45.0,55.0,283.0,278.0,2026-03-04,14.58,47.84,,,False,,
VZ,Verizon Communications Inc.,US,44.52000045776367,38.767456268310546,"['RSI超買風險', 'MACD為正', 'MACD柱狀圖為正', 'SAR翻多且趨勢向上', 'OBV突破均線且斜率為正', '成交量放大', '價格在20日均線之上', '價格在5日均線之上', '接近布林通道上軌風險', '短期和中期動量均為正', 'ADX趨勢不明', '均線多頭排列', '價格通道強勢向上', '成交量配合良好', '所有指標斜率向上', '相對強度強勁', '上漲動能極強', '支撐位薄弱', '趨勢反轉初步確認', '反轉強度極強', '短期動能未轉折', '價格結構反轉', '高波動風險', '適當進場時機', '放量上漲', 'RSI超買風險', 'MACD強勢多頭', '完美多頭排列', '布林通道超買區', '錘子線形態', '強勢長紅K', '上升底部結構', '接近突破阻力', '爆量確認', '價漲量增完美配合', '成交量多頭排列', '多時間框架強烈看多，建議積極進場', '月線趨勢良好，適合中長期持有', '週線支持上漲，中期看好', '日線短期強勢，進場時機良好', '多時間框架高度一致', '多重多頭訊號確認', '成交量確認']",76.83614966872517,0.3473436125990048,3.6034120489071237,41.380001068115234,55,謹慎觀望,謹慎觀望,28.349999999999998,低,1.0,2026-01-29,39.810001373291016,"['黃金交叉+放量', 'SAR翻多', '均線多頭排列', '價格通道向上', '相對強度為正', '上漲動能延續', '反轉強度強勁', '價格結構反轉']",2026-01-30,7.588205192357809,11.831195483536577,55.0,95.0,40.0,20.0,70.0,41.0,36.0,2026-03-04,7.91,3.07,,,False,,
CVX,Chevron Corporation,US,176.89999389648438,168.1999969482422,"['RSI超買風險', 'MACD為正', 'MACD柱狀圖為正', 'SAR翻多且趨勢向上', 'OBV突破均線且斜率為正', '成交量放大', '價格在20日均線之上', '價格在5日均線之上', '接近布林通道上軌風險', '短期和中期動量均為正', 'ADX趨勢不明', '均線完美多頭排列', '價格通道強勢向上', '成交量配合良好', '所有指標斜率向上', '相對強度強勁', '上漲動能極強', '支撐位薄弱', '趨勢反轉初步確認', '反轉強度極強', '短期動能未轉折', '價格結構反轉', '適當進場時機', '放量上漲', 'RSI超買風險', 'MACD強勢多頭', '完美多頭排列', '布林通道超買區', '錘子線形態', '強勢長紅K', '上升底部結構', '接近突破阻力', '明顯放量', '價漲量增良好配合', '成交量多頭排列', '多時間框架強烈看多，建議積極進場', '月線趨勢良好，適合中長期持有', '週線支持上漲，中期看好', '日線短期強勢，進場時機良好', '多時間框架高度一致', '多重多頭訊號確認', '成交量確認']",88.90063467371735,4.825659231424908,1.7332468359763011,160.0066665649414,70,謹慎觀望,謹慎觀望,29.61,低,4.0,2026-01-26,167.5,"['均線多頭排列', '價格通道向上', '相對強度為正', '上漲動能延續', '反轉強度強勁', '價格結構反轉']",2026-01-30,10.557889676857007,5.611936654617537,55.0,95.0,50.0,20.0,70.0,164.0,159.0,2026-03-04,7.29,12.69,,,False,,
T,AT&T Inc.,US,26.209999084472656,23.05900068283081,"['RSI超買風險', 'MACD為正', 'MACD柱狀圖為正', 'SAR翻多且趨勢向上', 'OBV突破均線且斜率為正', '成交量放大', '價格在20日均線之上', '價格在5日均線之上', '接近布林通道上軌風險', '短期和中期動量均為正', 'ADX趨勢不明', '價格通道強勢向上', '成交量配合良好', '動量加速', '所有指標斜率向上', '相對強度強勁', '上漲動能極強', '支撐位薄弱', '趨勢反轉初步確認', '反轉強度極強', '短期動能強勁轉折', '適當進場時機', '放量上漲', 'RSI超買風險', 'MACD強勢多頭', '短期多頭排列', '布林通道超買區', '強勢長紅K', '上升底部結構', '接近突破阻力', '明顯放量', '成交量多頭排列', '多時間框架看多，建議進場', '日線短期強勢，進場時機良好', '多時間框架高度一致', '多重多頭訊號確認', '成交量確認']",74.4040651360915,0.1169796435855055,1.5869612856099342,24.06999969482422,100,謹慎觀望,謹慎觀望,30.239999999999995,低,4.0,2026-01-26,23.450000762939453,"['價格通道向上', '動量加速', '相對強度為正', '上漲動能延續', '反轉強度強勁', '短期動能轉折']",2026-01-30,8.890732932201086,11.769715273933484,55.0,90.0,50.0,100.0,30.0,24.5,19.5,2026-03-04,6.52,1.7,,,False,,
CCL,Carnival Corporation & plc,US,30.020000457763672,27.81520023345947,"['RSI從超賣區反轉', 'MACD為正', 'SAR翻多且趨勢向上', 'OBV突破均線', '價格在5日均線之上', '短期和中期動量均為正', 'ADX趨勢不明', '成交量配合良好', '動量強勁加速', '所有指標斜率向上', '上漲動能良好', '趨勢反轉初步確認', '反轉可信度高', '短期動能未轉折', '價格結構反轉', '高波動風險', '測試關鍵支撐位', '價格低於關鍵均線', '布林通道理想位置', '錘子線形態', '錘子線形態', '強勢長紅K', '上升底部結構', '成交量多頭排列', '多時間框架看多，建議進場', '月線趨勢良好，適合中長期持有', '多時間框架較為一致', '多重多頭訊號確認', 'RSI+MACD同步']",37.39545472154302,0.02575080086933923,1.1724339342169918,28.31999969482422,70,謹慎觀望,謹慎觀望,76.5,高,0.0,2026-01-30,30.020000457763672,"['SAR翻多', '動量加速', '指標斜率向上', '上漲動能延續', '反轉可信度高', '價格結構反轉']",2026-01-30,6.002827617438662,0.0,50.0,55.0,75.0,20.0,55.0,25.5,20.5,2026-03-04,15.06,4.16,,,False,,
CSCO,"Cisco Systems, Inc.",US,78.31999969482422,74.39680862972737,"['RSI偏高', 'MACD為正', 'MACD柱狀圖為正', 'SAR翻多且趨勢向上', 'OBV突破均線', '成交量適中', '價格在20日均線之上', '價格在5日均線之上', '接近布林通道上軌風險', '短期和中期動量均為正', 'ADX趨勢不明', '均線多頭排列', '價格通道向上', '成交量配合良好', '動量加速', '所有指標斜率向上', '相對強度為正', '上漲動能良好', '趨勢反轉初步確認', '反轉強度極強', '反轉可信度高', '短期動能未轉折', '價格結構反轉', '進場時機不佳', 'MACD強勢多頭', '短期多頭排列', '布林通道超買區', '強勢長紅K', '錘子線形態', '接近關鍵支撐位', '上升底部結構', '接近突破阻力', '溫和放量', '成交量多頭排列', '多時間框架強烈看多，建議積極進場', '月線趨勢良好，適合中長期持有', '週線支持上漲，中期看好', '日線短期強勢，進場時機良好', '多時間框架高度一致', '多重多頭訊號確認', '接近抄底價位']",69.0721764356568,0.5086505213835437,1.391973463769458,76.3812801573971,70,謹慎觀望,謹慎觀望,41.160000000000004,中等,4.0,2026-01-26,77.01000213623047,"['MACD柱狀圖轉正+RSI未超買', '動量轉正', '均線多頭排列', '價格通道向上', '動量加速', '指標斜率向上', '相對強度為正', '上漲動能延續', '反轉強度強勁', '價格結構反轉']",2026-01-30,2.5382129409615093,1.7010745646732592,55.0,85.0,70.0,20.0,70.0,73.0,68.0,2026-03-04,6.79,5.32,,,False,,
